Date,Open,High,Low,Close,Volume,Dividends,Stock Splits
2019-01-02 00:00:00-05:00,36.9444693411881,37.88901287019494,36.78704481309749,37.66718673706055,148158800,0.0,0.0
2019-01-03 00:00:00-05:00,34.34220305872549,34.75723031072386,33.86993317854554,33.915252685546875,365248800,0.0,0.0
2019-01-04 00:00:00-05:00,34.473390406461,35.43224447060452,34.29927134520694,35.36307144165039,234428400,0.0,0.0
2019-01-07 00:00:00-05:00,35.46802090289458,35.49902975289931,34.80016233661309,35.284358978271484,219111200,0.0,0.0
2019-01-08 00:00:00-05:00,35.67314912223568,36.21220814004065,35.425089238657485,35.95698928833008,164101200,0.0,0.0
2019-01-09 00:00:00-05:00,36.0857875184234,36.858595734256404,35.689846005675946,36.56760025024414,180396400,0.0,0.0
2019-01-10 00:00:00-05:00,36.37440116943039,36.725026835800286,35.98322742702585,36.684478759765625,143122800,0.0,0.0
2019-01-11 00:00:00-05:00,36.465036431002055,36.660621462294706,36.13826068090229,36.32430648803711,108092800,0.0,0.0
2019-01-14 00:00:00-05:00,35.98084691352754,36.08102516483244,35.592057030970075,35.77810287475586,129756800,0.0,0.0
2019-01-15 00:00:00-05:00,35.842498368694265,36.58668161697159,35.790023535594074,36.51035690307617,114843600,0.0,0.0
2019-01-16 00:00:00-05:00,36.5127493606325,37.18060805161077,36.49366726780031,36.956398010253906,122278800,0.0,0.0
2019-01-17 00:00:00-05:00,36.77988566528837,37.605168764223066,36.55567565877573,37.17583084106445,119284800,0.0,0.0
2019-01-18 00:00:00-05:00,37.56700416186809,37.657643177830934,37.204451737553185,37.40481185913086,135004000,0.0,0.0
2019-01-22 00:00:00-05:00,37.30702320944919,37.38334794017175,36.40302772681457,36.565223693847656,121576000,0.0,0.0
2019-01-23 00:00:00-05:00,36.76796298779607,37.00409978164385,36.1835880239302,36.713104248046875,92522400,0.0,0.0
2019-01-24 00:00:00-05:00,36.758415034412614,36.84666650430049,36.193122296744185,36.42210006713867,101766000,0.0,0.0
2019-01-25 00:00:00-05:00,37.08519383855514,37.71727581628737,36.80851261930045,37.62902069091797,134142000,0.0,0.0
2019-01-28 00:00:00-05:00,37.1591291211258,37.28793230561794,36.65108262984457,37.28077697753906,104768400,0.0,0.0
2019-01-29 00:00:00-05:00,37.26885789319794,37.71727795602071,36.75842376107418,36.894378662109375,166348800,0.0,0.0
2019-01-30 00:00:00-05:00,38.938489934139284,39.63019825357158,38.21815666636422,39.415531158447266,244439200,0.0,0.0
2019-01-31 00:00:00-05:00,39.62067432753475,40.30999901721812,39.25096650804929,39.69938659667969,162958400,0.0,0.0
2019-02-01 00:00:00-05:00,39.823405927682096,40.30521497910826,39.577726330769984,39.71845626831055,130672400,0.0,0.0
2019-02-04 00:00:00-05:00,39.93073847800575,40.94445112849973,39.899729632280334,40.846656799316406,125982000,0.0,0.0
2019-02-05 00:00:00-05:00,41.230694378463326,41.76021070107952,41.10905011390356,41.54553985595703,144406400,0.0,0.0
2019-02-06 00:00:00-05:00,41.65763568434292,41.877077914727295,41.22830136807492,41.559844970703125,112958400,0.0,0.0
2019-02-07 00:00:00-05:00,41.120969988273146,41.48829392910484,40.629617895571144,40.77273178100586,126966800,0.0,0.0
2019-02-08 00:00:00-05:00,40.48048140134687,40.88051884510569,40.343939770856174,40.82063293457031,95280000,0.1825,0.0
2019-02-11 00:00:00-05:00,40.973935789221976,41.012263644587904,40.54275655421891,40.585872650146484,83973600,0.0,0.0
2019-02-12 00:00:00-05:00,40.746366266945294,40.96195403665914,40.650546637515156,40.935604095458984,89134000,0.0,0.0
2019-02-13 00:00:00-05:00,41.05538669141581,41.31648839690441,40.703257227808,40.76553726196289,89960800,0.0,0.0
2019-02-14 00:00:00-05:00,40.652956967864775,41.02424672424616,40.573907119850794,40.914058685302734,87342800,0.0,0.0
2019-02-15 00:00:00-05:00,41.021842566846736,41.12963645862106,40.6625271575021,40.823020935058594,98507200,0.0,0.0
2019-02-19 00:00:00-05:00,40.652954354801764,41.06736384489284,40.60025445951318,40.945194244384766,75891200,0.0,0.0
2019-02-20 00:00:00-05:00,41.00748246218403,41.517711661498375,40.959574458033266,41.20869827270508,104457600,0.0,0.0
2019-02-21 00:00:00-05:00,41.15359339271642,41.29013135127921,40.794277973667924,40.9763298034668,68998800,0.0,0.0
2019-02-22 00:00:00-05:00,41.10090285699931,41.44105442580746,41.05299485458833,41.433868408203125,75652800,0.0,0.0
2019-02-25 00:00:00-05:00,41.71892491494741,42.12854252874818,41.66861913782732,41.73569107055664,87493600,0.0,0.0
2019-02-26 00:00:00-05:00,41.6111238651416,41.99199734395085,41.481768263377155,41.759639739990234,68280800,0.0,0.0
2019-02-27 00:00:00-05:00,41.491360229083405,41.9201417853665,41.3763766370525,41.888999938964844,111341600,0.0,0.0
2019-02-28 00:00:00-05:00,41.75723988623331,41.898569725483924,41.42187667097745,41.47697067260742,112861600,0.0,0.0
2019-03-01 00:00:00-05:00,41.747655322032635,41.9560570694425,41.41468988811405,41.912940979003906,103544800,0.0,0.0
2019-03-04 00:00:00-05:00,42.08541329882588,42.57887250221398,41.67339803761648,42.123741149902344,109744800,0.0,0.0
2019-03-05 00:00:00-05:00,42.14531384899076,42.15968588435519,41.8099505181865,42.04710006713867,78949600,0.0,0.0
2019-03-06 00:00:00-05:00,41.841086791388626,42.03751432892731,41.66622095917077,41.80515670776367,83241600,0.0,0.0
2019-03-07 00:00:00-05:00,41.64944354333794,41.78598514646697,41.206290087267504,41.32126998901367,99185600,0.0,0.0
2019-03-08 00:00:00-05:00,40.79907367665731,41.45781867305242,40.602646141444055,41.419490814208984,95997600,0.0,0.0
2019-03-11 00:00:00-04:00,42.03751758258375,42.90705856992178,42.00398161688953,42.8543586730957,128044000,0.0,0.0
2019-03-12 00:00:00-04:00,43.117864127195766,43.75744533979824,42.966950433103655,43.33584976196289,129870400,0.0,0.0
2019-03-13 00:00:00-04:00,43.6568253981783,43.90834693397059,43.33823194019415,43.52747344970703,124130000,0.0,0.0
2019-03-14 00:00:00-04:00,44.05207451978656,44.099986172540426,43.73108691515278,44.0113525390625,94318000,0.0,0.0
2019-03-15 00:00:00-04:00,44.27962935075038,44.87369636714734,44.01373584800444,44.58384704589844,156171600,0.0,0.0
2019-03-18 00:00:00-04:00,44.50719538137975,45.12761234130544,44.5047976064224,45.03898239135742,104879200,0.0,0.0
2019-03-19 00:00:00-04:00,45.11804668584386,45.27135447137798,44.53595373184279,44.68207550048828,126585600,0.0,0.0
2019-03-20 00:00:00-04:00,44.610203971931234,45.39111845365516,44.25088856897222,45.07252502441406,124140800,0.0,0.0
2019-03-21 00:00:00-04:00,45.51809365248144,47.029613773316555,45.46778786859276,46.73257827758789,204136800,0.0,0.0
2019-03-22 00:00:00-04:00,46.79245696182492,47.355386016397915,45.7001384735137,45.76481628417969,169630800,0.0,0.0
2019-03-25 00:00:00-04:00,45.8750009912773,45.987586794024466,44.69884450164073,45.21146774291992,175381200,0.0,0.0
2019-03-26 00:00:00-04:00,45.910938157311506,46.20318171113243,44.21496862789286,44.74435806274414,199202000,0.0,0.0
2019-03-27 00:00:00-04:00,45.21385383599008,45.45579155258469,44.68685865475858,45.14678192138672,119393600,0.0,0.0
2019-03-28 00:00:00-04:00,45.26176285876922,45.40788460216888,44.921611382607544,45.206668853759766,83121600,0.0,0.0
2019-03-29 00:00:00-04:00,45.47257581418501,45.53246173234279,45.16356242960888,45.501319885253906,94256000,0.0,0.0
2019-04-01 00:00:00-04:00,45.90614925890964,45.91572939754674,45.12523820228959,45.810333251953125,111448000,0.0,0.0
2019-04-02 00:00:00-04:00,45.77439632648691,46.58166093233031,45.76481618851566,46.476261138916016,91062800,0.0,0.0
2019-04-03 00:00:00-04:00,46.29180253901243,47.07031926994019,46.267846716002644,46.79484558105469,93087200,0.0,0.0
2019-04-04 00:00:00-04:00,46.66070552108108,47.03918492301481,46.26545996448646,46.87629699707031,76457200,0.0,0.0
2019-04-05 00:00:00-04:00,47.058340465679805,47.214046001998675,46.933776767653775,47.19009017944336,74106400,0.0,0.0
2019-04-08 00:00:00-04:00,47.051148340748156,47.96380877236619,47.03198441622125,47.93267059326172,103526800,0.0,0.0
2019-04-09 00:00:00-04:00,47.98538322572627,48.59142833628125,47.72427788290095,47.78895568847656,143072800,0.0,0.0
2019-04-10 00:00:00-04:00,47.592516772539284,48.08597961820652,47.47274498240689,48.05723190307617,86781200,0.0,0.0
2019-04-11 00:00:00-04:00,48.1123426080529,48.14827269278017,47.53504154579498,47.65720748901367,83603200,0.0,0.0
2019-04-12 00:00:00-04:00,47.71708082657521,47.94225237858791,47.000847855339714,47.638031005859375,111042800,0.0,0.0
2019-04-15 00:00:00-04:00,47.568567990755454,47.87278938276906,47.432026385823875,47.72426986694336,70146400,0.0,0.0
2019-04-16 00:00:00-04:00,47.77937834588998,48.23690394243434,47.56378686640977,47.72907257080078,102785600,0.0,0.0
2019-04-17 00:00:00-04:00,47.798539974770605,48.718390400666316,47.57576612699448,48.658504486083984,115627200,0.0,0.0
2019-04-18 00:00:00-04:00,48.65610658617578,48.902836261214354,48.51238258463225,48.833370208740234,96783200,0.0,0.0
2019-04-22 00:00:00-04:00,48.58663111455801,49.09206828056482,48.46925342917841,48.99385452270508,77758000,0.0,0.0
2019-04-23 00:00:00-04:00,48.96990312097358,49.7651897366991,48.84294528794384,49.70051193237305,93292000,0.0,0.0
2019-04-24 00:00:00-04:00,49.67177503738128,49.94006277532569,49.59751708528212,49.62386703491211,70162400,0.0,0.0
2019-04-25 00:00:00-04:00,49.54481635866054,49.767590211237874,49.13519508582494,49.17352294921875,74172800,0.0,0.0
2019-04-26 00:00:00-04:00,49.08248664478764,49.10644246902589,48.41655566859494,48.93876266479492,74596400,0.0,0.0
2019-04-29 00:00:00-04:00,48.96272141555781,49.33880670680806,48.83336945066205,49.01302719116211,88818800,0.0,0.0
2019-04-30 00:00:00-04:00,48.64173450649097,48.72317847280483,47.69553779040756,48.0692253112793,186139600,0.0,0.0
2019-05-01 00:00:00-04:00,50.27541841873172,51.57613857993993,50.11971286557231,50.42872619628906,259309200,0.0,0.0
2019-05-02 00:00:00-04:00,50.26583730415948,50.93895435796423,49.856219720416995,50.10055160522461,127985200,0.0,0.0
2019-05-03 00:00:00-04:00,50.517350508621426,50.7449162014251,50.359250852723804,50.723358154296875,83569600,0.0,0.0
2019-05-06 00:00:00-04:00,48.93637491085356,50.02629934427642,48.74713701914192,49.9400634765625,129772400,0.0,0.0
2019-05-07 00:00:00-04:00,49.3172452883824,49.6861408820944,48.107549187236586,48.59382247924805,155054800,0.0,0.0
2019-05-08 00:00:00-04:00,48.36385375759845,49.18788436696664,48.327923677888684,48.603397369384766,105358000,0.0,0.0
2019-05-09 00:00:00-04:00,48.004547735448746,48.3111633261349,47.10865679131575,48.08120346069336,139634400,0.0,0.0
2019-05-10 00:00:00-04:00,47.47282091670573,47.81668937591435,46.35465492765193,47.41510772705078,164834800,0.1925,0.0
2019-05-13 00:00:00-04:00,45.137895491396044,45.563517867734376,43.96923004047758,44.659366607666016,229722400,0.0,0.0
2019-05-14 00:00:00-04:00,44.825288079430855,45.61641996040873,44.58482197139578,45.366336822509766,146118800,0.0,0.0
2019-05-15 00:00:00-04:00,44.79162407678541,46.10937735396515,44.731507548292626,45.9097900390625,106178800,0.0,0.0
2019-05-16 00:00:00-04:00,45.66691920631592,46.282511852423546,45.40961871090756,45.70779800415039,132125600,0.0,0.0
2019-05-17 00:00:00-04:00,44.95033813919872,45.90498910092616,44.90945933174919,45.44810485839844,131516400,0.0,0.0
2019-05-20 00:00:00-04:00,44.13035319880749,44.32994056316762,43.351241475558346,44.02695083618164,154449200,0.0,0.0
2019-05-21 00:00:00-04:00,44.539123530988135,45.20761887831059,44.414080153517354,44.870967864990234,113459200,0.0,0.0
2019-05-22 00:00:00-04:00,44.404481572960684,44.65697177245535,43.89709783331378,43.9524040222168,118994400,0.0,0.0
2019-05-23 00:00:00-04:00,43.23580591564947,43.41374848300139,42.7572770512826,43.20214080810547,146118800,0.0,0.0
2019-05-24 00:00:00-04:00,43.331996683151345,43.798501570942584,42.95205975050922,43.036224365234375,94858800,0.0,0.0
2019-05-28 00:00:00-04:00,43.024187091867894,43.425764972479854,42.781317691752896,42.8582649230957,111792800,0.0,0.0
2019-05-29 00:00:00-04:00,42.42303577991815,43.12760347481568,42.32204044189754,42.65388488769531,113924800,0.0,0.0
2019-05-30 00:00:00-04:00,42.790938400747095,43.09873469103787,42.48314211045631,42.87510299682617,84873600,0.0,0.0
2019-05-31 00:00:00-04:00,42.377345671561514,42.80056841474609,42.079170014378214,42.09840774536133,108174400,0.0,0.0
2019-06-03 00:00:00-04:00,42.22584802449842,42.78372746053402,40.94416328950052,41.67277526855469,161584400,0.0,0.0
2019-06-04 00:00:00-04:00,42.18737357893377,43.24301962137067,41.96614520510156,43.197330474853516,123872000,0.0,0.0
2019-06-05 00:00:00-04:00,44.313096206729206,44.4838287660272,43.55803273828841,43.894683837890625,119093600,0.0,0.0
2019-06-06 00:00:00-04:00,44.02453762991812,44.59925150916613,43.800902230627514,44.53913497924805,90105200,0.0,0.0
2019-06-07 00:00:00-04:00,44.84933945543663,46.150262182600216,44.671396856151546,45.72463607788086,122737600,0.0,0.0
2019-06-10 00:00:00-04:00,46.12380384406638,46.97986260621601,46.07811469621767,46.308963775634766,104883600,0.0,0.0
2019-06-11 00:00:00-04:00,46.85722362360786,47.13135482633914,46.55423766350111,46.84519958496094,107731600,0.0,0.0
2019-06-12 00:00:00-04:00,46.63840040022024,47.124142960424194,46.503739968295555,46.69611358642578,73012800,0.0,0.0
2019-06-13 00:00:00-04:00,46.818750011804745,47.32132329173808,46.55423949726058,46.686492919921875,86698400,0.0,0.0
2019-06-14 00:00:00-04:00,46.06128734882138,46.55183663331729,45.760704690148856,46.347442626953125,75046000,0.0,0.0
2019-06-17 00:00:00-04:00,46.38591107699715,46.88127434494972,46.21037184436044,46.62397384643555,58676400,0.0,0.0
2019-06-18 00:00:00-04:00,47.143383723727425,48.162957727769786,46.941393062838486,47.72050094604492,106204000,0.0,0.0
2019-06-19 00:00:00-04:00,48.016271056397336,48.06436721374744,47.44636755017082,47.58102798461914,84496800,0.0,0.0
2019-06-20 00:00:00-04:00,48.18219264543537,48.23990583198723,47.61950283613574,47.96337127685547,86056000,0.0,0.0
2019-06-21 00:00:00-04:00,47.80466844335108,48.29762475468286,47.64836325383406,47.79985809326172,191202400,0.0,0.0
2019-06-24 00:00:00-04:00,47.74214550453341,48.131703143821035,47.65317420747451,47.751766204833984,72881600,0.0,0.0
2019-06-25 00:00:00-04:00,47.715687454109734,47.915274761567105,46.960624031175655,47.027957916259766,84281200,0.0,0.0
2019-06-26 00:00:00-04:00,47.55698952746387,48.33129079167597,47.455994188986914,48.045135498046875,104270000,0.0,0.0
2019-06-27 00:00:00-04:00,48.16295410472733,48.47075409192723,47.989821886433354,48.03070068359375,83598800,0.0,0.0
2019-06-28 00:00:00-04:00,47.775808661886465,47.972992648535545,47.38385136739792,47.593055725097656,124442400,0.0,0.0
2019-07-01 00:00:00-04:00,48.85549628418299,49.17291329213038,48.24952069487889,48.4659423828125,109012000,0.0,0.0
2019-07-02 00:00:00-04:00,48.432285247944804,48.84588729468157,48.42026120732135,48.749698638916016,67740800,0.0,0.0
2019-07-03 00:00:00-04:00,48.881951013003054,49.16089258387397,48.74007688736449,49.15367889404297,45448000,0.0,0.0
2019-07-05 00:00:00-04:00,48.8987896367962,49.314795019704455,48.79057694151647,49.11039733886719,69062000,0.0,0.0
2019-07-08 00:00:00-04:00,48.28799286408775,48.42986697045831,47.7108757406563,48.098026275634766,101354400,0.0,0.0
2019-07-09 00:00:00-04:00,47.9008464837811,48.45632258883776,47.807064851358824,48.39139938354492,82312000,0.0,0.0
2019-07-10 00:00:00-04:00,48.538085716282815,48.990159507500714,48.468348489697576,48.86992645263672,71588400,0.0,0.0
2019-07-11 00:00:00-04:00,48.88917616608552,49.14888006856041,48.50443249774025,48.5140495300293,80767200,0.0,0.0
2019-07-12 00:00:00-04:00,48.682363051255486,49.055086254188005,48.62224652398319,48.88676071166992,70380800,0.0,0.0
2019-07-15 00:00:00-04:00,49.07672573392334,49.50475510070153,49.05508466541941,49.34605026245117,67789600,0.0,0.0
2019-07-16 00:00:00-04:00,49.19695692461936,49.56246641216046,48.93484976472365,49.175315856933594,67467200,0.0,0.0
2019-07-17 00:00:00-04:00,49.067114007407184,49.317197165331336,48.87955072165859,48.89878845214844,56430000,0.0,0.0
2019-07-18 00:00:00-04:00,49.0550833668815,49.50716079951146,48.98294280455651,49.45425796508789,74162400,0.0,0.0
2019-07-19 00:00:00-04:00,49.4855170921148,49.65624963752938,48.660720130548256,48.716026306152344,83717200,0.0,0.0
2019-07-22 00:00:00-04:00,48.97092938784009,49.83179863474039,48.96131235641413,49.82939529418945,89111600,0.0,0.0
2019-07-23 00:00:00-04:00,50.12756991734035,50.23577893949856,49.84622132281841,50.21894454956055,73420800,0.0,0.0
2019-07-24 00:00:00-04:00,49.93759253395956,50.29348132023345,49.81735948880555,50.17805862426758,59966400,0.0,0.0
2019-07-25 00:00:00-04:00,50.23097008300407,50.31513469675261,49.711562358136355,49.78129959106445,55638400,0.0,0.0
2019-07-26 00:00:00-04:00,49.89190228137479,50.43295097254841,49.81014469309944,49.95442581176758,70475600,0.0,0.0
2019-07-29 00:00:00-04:00,50.127567487848594,50.651781852516805,50.12275713821061,50.42093276977539,86693600,0.0,0.0
2019-07-30 00:00:00-04:00,50.19970701461211,50.53636179168531,49.85103186664713,50.20451736450195,135742800,0.0,0.0
2019-07-31 00:00:00-04:00,52.04167757423722,53.231984141806734,50.81049220631971,51.22890090942383,277125600,0.0,0.0
2019-08-01 00:00:00-04:00,51.43569589333076,52.42882203289072,49.71396145377212,50.12034606933594,216071600,0.0,0.0
2019-08-02 00:00:00-04:00,49.423004736320536,49.63942279145988,48.485188271753984,49.05990219116211,163448400,0.0,0.0
2019-08-05 00:00:00-04:00,47.60988794051476,47.76859278950879,46.30896536379563,46.49171829223633,209572000,0.0,0.0
2019-08-06 00:00:00-04:00,47.205903960136595,47.62912668439035,46.660044834225765,47.371826171875,143299200,0.0,0.0
2019-08-07 00:00:00-04:00,46.989480114814164,47.987412933098355,46.607139907548586,47.862369537353516,133457600,0.0,0.0
2019-08-08 00:00:00-04:00,48.14131759767527,48.94207023600368,47.9465406230698,48.91802215576172,108038000,0.0,0.0
2019-08-09 00:00:00-04:00,48.589746417288495,48.94215880426404,48.104570742537604,48.51491928100586,98478800,0.1925,0.0
2019-08-12 00:00:00-04:00,48.184217041332516,48.770771658082005,48.070768281779365,48.39180374145508,89927600,0.0,0.0
2019-08-13 00:00:00-04:00,48.52215578886301,51.20629728712029,48.39180866824261,50.441123962402344,188874000,0.0,0.0
2019-08-14 00:00:00-04:00,49.038709620881995,49.830434885675274,48.90112139903579,48.93974304199219,146189600,0.0,0.0
2019-08-15 00:00:00-04:00,49.111122997470645,49.516639188429856,48.196291730051655,48.69594955444336,108909600,0.0,0.0
2019-08-16 00:00:00-04:00,49.309050195608584,50.00422498598846,49.202842526726954,49.844913482666016,110481600,0.0,0.0
2019-08-19 00:00:00-04:00,50.839408475649094,51.34871996268929,50.696995288313914,50.77423858642578,97654400,0.0,0.0
2019-08-20 00:00:00-04:00,50.902167989034204,51.498376326278965,50.766995904716254,50.776649475097656,107537200,0.0,0.0
2019-08-21 00:00:00-04:00,51.41148024517958,51.57078809946498,51.07596250106639,51.326995849609375,86141600,0.0,0.0
2019-08-22 00:00:00-04:00,51.459756472568834,51.76148120099924,50.87078921336657,51.28355026245117,89014800,0.0,0.0
2019-08-23 00:00:00-04:00,50.55216358539117,51.18458108887087,48.51733388729023,48.9131965637207,187272000,0.0,0.0
2019-08-26 00:00:00-04:00,49.69043218297926,50.011467671142654,49.497327659168484,49.84250259399414,104174400,0.0,0.0
2019-08-27 00:00:00-04:00,50.17319854857676,50.339751177221146,49.12802371480747,49.280094146728516,103493200,0.0,0.0
2019-08-28 00:00:00-04:00,49.265603752216656,49.65663773133083,49.07732785981632,49.610774993896484,63755200,0.0,0.0
2019-08-29 00:00:00-04:00,50.32768042308482,50.52561359602424,49.883542544557216,50.450782775878906,83962000,0.0,0.0
2019-08-30 00:00:00-04:00,50.72836746477032,50.798365969361676,50.013881807829335,50.3856086730957,84573600,0.0,0.0
2019-09-03 00:00:00-04:00,49.82802734858885,49.96078696723515,49.294580085250836,49.65182113647461,80092000,0.0,0.0
2019-09-04 00:00:00-04:00,50.30111623432808,50.56421922702357,50.04284186698499,50.49422073364258,76752400,0.0,0.0
2019-09-05 00:00:00-04:00,51.1725100264582,51.64802845673445,51.054232616024436,51.481475830078125,95654800,0.0,0.0
2019-09-06 00:00:00-04:00,51.6673270103131,51.756636323274535,51.29560019903193,51.47663497924805,77449200,0.0,0.0
2019-09-09 00:00:00-04:00,51.858013016878616,52.2442220038342,50.94801421462112,51.6962890625,109237600,0.0,0.0
2019-09-10 00:00:00-04:00,51.6214664352954,52.32629476709724,51.10250151690624,52.306983947753906,127111600,0.0,0.0
2019-09-11 00:00:00-04:00,52.637686761033,53.999068478984455,52.55561484229116,53.97010040283203,177158400,0.0,0.0
2019-09-12 00:00:00-04:00,54.26217203041021,54.65320607197565,53.79389469595321,53.84941101074219,128906800,0.0,0.0
2019-09-13 00:00:00-04:00,53.103543526785714,53.294231903404,52.384232923026595,52.80181884765625,159053200,0.0,0.0
2019-09-16 00:00:00-04:00,52.55562066515859,53.13493437127421,52.51458654282278,53.07941436767578,84632400,0.0,0.0
2019-09-17 00:00:00-04:00,53.09389186931263,53.30147860335445,52.89113007843354,53.27251052856445,73274800,0.0,0.0
2019-09-18 00:00:00-04:00,53.359406218345356,53.79147802752684,52.96837220728765,53.77216720581055,101360000,0.0,0.0
2019-09-19 00:00:00-04:00,53.588711880171566,54.011126402538544,53.192849275108436,53.33526611328125,88242400,0.0,0.0
2019-09-20 00:00:00-04:00,53.43665281133341,53.72147916215501,52.49285705934677,52.55561447143555,221652400,0.0,0.0
2019-09-23 00:00:00-04:00,52.85009486276398,53.06492269024206,52.536300455068584,52.794578552246094,76662000,0.0,0.0
2019-09-24 00:00:00-04:00,53.352160697598734,53.70457671917052,52.425263431034026,52.54353713989258,124763200,0.0,0.0
2019-09-25 00:00:00-04:00,52.75354825236944,53.46561782079942,52.413201900566875,53.352169036865234,87613600,0.0,0.0
2019-09-26 00:00:00-04:00,53.103555404032456,53.3304530027922,52.821141483181535,53.077003479003906,75334000,0.0,0.0
2019-09-27 00:00:00-04:00,53.23389157716284,53.33527431931226,52.44699487179342,52.818721771240234,101408000,0.0,0.0
2019-09-30 00:00:00-04:00,53.320790934579435,54.20907042366248,53.294239011947965,54.06182861328125,103909600,0.0,0.0
2019-10-01 00:00:00-04:00,54.32733647750223,55.08768113804096,54.11733361218703,54.21147155761719,139223200,0.0,0.0
2019-10-02 00:00:00-04:00,53.842159365182496,53.96767784996174,52.60388023191029,52.85250473022461,138449200,0.0,0.0
2019-10-03 00:00:00-04:00,52.72457818852778,53.33527235801911,51.928027942473314,53.30147933959961,114426000,0.0,0.0
2019-10-04 00:00:00-04:00,54.464923276753645,54.91147725992179,54.04250874035877,54.79561233520508,138478800,0.0,0.0
2019-10-07 00:00:00-04:00,54.616997468728556,55.50044456107499,54.5132022602144,54.80768585205078,122306000,0.0,0.0
2019-10-08 00:00:00-04:00,54.508369894441785,55.04905810759887,54.148712787312526,54.16560745239258,111820000,0.0,0.0
2019-10-09 00:00:00-04:00,54.80044174194336,54.98388901728139,54.464924052724605,54.80044174194336,74770400,0.0,0.0
2019-10-10 00:00:00-04:00,55.01767760807332,55.62354306025497,54.8656108895864,55.539058685302734,113013600,0.0,0.0
2019-10-11 00:00:00-04:00,56.22941883735513,57.361490591297425,56.074935925967964,57.016319274902344,166795600,0.0,0.0
2019-10-14 00:00:00-04:00,56.70009978999221,57.479759006706715,56.6445834807475,56.93423843383789,96427600,0.0,0.0
2019-10-15 00:00:00-04:00,57.05976522934613,57.36390242184985,56.695283092707,56.801490783691406,87360000,0.0,0.0
2019-10-16 00:00:00-04:00,56.33079430842692,56.78217697135607,56.289760190553885,56.572174072265625,73903200,0.0,0.0
2019-10-17 00:00:00-04:00,56.74596922462551,57.00183119142603,56.36700490110861,56.791831970214844,67585200,0.0,0.0
2019-10-18 00:00:00-04:00,56.62527373373863,57.347000500262524,56.55285907330156,57.0645866394043,97433600,0.0,0.0
2019-10-21 00:00:00-04:00,57.332525634188215,58.17011375459098,57.284250415446216,58.05424880981445,87247200,0.0,0.0
2019-10-22 00:00:00-04:00,58.21114086159737,58.46217417871,57.83941398742584,57.921485900878906,82293600,0.0,0.0
2019-10-23 00:00:00-04:00,58.438043559363464,58.713216348749675,58.22562818399061,58.69873046875,75828800,0.0,0.0
2019-10-24 00:00:00-04:00,59.0197541995467,59.08975638114087,58.368029690100016,58.79527282714844,69275200,0.0,0.0
2019-10-25 00:00:00-04:00,58.69389477739261,59.55561847984667,58.62630874908885,59.519412994384766,73477200,0.0,0.0
2019-10-28 00:00:00-04:00,59.72218090864965,60.163906319797626,59.5532158100812,60.115631103515625,96572800,0.0,0.0
2019-10-29 00:00:00-04:00,60.09631191960024,60.284587815120595,58.55148311451977,58.72527313232422,142839600,0.0,0.0
2019-10-30 00:00:00-04:00,59.080110114785,59.21045725080775,58.223214893254514,58.718040466308594,124522000,0.0,0.0
2019-10-31 00:00:00-04:00,59.67873301175698,60.144594179260395,57.26976036220758,60.04562759399414,139162000,0.0,0.0
2019-11-01 00:00:00-04:00,60.23391029989689,61.776326988235674,60.14218848558204,61.749778747558594,151125200,0.0,0.0
2019-11-04 00:00:00-05:00,62.114243271220836,62.23976544646401,61.64355721303343,62.15528106689453,103272000,0.0,0.0
2019-11-05 00:00:00-05:00,62.046660684411236,62.32183713033984,61.87045818450192,62.065975189208984,79897600,0.0,0.0
2019-11-06 00:00:00-05:00,61.979080511017536,62.152874239005016,61.641150308354646,62.092529296875,75864400,0.0,0.0
2019-11-07 00:00:00-05:00,62.64209424295783,63.03188619477791,62.48956727869956,62.809146881103516,94940400,0.1925,0.0
2019-11-08 00:00:00-05:00,62.62999800624924,63.05368077510986,62.18452672446015,62.98105239868164,69986400,0.0,0.0
2019-11-11 00:00:00-05:00,62.53558022626101,63.54515909416124,62.530740796809994,63.479793548583984,81821200,0.0,0.0
2019-11-12 00:00:00-05:00,63.3224015031718,63.622615976856245,63.16988194074057,63.42166519165039,87388800,0.0,0.0
2019-11-13 00:00:00-05:00,63.22071494695453,64.1043944145489,63.20618927591542,64.02934265136719,102734400,0.0,0.0
2019-11-14 00:00:00-05:00,63.85502838916603,64.12860751285092,63.455557651338694,63.58629608154297,89182800,0.0,0.0
2019-11-15 00:00:00-05:00,63.838093459620026,64.34651423338288,63.67588763125635,64.3416748046875,100206400,0.0,0.0
2019-11-18 00:00:00-05:00,64.35135933282704,64.7459907652778,63.97126096462461,64.66609954833984,86703200,0.0,0.0
2019-11-19 00:00:00-05:00,64.85977819443546,64.88399011619691,64.25210107233796,64.4699935913086,76167200,0.0,0.0
2019-11-20 00:00:00-05:00,64.28841791467877,64.41914899839321,63.04399749149265,63.7194709777832,106234400,0.0,0.0
2019-11-21 00:00:00-05:00,63.84051815670652,63.91799334804073,63.23283366911773,63.43378448486328,121395200,0.0,0.0
2019-11-22 00:00:00-05:00,63.574205358351634,63.71704609436151,63.15052257938561,63.37810134887695,65325200,0.0,0.0
2019-11-25 00:00:00-05:00,63.60325387830914,64.50630607825897,63.557253444708095,64.4893569946289,84020400,0.0,0.0
2019-11-26 00:00:00-05:00,64.62735403967461,64.68061730726099,63.55240983088835,63.98577880859375,105207600,0.0,0.0
2019-11-27 00:00:00-05:00,64.2980945863872,64.87915115912348,64.23272904675291,64.84525299072266,65235600,0.0,0.0
2019-11-29 00:00:00-05:00,64.54504904856904,64.88399380718693,64.37557297503929,64.7024154663086,46617600,0.0,0.0
2019-12-02 00:00:00-05:00,64.70724493258149,64.9445099213031,63.782411673986815,63.95430374145508,94487200,0.0,0.0
2019-12-03 00:00:00-05:00,62.5379889753423,62.83335664833734,62.04894073152174,62.81399154663086,114430400,0.0,0.0
2019-12-04 00:00:00-05:00,63.2062137948775,63.748525426548454,63.11178950805523,63.3684196472168,67181600,0.0,0.0
2019-12-05 00:00:00-05:00,63.86473406321347,64.37315487896743,63.608103940788965,64.298095703125,74424400,0.0,0.0
2019-12-06 00:00:00-05:00,64.75809983675708,65.61030482632285,64.71451542128803,65.54009246826172,106075600,0.0,0.0
2019-12-09 00:00:00-05:00,65.36818343702319,65.5618639881275,64.1358730136565,64.62250518798828,128042400,0.0,0.0
2019-12-10 00:00:00-05:00,65.0292573457689,65.38515118607975,64.36588612252761,65.00020599365234,90420400,0.0,0.0
2019-12-11 00:00:00-05:00,65.08008103699717,65.63450216356425,65.00502926653556,65.55460357666016,78756800,0.0,0.0
2019-12-12 00:00:00-05:00,64.8307219276027,65.98798077100976,64.71935596207432,65.72166442871094,137310400,0.0,0.0
2019-12-13 00:00:00-05:00,65.72164744380439,66.65132729884155,65.59333242864547,66.6150131225586,133587600,0.0,0.0
2019-12-16 00:00:00-05:00,67.06292546975874,67.98050330577985,67.05808604111581,67.75534057617188,128186000,0.0,0.0
2019-12-17 00:00:00-05:00,67.68514480049657,68.21777017270394,67.49871964004858,67.88851165771484,114158400,0.0,0.0
2019-12-18 00:00:00-05:00,67.7408058848383,68.24922658541561,67.5761766716044,67.72628021240234,116028400,0.0,0.0
2019-12-19 00:00:00-05:00,67.66819860784388,68.07493233966673,67.5350441062106,67.7940902709961,98369200,0.0,0.0
2019-12-20 00:00:00-05:00,68.32913707494946,68.43081679971336,67.44061055116062,67.6536636352539,275978000,0.0,0.0
2019-12-23 00:00:00-05:00,67.9175421502228,68.81817074896584,67.87880456239694,68.75764465332031,98572000,0.0,0.0
2019-12-24 00:00:00-05:00,68.92471568321903,68.97313952804878,68.49619347139719,68.82302856445312,48478800,0.0,0.0
2019-12-26 00:00:00-05:00,68.95618873131151,70.2054485347973,68.92713738051157,70.1884994506836,93121200,0.0,0.0
2019-12-27 00:00:00-05:00,70.4814295468407,71.17142854300083,69.75511636950155,70.16184997558594,146266000,0.0,0.0
2019-12-30 00:00:00-05:00,70.07955822664286,70.86155832914824,69.05303763215029,70.57829284667969,144114400,0.0,0.0
2019-12-31 00:00:00-05:00,70.19333485764807,71.10122646033071,70.09407115580855,71.09396362304688,100805600,0.0,0.0
2020-01-02 00:00:00-05:00,71.72101896406637,72.77659819422657,71.46681225027338,72.71607208251953,135480400,0.0,0.0
2020-01-03 00:00:00-05:00,71.94132818321717,72.77174458511139,71.7839617851537,72.00911712646484,146322800,0.0,0.0
2020-01-06 00:00:00-05:00,71.12785100771227,72.62163096070418,70.87606037263818,72.58289337158203,118387200,0.0,0.0
2020-01-07 00:00:00-05:00,72.59261663147193,72.849246825379,72.02125352456737,72.24156951904297,108872000,0.0,0.0
2020-01-08 00:00:00-05:00,71.943758846659,73.70627893727402,71.943758846659,73.40364837646484,132079200,0.0,0.0
2020-01-09 00:00:00-05:00,74.3841659131879,75.15647966923257,74.13238261481911,74.96279907226562,170108400,0.0,0.0
2020-01-10 00:00:00-05:00,75.19765137920673,75.69880941545972,74.6287043855216,75.13227844238281,140644800,0.0,0.0
2020-01-13 00:00:00-05:00,75.44943665950792,76.76406209011934,75.33080045122755,76.7374267578125,121532000,0.0,0.0
2020-01-14 00:00:00-05:00,76.67448999643469,76.88511970700802,75.57775702296071,75.70122528076172,161954400,0.0,0.0
2020-01-15 00:00:00-05:00,75.50029909979953,76.38397915592734,74.94345424816383,75.37682342529297,121923600,0.0,0.0
2020-01-16 00:00:00-05:00,75.92152071901803,76.43236486391163,75.55836410557868,76.32099151611328,108829200,0.0,0.0
2020-01-17 00:00:00-05:00,76.57036474816839,77.16836298058836,76.26289478458983,77.16594696044922,137816400,0.0,0.0
2020-01-21 00:00:00-05:00,76.79310129941813,77.23614913553814,76.5049964495613,76.64299774169922,110843200,0.0,0.0
2020-01-22 00:00:00-05:00,77.12964119289799,77.4710093927943,76.82217116630478,76.91659545898438,101832400,0.0,0.0
2020-01-23 00:00:00-05:00,76.96984634011159,77.3668937772688,76.42026453610515,77.28700256347656,104472000,0.0,0.0
2020-01-24 00:00:00-05:00,77.5339532626897,78.27963174807223,76.8730054274966,77.06427001953125,146537600,0.0,0.0
2020-01-27 00:00:00-05:00,75.06689673049003,75.48089322464955,73.81279759380895,74.79816436767578,161940000,0.0,0.0
2020-01-28 00:00:00-05:00,75.68183593003438,77.08603847633346,75.58257224071698,76.91414642333984,162234000,0.0,0.0
2020-01-29 00:00:00-05:00,78.55075946604772,79.37391277996518,77.80749733687317,78.52412414550781,216229200,0.0,0.0
2020-01-30 00:00:00-05:00,77.60416527632543,78.46363314950943,77.17079622640016,78.41036987304688,126743200,0.0,0.0
2020-01-31 00:00:00-05:00,77.69857485901245,78.12225762194025,74.63837863048332,74.93374633789062,199588400,0.0,0.0
2020-02-03 00:00:00-05:00,73.67237193822604,75.89731214570682,73.16879799630816,74.72795104980469,173788400,0.0,0.0
2020-02-04 00:00:00-05:00,76.33796302533938,77.38627956164633,75.93122927201843,77.19501495361328,136616400,0.0,0.0
2020-02-05 00:00:00-05:00,78.32562106551018,78.62583557722229,77.21920945636545,77.82447052001953,118826800,0.0,0.0
2020-02-06 00:00:00-05:00,78.09563507421905,78.73721039613278,77.53637437960353,78.73478698730469,105425600,0.0,0.0
2020-02-07 00:00:00-05:00,78.23242636976711,78.48238543817546,77.17192034743294,77.66455841064453,117684000,0.1925,0.0
2020-02-10 00:00:00-05:00,76.24490381310511,78.033447265625,76.1648229834898,78.033447265625,109348800,0.0,0.0
2020-02-11 00:00:00-05:00,78.53093164624849,78.60373238920275,77.34422769426291,77.56263732910156,94323200,0.0,0.0
2020-02-12 00:00:00-05:00,78.01404068842541,79.40944533661985,78.01404068842541,79.40459442138672,113730400,0.0,0.0
2020-02-13 00:00:00-05:00,78.67412186901794,79.16676004463604,78.47027235558737,78.83914184570312,94747600,0.0,0.0
2020-02-14 00:00:00-05:00,78.80757547409223,79.10850246780329,78.34891601878451,78.8585433959961,80113600,0.0,0.0
2020-02-18 00:00:00-05:00,76.53124149343974,77.59660579717271,76.34923225388421,77.41459655761719,152531200,0.0,0.0
2020-02-19 00:00:00-05:00,77.65728500864738,78.76632988761132,77.65728500864738,78.53578186035156,93984000,0.0,0.0
2020-02-20 00:00:00-05:00,78.29554123010857,78.78575023333428,77.22289659591061,77.73009490966797,100566000,0.0,0.0
2020-02-21 00:00:00-05:00,77.32238890983989,77.76649566805042,75.35183643347615,75.97066497802734,129554000,0.0,0.0
2020-02-24 00:00:00-05:00,72.13876186738017,73.81809639904387,70.19004979476811,72.36202239990234,222195200,0.0,0.0
2020-02-25 00:00:00-05:00,73.03425797216033,73.41768758581995,69.4377529242665,69.91097259521484,230673600,0.0,0.0
2020-02-26 00:00:00-05:00,69.53482499231708,72.28923357582319,69.5275449173606,71.02001953125,198054800,0.0,0.0
2020-02-27 00:00:00-05:00,68.21707461192374,69.40620033933959,66.24166381662789,66.3775634765625,320605600,0.0,0.0
2020-02-28 00:00:00-05:00,62.43159658691093,67.5642555180985,62.21560874045817,66.3387222290039,426510000,0.0,0.0
2020-03-02 00:00:00-05:00,68.5034460821462,73.15317785016722,67.39683013967526,72.51493072509766,341397200,0.0,0.0
2020-03-03 00:00:00-05:00,73.69433636090781,73.77441717355254,69.35765634090362,70.2118911743164,319475600,0.0,0.0
2020-03-04 00:00:00-05:00,71.93977581539738,73.62881987433597,71.13650877871662,73.4686508178711,219178400,0.0,0.0
2020-03-05 00:00:00-05:00,71.71648489537382,72.69448082569463,70.71907790652914,71.08552551269531,187572800,0.0,0.0
2020-03-06 00:00:00-05:00,68.43548440571074,70.5759151634938,68.24862422437134,70.14151763916016,226176800,0.0,0.0
2020-03-09 00:00:00-04:00,64.00657807727688,67.4865936042117,63.82456885051685,64.59386444091797,286744800,0.0,0.0
2020-03-10 00:00:00-04:00,67.25608395618609,69.51299644350358,65.37046275999084,69.24604797363281,285290000,0.0,0.0
2020-03-11 00:00:00-04:00,67.31674360006403,68.24620108036899,65.97472137640763,66.8410873413086,255598800,0.0,0.0
2020-03-12 00:00:00-04:00,62.11126834135515,65.52333473547242,60.18439634961911,60.240211486816406,418474000,0.0,0.0
2020-03-13 00:00:00-04:00,64.28324334840872,67.93070839286551,61.38565181622262,67.45748138427734,370732000,0.0,0.0
2020-03-16 00:00:00-04:00,58.71619032815072,62.87327957704444,58.24296696218062,58.77928924560547,322423600,0.0,0.0
2020-03-17 00:00:00-04:00,60.06548857627604,62.516544687820904,57.854682347294336,61.36382293701172,324056000,0.0,0.0
2020-03-18 00:00:00-04:00,58.18714213130372,60.66974714775329,57.544040589745045,59.86162567138672,300233600,0.0,0.0
2020-03-19 00:00:00-04:00,60.036365596883776,61.35896558109421,58.87636011980493,59.40297317504883,271857200,0.0,0.0
2020-03-20 00:00:00-04:00,59.98541147221811,61.113871383188844,55.33082863063687,55.631752014160156,401693200,0.0,0.0
2020-03-23 00:00:00-04:00,55.35022704591594,55.452151782075894,51.59598260057971,54.449886322021484,336752800,0.0,0.0
2020-03-24 00:00:00-04:00,57.359620632722056,60.10917472444294,56.859702380225244,59.91260528564453,287531200,0.0,0.0
2020-03-25 00:00:00-04:00,60.851767993758266,62.67186075528643,59.28648895944169,59.582557678222656,303602000,0.0,0.0
2020-03-26 00:00:00-04:00,59.82523444541299,62.77620858330938,59.78640491258839,62.71796798706055,252087200,0.0,0.0
2020-03-27 00:00:00-04:00,61.33712415208677,62.09428153233142,59.95385443702902,60.12130355834961,204216800,0.0,0.0
2020-03-30 00:00:00-04:00,60.849342024154396,62.0093475048291,60.52414930589501,61.83704376220703,167976400,0.0,0.0
2020-03-31 00:00:00-04:00,62.02876624051435,63.70082103256645,61.15512018524407,61.710853576660156,197002000,0.0,0.0
2020-04-01 00:00:00-04:00,59.82037323829742,60.35912091217952,58.03183020107801,58.46379852294922,176218400,0.0,0.0
2020-04-02 00:00:00-04:00,58.32547715782636,59.49276269917482,57.49066070248686,59.43937301635742,165934000,0.0,0.0
2020-04-03 00:00:00-04:00,58.92247157470053,59.62623930857482,57.99301040837071,58.585147857666016,129880000,0.0,0.0
2020-04-06 00:00:00-04:00,60.88815938708916,63.85126789213967,60.519289974644046,63.69595718383789,201820400,0.0,0.0
2020-04-07 00:00:00-04:00,65.7174729657415,65.93588999958892,62.85386360925453,62.958213806152344,202887200,0.0,0.0
2020-04-08 00:00:00-04:00,63.76147775323179,64.88508270225176,63.395037501230945,64.5696029663086,168895200,0.0,0.0
2020-04-09 00:00:00-04:00,65.20786042767898,65.54032952455171,64.2371442763535,65.03555297851562,161834800,0.0,0.0
2020-04-13 00:00:00-04:00,65.11319230173434,66.42123547383505,64.51134580427787,66.31202697753906,131022800,0.0,0.0
2020-04-14 00:00:00-04:00,67.95011914666873,69.95222087152594,67.47689214022147,69.66100311279297,194994800,0.0,0.0
2020-04-15 00:00:00-04:00,68.53256171861511,69.4862886004415,68.10302246952716,69.02519989013672,131154400,0.0,0.0
2020-04-16 00:00:00-04:00,69.74110330393147,69.94010189303526,68.52042803590564,69.57365417480469,157125200,0.0,0.0
2020-04-17 00:00:00-04:00,69.08829031254295,69.63674726381512,67.1881094519009,68.62962341308594,215250000,0.0,0.0
2020-04-20 00:00:00-04:00,67.45263070247596,68.35781862849281,67.18568232250739,67.20509338378906,130015200,0.0,0.0
2020-04-21 00:00:00-04:00,67.04736932204841,67.2827683027009,64.41430008220807,65.12777709960938,180991600,0.0,0.0
2020-04-22 00:00:00-04:00,66.39940914673265,67.4405043108994,66.05723821466911,67.0036849975586,116862400,0.0,0.0
2020-04-23 00:00:00-04:00,66.94786806714389,68.37482206031547,66.70518901812768,66.7440185546875,124814400,0.0,0.0
2020-04-24 00:00:00-04:00,67.27063536119402,68.6806000437413,67.22209658899173,68.67089080810547,126161200,0.0,0.0
2020-04-27 00:00:00-04:00,68.38696009309551,69.05190579194252,67.93800973096258,68.71943664550781,117087600,0.0,0.0
2020-04-28 00:00:00-04:00,69.18294368703222,69.36495298340253,67.51331796268283,67.60552978515625,112004800,0.0,0.0
2020-04-29 00:00:00-04:00,69.0979975124322,70.29683242001799,68.89414803177873,69.82603454589844,137280800,0.0,0.0
2020-04-30 00:00:00-04:00,70.36720857906009,71.47625350962926,69.97649890054853,71.2990951538086,183064000,0.0,0.0
2020-05-01 00:00:00-04:00,69.46688076275679,72.56103877053023,69.36981062017894,70.15123748779297,240616800,0.0,0.0
2020-05-04 00:00:00-04:00,70.17549663342325,71.27240315582554,69.48385993378157,71.14378356933594,133568000,0.0,0.0
2020-05-05 00:00:00-04:00,71.60486560646302,73.04637946818022,71.4592567243347,72.21156311035156,147751200,0.0,0.0
2020-05-06 00:00:00-04:00,72.91533768168664,73.58998507405805,72.52947892116252,72.95659637451172,142333600,0.0,0.0
2020-05-07 00:00:00-04:00,73.58512093632648,74.05834791180315,73.2817722099888,73.71131134033203,115215200,0.0,0.0
2020-05-08 00:00:00-04:00,74.3732060857613,75.51931637355732,74.04470105585122,75.46578216552734,133838400,0.205,0.0
2020-05-11 00:00:00-04:00,74.97181444929954,77.14966694282032,74.7625416518722,76.65326690673828,145946400,0.0,0.0
2020-05-12 00:00:00-04:00,77.33946490194451,77.79207364909227,75.65558421726155,75.77725219726562,162301200,0.0,0.0
2020-05-13 00:00:00-04:00,75.95731647939719,76.88199755928032,73.78189245874619,74.8623046875,200622400,0.0,0.0
2020-05-14 00:00:00-04:00,74.0982401903213,75.38305384243762,73.37309631079928,75.32221984863281,158929200,0.0,0.0
2020-05-15 00:00:00-04:00,73.08596566629879,74.92314940994656,73.0518950634004,74.87691497802734,166348400,0.0,0.0
2020-05-18 00:00:00-04:00,76.20552437986748,77.01582984347145,75.51201542213853,76.6410903930664,135178400,0.0,0.0
2020-05-19 00:00:00-04:00,76.65812036126512,77.50736040977804,76.16658443916718,76.1982192993164,101729600,0.0,0.0
2020-05-20 00:00:00-04:00,77.05962650901947,77.75069971271533,77.02069186607584,77.68013763427734,111504800,0.0,0.0
2020-05-21 00:00:00-04:00,77.54142005816475,78.08406179744165,76.86251080673244,77.10098266601562,102688800,0.0,0.0
2020-05-22 00:00:00-04:00,76.83819763463005,77.68014544919457,76.73600068439247,77.597412109375,81803200,0.0,0.0
2020-05-26 00:00:00-04:00,78.71917419280368,78.89924040659268,77.01582266467501,77.07179260253906,125522000,0.0,0.0
2020-05-27 00:00:00-04:00,76.92823567989113,77.55360346730318,76.18605652967298,77.40760040283203,112945200,0.0,0.0
2020-05-28 00:00:00-04:00,77.08150299033991,78.70455655540893,76.80410395242795,77.44164276123047,133560800,0.0,0.0
2020-05-29 00:00:00-04:00,77.6850186530704,78.14735557175203,77.00854486442455,77.36624908447266,153532400,0.0,0.0
2020-06-01 00:00:00-04:00,77.32000896800524,78.43935598036309,77.18860545726987,78.31768798828125,80791200,0.0,0.0
2020-06-02 00:00:00-04:00,78.04999766403765,78.70457189402366,77.60712449987925,78.68023681640625,87642800,0.0,0.0
2020-06-03 00:00:00-04:00,79.00146321507341,79.37620271806179,78.42718641851751,79.11339569091797,104491200,0.0,0.0
2020-06-04 00:00:00-04:00,78.93575218035002,79.23505064541881,78.05730554159499,78.43204498291016,87560400,0.0,0.0
2020-06-05 00:00:00-04:00,78.68269152133999,80.7267122915967,78.6534923915688,80.66587829589844,137250400,0.0,0.0
2020-06-08 00:00:00-04:00,80.36170065582685,81.17687760567065,79.64872807646304,81.14280700683594,95654400,0.0,0.0
2020-06-09 00:00:00-04:00,80.82159171486241,84.09931925314608,80.78995685878904,83.70511627197266,147712400,0.0,0.0
2020-06-10 00:00:00-04:00,84.65657762001017,86.32829444981938,84.21614013366542,85.85865783691406,166651600,0.0,0.0
2020-06-11 00:00:00-04:00,84.99967763398335,85.42551553412683,81.63434481058569,81.73654174804688,201662400,0.0,0.0
2020-06-12 00:00:00-04:00,83.88277478636243,84.63224629678102,81.32774713453523,82.44222259521484,200146000,0.0,0.0
2020-06-15 00:00:00-04:00,81.09171712965171,84.11638164574502,80.92867875199258,83.46180725097656,138808800,0.0,0.0
2020-06-16 00:00:00-04:00,85.52284659086101,85.94625617218522,83.88276474697345,85.67371368408203,165428800,0.0,0.0
2020-06-17 00:00:00-04:00,86.42075685110076,86.48159083556952,85.43281353741015,85.55448150634766,114406400,0.0,0.0
2020-06-18 00:00:00-04:00,85.51068509788405,86.00709250366052,84.97777878565866,85.58855438232422,96820400,0.0,0.0
2020-06-19 00:00:00-04:00,86.29668077862434,86.76388173016507,83.98741713778654,85.0994644165039,264476000,0.0,0.0
2020-06-22 00:00:00-04:00,85.49364658624263,87.4695331919999,85.44741216447049,87.32596588134766,135445200,0.0,0.0
2020-06-23 00:00:00-04:00,88.57430163969642,90.61345845352159,88.15332769754528,89.18994140625,212155600,0.0,0.0
2020-06-24 00:00:00-04:00,88.81761971025675,89.73986501886358,87.24080011710065,87.61553955078125,192623200,0.0,0.0
2020-06-25 00:00:00-04:00,87.77128710141119,88.81762879904495,87.0096443292993,88.77869415283203,137522400,0.0,0.0
2020-06-26 00:00:00-04:00,88.67405701121628,88.8954936232834,85.90245689556569,86.05089569091797,205256800,0.0,0.0
2020-06-29 00:00:00-04:00,85.95843257929042,88.12899272885664,85.47906041478672,88.03408813476562,130646000,0.0,0.0
2020-06-30 00:00:00-04:00,87.62042049858218,89.05610878837916,87.60095688672507,88.76896667480469,140223200,0.0,0.0
2020-07-01 00:00:00-04:00,88.84680772121614,89.39187779218567,88.55237334459665,88.60103607177734,110737200,0.0,0.0
2020-07-02 00:00:00-04:00,89.51111743972731,90.14865634616976,88.48667532119246,88.60103607177734,114041600,0.0,0.0
2020-07-06 00:00:00-04:00,90.03429319420877,91.44077455841791,90.00265833546331,90.97113800048828,118655600,0.0,0.0
2020-07-07 00:00:00-04:00,91.35076272390052,92.13186915393193,90.57695607635445,90.68888854980469,112424400,0.0,0.0
2020-07-08 00:00:00-04:00,91.6695072289332,92.83265261870064,91.58190243701405,92.80101776123047,117092000,0.0,0.0
2020-07-09 00:00:00-04:00,93.69651141665871,93.7500456266075,92.14889822617897,93.20011138916016,125642800,0.0,0.0
2020-07-10 00:00:00-04:00,92.79373863774762,93.42154960385396,92.18053466189855,93.36314392089844,90257200,0.0,0.0
2020-07-13 00:00:00-04:00,94.67227687695217,97.29057387515883,92.71828964483974,92.93242645263672,191649200,0.0,0.0
2020-07-14 00:00:00-04:00,92.31191055961413,94.66253642553353,91.37507321337583,94.47030639648438,170989200,0.0,0.0
2020-07-15 00:00:00-04:00,96.3512818184323,96.60191750082025,93.91792279485117,95.12000274658203,153198000,0.0,0.0
2020-07-16 00:00:00-04:00,93.98851197519926,94.8085529497705,93.3485372297674,93.94957733154297,110577600,0.0,0.0
2020-07-17 00:00:00-04:00,94.40219908305615,94.55793025313056,93.28528036834479,93.7597885131836,92186800,0.0,0.0
2020-07-20 00:00:00-04:00,93.8473823794661,95.87436764626261,93.50184205095535,95.73566436767578,90318000,0.0,0.0
2020-07-21 00:00:00-04:00,96.52895030233236,96.60438386189568,94.16372428454169,94.41436004638672,103433200,0.0,0.0
2020-07-22 00:00:00-04:00,94.11504710524962,95.36336177523553,94.02744972364847,94.6795883178711,89001600,0.0,0.0
2020-07-23 00:00:00-04:00,94.4119242394898,94.4897935351177,89.5573759076989,90.3701171875,197004400,0.0,0.0
2020-07-24 00:00:00-04:00,88.56211314862233,90.49176525760697,86.76872113795501,90.14622497558594,185438800,0.0,0.0
2020-07-27 00:00:00-04:00,91.21203824708473,92.37518368443884,90.98817335217583,92.28271484375,121214000,0.0,0.0
2020-07-28 00:00:00-04:00,91.85203051648675,92.02966845109543,90.76188267824885,90.76675415039062,103625600,0.0,0.0
2020-07-29 00:00:00-04:00,91.25097745595819,92.69152948751328,91.21447855018052,92.506591796875,90329200,0.0,0.0
2020-07-30 00:00:00-04:00,91.67681516469625,93.73057108721883,91.26801256876887,93.62593841552734,158130000,0.0,0.0
2020-07-31 00:00:00-04:00,100.142485220989,103.57838786224833,98.13739181757805,103.42752075195312,374336800,0.0,0.0
2020-08-03 00:00:00-04:00,105.31580914804157,108.6616788722299,105.01651064537003,106.03365325927734,308151200,0.0,0.0
2020-08-04 00:00:00-04:00,106.22344584387962,107.83676443958547,105.49830201297321,106.74175262451172,173071600,0.0,0.0
2020-08-05 00:00:00-04:00,106.46192391970698,107.44986737596928,105.99471558411307,107.128662109375,121776800,0.0,0.0
2020-08-06 00:00:00-04:00,107.46203450000841,111.36270996964782,106.87072984975072,110.86630249023438,202428800,0.0,0.0
2020-08-07 00:00:00-04:00,110.38605018937842,110.84434776897682,107.54607671169924,108.34565734863281,198045600,0.205,0.0
2020-08-10 00:00:00-04:00,109.79612082851325,110.94186486752692,107.26086549559103,109.92044830322266,212403600,0.0,0.0
2020-08-11 00:00:00-04:00,109.18180291672903,109.68153802602951,106.390579904866,106.65142059326172,187902400,0.0,0.0
2020-08-12 00:00:00-04:00,107.74598253329141,110.45432345102633,107.55096573953472,110.1959228515625,165598000,0.0,0.0
2020-08-13 00:00:00-04:00,111.58055146808589,113.15290119524892,111.09056196029391,112.14611053466797,210082000,0.0,0.0
2020-08-14 00:00:00-04:00,111.97060352944233,112.13636854966511,110.23004849886146,112.04617309570312,165565200,0.0,0.0
2020-08-17 00:00:00-04:00,113.17240210150105,113.19678105887246,111.1246961523291,111.75363159179688,119561600,0.0,0.0
2020-08-18 00:00:00-04:00,111.50497642122994,113.11145065744996,111.16856617508924,112.68484497070312,105633600,0.0,0.0
2020-08-19 00:00:00-04:00,113.09438654850844,114.2450033462818,112.73116465257537,112.82623291015625,145538000,0.0,0.0
2020-08-20 00:00:00-04:00,112.86769262535736,115.44439313878651,112.85062660991147,115.32981872558594,126907200,0.0,0.0
2020-08-21 00:00:00-04:00,116.29271798267843,121.7581500452213,116.28053222340992,121.27304077148438,338054800,0.0,0.0
2020-08-24 00:00:00-04:00,125.49275690245359,125.57808696417352,120.85129254611644,122.72348022460938,345937600,0.0,0.0
2020-08-25 00:00:00-04:00,121.59238528346616,122.0628686712799,119.98834358364527,121.71670532226562,211495600,0.0,0.0
2020-08-26 00:00:00-04:00,123.03796284565955,123.83023059467142,121.96778837684518,123.37193298339844,163022400,0.0,0.0
2020-08-27 00:00:00-04:00,123.97649247764066,124.31046260347257,120.74891061178384,121.8970947265625,155552400,0.0,0.0
2020-08-28 00:00:00-04:00,122.8746266915099,123.2939194462389,121.47536238371781,121.69963836669922,187630000,0.0,0.0
2020-08-31 00:00:00-04:00,124.40311569012621,127.73795204194512,122.86245768919913,125.82675170898438,225702700,0.0,4.0
2020-09-01 00:00:00-04:00,129.45409155934158,131.44330113966103,127.279625733532,130.83872985839844,151948100,0.0,0.0
2020-09-02 00:00:00-04:00,134.1638713290683,134.5441593538075,123.8375762213709,128.1280059814453,200119000,0.0,0.0
2020-09-03 00:00:00-04:00,123.74977777668435,125.63171109830371,117.49939163024852,117.86992645263672,257599600,0.0,0.0
2020-09-04 00:00:00-04:00,117.08010734336685,120.6197131497007,108.1287004650969,117.94794464111328,332607200,0.0,0.0
2020-09-08 00:00:00-04:00,111.11250964380896,116.02700868136228,109.87413739256252,110.01065063476562,231366600,0.0,0.0
2020-09-09 00:00:00-04:00,114.34007128994196,116.17325409792939,112.38987396422294,114.39857482910156,176940500,0.0,0.0
2020-09-10 00:00:00-04:00,117.36288681754456,117.49940004817361,109.69861000348159,110.66395568847656,182274400,0.0,0.0
2020-09-11 00:00:00-04:00,111.71706305037618,112.36063179376235,107.2608620779855,109.2110595703125,180860300,0.0,0.0
2020-09-14 00:00:00-04:00,111.86334120112333,113.04320991624836,109.99115319560664,112.4874038696289,140150100,0.0,0.0
2020-09-15 00:00:00-04:00,115.38342123925263,115.87097054819286,110.78095457255097,112.66289520263672,184642000,0.0,0.0
2020-09-16 00:00:00-04:00,112.36062624645403,113.11144897058965,109.25005901915075,109.33781433105469,154679000,0.0,0.0
2020-09-17 00:00:00-04:00,106.98785068006195,109.40609174489231,106.0029987247634,107.5924072265625,178011000,0.0,0.0
2020-09-18 00:00:00-04:00,107.65090688938564,108.11895013810333,103.4482260852904,104.17955017089844,287104900,0.0,0.0
2020-09-21 00:00:00-04:00,101.93684120759194,107.44615155121396,100.53269639295027,107.3388900756836,195713800,0.0,0.0
2020-09-22 00:00:00-04:00,109.87412593250646,110.04964400266275,106.4417816531773,109.02578735351562,183055400,0.0,0.0
2020-09-23 00:00:00-04:00,108.84052779447258,109.31832411053182,104.11129279067556,104.45258331298828,150718700,0.0,0.0
2020-09-24 00:00:00-04:00,102.55114538938055,107.50464938695539,102.38538036852894,105.52519989013672,167743300,0.0,0.0
2020-09-25 00:00:00-04:00,105.72994906280776,109.64009681169752,104.98887199073256,109.48407745361328,149981400,0.0,0.0
2020-09-28 00:00:00-04:00,112.1461013546261,112.44837956504263,109.97162802324053,112.09734344482422,137672400,0.0,0.0
2020-09-29 00:00:00-04:00,111.69756013169471,112.43862979442277,110.74196012319106,111.24900817871094,99382200,0.0,0.0
2020-09-30 00:00:00-04:00,110.95647438306982,114.3400678311443,110.79070940085708,112.9261703491211,142675200,0.0,0.0
2020-10-01 00:00:00-04:00,114.71063034120202,114.78864003617267,112.94570376912151,113.88179779052734,116120400,0.0,0.0
2020-10-02 00:00:00-04:00,110.07890541970863,112.49715377159485,109.42559099443217,110.2056655883789,144712000,0.0,0.0
2020-10-05 00:00:00-04:00,111.07350441061017,113.74527295614752,110.72246825841832,113.59900665283203,106243800,0.0,0.0
2020-10-06 00:00:00-04:00,112.81890702677832,113.22845409992826,109.45481977342668,110.3421630859375,161498200,0.0,0.0
2020-10-07 00:00:00-04:00,111.76581857721544,112.67266068936267,111.2880148454192,112.21436309814453,96849000,0.0,0.0
2020-10-08 00:00:00-04:00,113.35524975931274,113.50151608559474,111.73658197677699,112.10712432861328,83477200,0.0,0.0
2020-10-09 00:00:00-04:00,112.4093775603074,114.08654852378359,112.05834143123505,114.05729675292969,100506900,0.0,0.0
2020-10-12 00:00:00-04:00,117.07035922140598,122.06286774169322,116.30978334982996,121.30229187011719,240226800,0.0,0.0
2020-10-13 00:00:00-04:00,122.15061740846656,122.26763193691325,116.67056718260892,118.08445739746094,262330500,0.0,0.0
2020-10-14 00:00:00-04:00,117.98695479953686,119.96640417322294,116.64132113373098,118.17222595214844,150712000,0.0,0.0
2020-10-15 00:00:00-04:00,115.76372578098064,118.18196653560398,115.20791978630072,117.70417022705078,112559200,0.0,0.0
2020-10-16 00:00:00-04:00,118.25996903954183,118.52324985437662,115.85147406239771,116.05624389648438,115393800,0.0,0.0
2020-10-19 00:00:00-04:00,116.97286176087206,117.42140635681072,112.77994100435976,113.09197235107422,120639300,0.0,0.0
2020-10-20 00:00:00-04:00,113.3064702709398,116.01725100908146,112.75066428839048,114.58385467529297,124423700,0.0,0.0
2020-10-21 00:00:00-04:00,113.76476887802791,115.75397121203213,113.55024596366279,113.95979309082031,89946000,0.0,0.0
2020-10-22 00:00:00-04:00,114.52535609682704,115.10066828250254,111.73657281161336,112.86769104003906,101988000,0.0,0.0
2020-10-23 00:00:00-04:00,113.49175118318755,113.64777056546903,111.43429207568546,112.17536926269531,82572600,0.0,0.0
2020-10-26 00:00:00-04:00,111.1710235471979,113.64777555403136,110.06915706985596,112.18512725830078,111850700,0.0,0.0
2020-10-27 00:00:00-04:00,112.61415768734956,114.35958542213467,111.68781680839272,113.69651794433594,92276800,0.0,0.0
2020-10-28 00:00:00-04:00,112.18510507312128,112.55563988990885,108.33346085906479,108.43096923828125,143937800,0.0,0.0
2020-10-29 00:00:00-04:00,109.57184138543087,114.01828898706523,109.40606895582341,112.44837951660156,146129200,0.0,0.0
2020-10-30 00:00:00-04:00,108.29446818664717,109.20131035012999,105.03764183054732,106.14925384521484,190272600,0.0,0.0
2020-11-02 00:00:00-05:00,106.39301507304658,107.92391966714173,104.64758758408,106.06147766113281,122866900,0.0,0.0
2020-11-03 00:00:00-05:00,106.92932746040049,108.71375243491438,106.02248536802898,107.68990325927734,107624400,0.0,0.0
2020-11-04 00:00:00-05:00,111.29776550877692,112.71165565418494,109.5523379354268,112.08759307861328,138235500,0.0,0.0
2020-11-05 00:00:00-05:00,115.01290858722514,116.64132935190631,113.95980746298537,116.0660171508789,126387100,0.0,0.0
2020-11-06 00:00:00-05:00,115.57273140177695,116.43229602708031,113.43357855709559,115.93414306640625,114457900,0.205,0.0
2020-11-09 00:00:00-05:00,117.70213202617423,119.15753389571879,113.35545876212382,113.61918640136719,154515300,0.0,0.0
2020-11-10 00:00:00-05:00,112.86705172692065,114.85967848302198,111.48001699164712,113.27729797363281,138023400,0.0,0.0
2020-11-11 00:00:00-05:00,114.46896157668391,116.8523020201072,113.7363758663505,116.7155532836914,112295000,0.0,0.0
2020-11-12 00:00:00-05:00,116.84253851027572,117.73140528886907,115.81691554426702,116.44205474853516,103162300,0.0,0.0
2020-11-13 00:00:00-05:00,116.66671900133667,116.89137444647928,115.13317320860197,116.49089813232422,81581900,0.0,0.0
2020-11-16 00:00:00-05:00,116.15880460888832,118.18074115273141,115.40668645392178,117.50676727294922,91183000,0.0,0.0
2020-11-17 00:00:00-05:00,116.77417031034764,117.86816024947451,116.19786565120255,116.61788177490234,74271000,0.0,0.0
2020-11-18 00:00:00-05:00,115.85600165898173,117.03790584258053,115.26016461858715,115.28946685791016,76322100,0.0,0.0
2020-11-19 00:00:00-05:00,114.85968419200586,116.29555357911475,114.09779613817214,115.88530731201172,74113000,0.0,0.0
2020-11-20 00:00:00-05:00,115.88528907764832,116.01226791589127,114.5666363110203,114.61547088623047,73604300,0.0,0.0
2020-11-23 00:00:00-05:00,114.45921058973786,114.88899666218843,111.10885108956266,111.20652770996094,127959300,0.0,0.0
2020-11-24 00:00:00-05:00,111.2651186400355,113.16006856523981,109.9757606660811,112.49585723876953,113874200,0.0,0.0
2020-11-25 00:00:00-05:00,112.86704104383878,114.03917519557105,112.49585951573405,113.33589172363281,76499200,0.0,0.0
2020-11-27 00:00:00-05:00,113.86337170986415,114.76200852686044,113.521499817773,113.88290405273438,46691300,0.0,0.0
2020-11-30 00:00:00-05:00,114.2540680812239,118.16119185275043,114.0977795532842,116.28577423095703,169410200,0.0,0.0
2020-12-01 00:00:00-05:00,118.20028020391975,120.60316075885692,117.22349912700635,119.87057495117188,127728200,0.0,0.0
2020-12-02 00:00:00-05:00,119.18680563443502,120.5054658499052,118.08304586787362,120.22219848632812,89004200,0.0,0.0
2020-12-03 00:00:00-05:00,120.65199948730223,120.90596466265619,119.37241861729504,120.0854721069336,78967600,0.0,0.0
2020-12-04 00:00:00-05:00,119.75336329408746,120.00732847079844,118.69843790059431,119.41149139404297,78260400,0.0,0.0
2020-12-07 00:00:00-05:00,119.4700809338177,121.67760806582265,119.41147645892518,120.87664794921875,86712000,0.0,0.0
2020-12-08 00:00:00-05:00,121.48226483759503,122.07810188882368,120.23197880317792,121.49202728271484,82225500,0.0,0.0
2020-12-09 00:00:00-05:00,121.63854040920427,123.02556768253118,118.19050456748764,118.952392578125,115089200,0.0,0.0
2020-12-10 00:00:00-05:00,117.7021162779425,120.99387109234236,117.36024440160968,120.37849426269531,81312200,0.0,0.0
2020-12-11 00:00:00-05:00,119.58731188427349,119.90965143989179,117.75096607584693,119.56777954101562,86939800,0.0,0.0
2020-12-14 00:00:00-05:00,119.75335272421145,120.48593849632398,118.71796721767839,118.952392578125,79184500,0.0,0.0
2020-12-15 00:00:00-05:00,121.4529531337426,124.93029876658031,121.24783000590143,124.91075897216797,157243700,0.0,0.0
2020-12-16 00:00:00-05:00,124.45167787791586,125.3893793448256,123.62140801881179,124.8423843383789,98208600,0.0,0.0
2020-12-17 00:00:00-05:00,125.90706892352664,126.57128777488863,125.06703664075737,125.71171569824219,94359800,0.0,0.0
2020-12-18 00:00:00-05:00,125.96567721823999,126.10242595435268,123.19161545942423,123.71907806396484,192541500,0.0,0.0
2020-12-21 00:00:00-05:00,122.11715093117222,125.33076114676192,120.58360513975681,125.25261688232422,121251600,0.0,0.0
2020-12-22 00:00:00-05:00,128.5541360749688,131.2891256020313,126.63963893467688,128.81787109375,168904800,0.0,0.0
2020-12-23 00:00:00-05:00,129.09137704629174,129.35509717792385,127.7434145333038,127.91924285888672,88223700,0.0,0.0
2020-12-24 00:00:00-05:00,128.27090571957586,130.36121675094694,128.05601267765476,128.9058074951172,54930100,0.0,0.0
2020-12-28 00:00:00-05:00,130.87891392295424,134.1511218894807,130.41004823158806,133.51622009277344,124486200,0.0,0.0
2020-12-29 00:00:00-05:00,134.84462043635702,135.56742883965345,131.22075635748268,131.7384490966797,121047300,0.0,0.0
2020-12-30 00:00:00-05:00,132.43197135905453,132.83245515094322,130.3025810031429,130.6151580810547,96452100,0.0,0.0
2020-12-31 00:00:00-05:00,130.96682561915932,131.61150479087055,128.66162138156932,129.60910034179688,99116600,0.0,0.0
2021-01-04 00:00:00-05:00,130.419782261114,130.50768895985888,123.81674167932394,126.40521240234375,143301900,0.0,0.0
2021-01-05 00:00:00-05:00,125.89730757907694,128.68113950331986,125.4479817429498,127.96807861328125,97664900,0.0,0.0
2021-01-06 00:00:00-05:00,124.75448181589701,128.00716462914988,123.44559128213457,123.66048431396484,155088000,0.0,0.0
2021-01-07 00:00:00-05:00,125.37960815671642,128.57368615922834,124.89121766294679,127.88016510009766,109578200,0.0,0.0
2021-01-08 00:00:00-05:00,129.3551144383391,129.5504825827211,127.20619899060827,128.98394775390625,105158200,0.0,0.0
2021-01-11 00:00:00-05:00,126.190337167744,127.14757835470962,125.51635590694859,125.9852066040039,100384500,0.0,0.0
2021-01-12 00:00:00-05:00,125.51636516935064,126.67873700583286,123.91444484041192,125.80940246582031,91951100,0.0,0.0
2021-01-13 00:00:00-05:00,125.77031986493918,128.39786321634224,125.5065997184792,127.85086822509766,88636800,0.0,0.0
2021-01-14 00:00:00-05:00,127.76297827778365,127.95833152822492,125.7703363715888,125.91686248779297,90221800,0.0,0.0
2021-01-15 00:00:00-05:00,125.78985510810772,127.19642212299213,124.05118613262425,124.18793487548828,111598500,0.0,0.0
2021-01-19 00:00:00-05:00,124.8130888108596,125.72150299180522,123.99259625706779,124.86193084716797,90757300,0.0,0.0
2021-01-20 00:00:00-05:00,125.6726241270603,129.41369646360525,125.5651776404679,128.96437072753906,104319500,0.0,0.0
2021-01-21 00:00:00-05:00,130.69329163300603,136.42699093223655,130.48816107938626,133.69200134277344,120150900,0.0,0.0
2021-01-22 00:00:00-05:00,133.1157150150256,136.60283037919487,131.88497630652225,135.8409423828125,114459400,0.0,0.0
2021-01-25 00:00:00-05:00,139.74808861764467,141.72117584234562,133.3696938895246,139.6015625,157611700,0.0,0.0
2021-01-26 00:00:00-05:00,140.26572342010624,140.94946697277905,138.08749158906704,139.8359375,98390600,0.0,0.0
2021-01-27 00:00:00-05:00,140.09970572045313,140.94951541070097,137.14983753597352,138.7615203857422,140843800,0.0,0.0
2021-01-28 00:00:00-05:00,136.2805228095965,138.69317366531473,133.52599255799961,133.9069366455078,142621100,0.0,0.0
2021-01-29 00:00:00-05:00,132.67616429116572,133.56503857337148,127.18665987069943,128.89602661132812,177523800,0.0,0.0
2021-02-01 00:00:00-05:00,130.64449230969086,132.2366505181197,127.88996202795502,131.0254364013672,106239800,0.0,0.0
2021-02-02 00:00:00-05:00,132.57849082798725,133.14502563870852,131.48450079597174,131.85568237304688,83305400,0.0,0.0
2021-02-03 00:00:00-05:00,132.60776578490467,132.61754313249799,130.50769287241187,130.8300323486328,89880900,0.0,0.0
2021-02-04 00:00:00-05:00,133.13524824047326,134.20969835709803,131.46494623573207,134.19993591308594,84183100,0.0,0.0
2021-02-05 00:00:00-05:00,134.36139896230972,134.42986806612836,132.90381458934533,133.7842254638672,75693800,0.205,0.0
2021-02-08 00:00:00-05:00,133.07008212234413,133.979853741386,131.98423434096625,133.93093872070312,71297200,0.0,0.0
2021-02-09 00:00:00-05:00,133.6472186633411,134.87981130485002,132.89398418993693,133.0504913330078,76774200,0.0,0.0
2021-02-10 00:00:00-05:00,133.510263582445,134.00917580672544,131.4755214853653,132.44398498535156,73046600,0.0,0.0
2021-02-11 00:00:00-05:00,132.94291666374514,133.42226002186263,130.85927394263595,132.18968200683594,64280000,0.0,0.0
2021-02-12 00:00:00-05:00,131.42665885595727,132.58097584744993,130.7810163386291,132.42445373535156,60145100,0.0,0.0
2021-02-16 00:00:00-05:00,132.54182652078916,133.0505008941642,129.9005649144753,130.2918701171875,80576300,0.0,0.0
2021-02-17 00:00:00-05:00,128.39410140319288,129.3429961467523,126.65283402211399,127.9930191040039,97918500,0.0,0.0
2021-02-18 00:00:00-05:00,126.38869906477753,127.17129463248507,124.63765472953934,126.88761138916016,96856700,0.0,0.0
2021-02-19 00:00:00-05:00,127.40604940993619,127.8658236438276,125.99738068709999,127.0440902709961,87668800,0.0,0.0
2021-02-22 00:00:00-05:00,125.22457427942261,126.89737227917206,122.86701830596542,123.25831604003906,103916400,0.0,0.0
2021-02-23 00:00:00-05:00,121.0670645425184,123.95287146533934,115.81390958217581,123.12136840820312,158273000,0.0,0.0
2021-02-24 00:00:00-05:00,122.22138464103878,122.82788904485355,119.57035347401501,122.6224594116211,111039900,0.0,0.0
2021-02-25 00:00:00-05:00,121.96704059219421,123.70830769868415,117.91712502936959,118.35733032226562,148199500,0.0,0.0
2021-02-26 00:00:00-05:00,119.92250660347193,122.13333235763007,118.56275282287397,118.62145233154297,164560400,0.0,0.0
2021-03-01 00:00:00-05:00,121.05729069867618,125.14633726081128,120.11818049068046,125.00938415527344,116307900,0.0,0.0
2021-03-02 00:00:00-05:00,125.61588891931011,125.91914114090521,122.28986912474551,122.39747619628906,102260900,0.0,0.0
2021-03-03 00:00:00-05:00,122.09421455304867,122.97463264092775,119.18883859473966,119.404052734375,112966300,0.0,0.0
2021-03-04 00:00:00-05:00,119.10079712980304,120.9105408091192,116.0389066337359,117.51604461669922,178155000,0.0,0.0
2021-03-05 00:00:00-05:00,118.34755618226085,119.28666630320659,115.01175200979323,118.7779769897461,153766600,0.0,0.0
2021-03-08 00:00:00-05:00,118.29864649080791,118.36712304031239,113.68134925740799,113.82808685302734,154376600,0.0,0.0
2021-03-09 00:00:00-05:00,116.43996610827261,119.40403364408445,116.20519047683538,118.45513916015625,129525800,0.0,0.0
2021-03-10 00:00:00-05:00,119.04209897356596,119.51165027406911,116.8508346932734,117.36930847167969,111943300,0.0,0.0
2021-03-11 00:00:00-05:00,119.87360233956089,120.52902174116306,118.62145558325126,119.30622100830078,103026500,0.0,0.0
2021-03-12 00:00:00-05:00,117.78017258073191,118.5334145770574,116.5671562971472,118.3964614868164,88105100,0.0,0.0
2021-03-15 00:00:00-04:00,118.76819807777808,121.30183771867131,117.79973448364598,121.29205322265625,92403800,0.0,0.0
2021-03-16 00:00:00-04:00,122.96483796118252,124.45176782276737,122.00616637196116,122.8376693725586,115227900,0.0,0.0
2021-03-17 00:00:00-04:00,121.35075339157471,123.12136654730853,119.67795534298575,122.04530334472656,111932600,0.0,0.0
2021-03-18 00:00:00-04:00,120.20621275113163,120.49968794214433,117.70191898445727,117.9073486328125,121229700,0.0,0.0
2021-03-19 00:00:00-04:00,117.29104365883211,118.7877505090129,117.07582954328501,117.37908172607422,185549500,0.0,0.0
2021-03-22 00:00:00-04:00,117.71171707561217,121.1746903979347,117.64324051825204,120.70513153076172,111912300,0.0,0.0
2021-03-23 00:00:00-04:00,120.64642246770546,121.53661758792646,119.4823136932633,119.87361145019531,95467100,0.0,0.0
2021-03-24 00:00:00-04:00,120.14751365088765,120.22577469235176,117.45735192347425,117.47691345214844,88530500,0.0,0.0
2021-03-25 00:00:00-04:00,116.93888575254493,119.0127585740185,116.41063491697949,117.96603393554688,98844700,0.0,0.0
2021-03-26 00:00:00-04:00,117.731260359211,118.83667706674994,116.33237593563868,118.57254791259766,94071200,0.0,0.0
2021-03-29 00:00:00-04:00,119.00297135659957,119.91273541981596,118.10299178920243,118.74862670898438,80819200,0.0,0.0
2021-03-30 00:00:00-04:00,117.49649105272375,117.78018175127832,116.27369017794591,117.29106140136719,85671900,0.0,0.0
2021-03-31 00:00:00-04:00,119.00298322429019,120.83228856558793,118.51386287192022,119.49210357666016,118323800,0.0,0.0
2021-04-01 00:00:00-04:00,120.96924318486211,121.47792504243581,119.82469594439944,120.32360076904297,75089100,0.0,0.0
2021-04-05 00:00:00-04:00,121.17468725620162,123.41485952230822,120.39209165233227,123.16051483154297,88651200,0.0,0.0
2021-04-06 00:00:00-04:00,123.7474357865334,124.36372467715026,122.91593276997253,123.4637451171875,80171300,0.0,0.0
2021-04-07 00:00:00-04:00,123.09201613924569,125.13653540500879,122.41702773888204,125.11697387695312,83466700,0.0,0.0
2021-04-08 00:00:00-04:00,126.14412984874876,127.55279878438414,125.72349353070734,127.52345275878906,88844600,0.0,0.0
2021-04-09 00:00:00-04:00,126.97563580060692,130.14512586474413,126.65281460393234,130.1060028076172,106686700,0.0,0.0
2021-04-12 00:00:00-04:00,129.63643928749713,129.9592604537893,127.78756528183514,128.38429260253906,91420000,0.0,0.0
2021-04-13 00:00:00-04:00,129.5581784481345,131.7298736233455,129.0592662236775,131.50486755371094,91266500,0.0,0.0
2021-04-14 00:00:00-04:00,132.0038037995852,132.06249585390395,128.79517546483183,129.15711975097656,87222800,0.0,0.0
2021-04-15 00:00:00-04:00,130.90813743338322,132.0624539400122,130.73204639954596,131.57333374023438,89347100,0.0,0.0
2021-04-16 00:00:00-04:00,131.37773680047187,131.73968110440896,130.37992704769707,131.24078369140625,84922400,0.0,0.0
2021-04-19 00:00:00-04:00,130.60489828233995,132.52225644299975,130.4385991700877,131.9059600830078,94264200,0.0,0.0
2021-04-20 00:00:00-04:00,132.08208188525987,132.58097933809216,128.94192223323031,130.21363830566406,94812300,0.0,0.0
2021-04-21 00:00:00-04:00,129.47994470532655,130.83969873435487,128.44301191111677,130.5951385498047,68847100,0.0,0.0
2021-04-22 00:00:00-04:00,130.1451477062781,131.23099557668175,128.55062537401983,129.069091796875,84566500,0.0,0.0
2021-04-23 00:00:00-04:00,129.28430468857326,132.17988902990155,129.28430468857326,131.39730834960938,78657500,0.0,0.0
2021-04-26 00:00:00-04:00,131.89621182382086,132.12120303338915,130.65384180036304,131.78860473632812,66905100,0.0,0.0
2021-04-27 00:00:00-04:00,132.07224836961583,132.46355353704712,131.19183786473573,131.4657440185547,66015800,0.0,0.0
2021-04-28 00:00:00-04:00,131.38748176093378,132.08203909742446,130.18425010167056,130.67337036132812,107760100,0.0,0.0
2021-04-29 00:00:00-04:00,133.50050652437227,134.08745690189525,129.567974819212,130.5755615234375,151101000,0.0,0.0
2021-04-30 00:00:00-04:00,128.91253176123163,130.65379865527194,128.2179893659456,128.59950256347656,109839500,0.0,0.0
2021-05-03 00:00:00-04:00,129.16690074814014,131.15274318306484,128.96147855172077,129.65602111816406,75135100,0.0,0.0
2021-05-04 00:00:00-04:00,128.33540503920676,128.62888024649274,123.94309874398557,125.06807708740234,137564700,0.0,0.0
2021-05-05 00:00:00-04:00,126.3887008180987,127.61150174498968,125.18546888553331,125.3126449584961,84000900,0.0,0.0
2021-05-06 00:00:00-04:00,125.10721781247982,126.92674633387438,124.36375269989001,126.9169692993164,78128300,0.0,0.0
2021-05-07 00:00:00-04:00,128.22023845618241,128.62198708733197,126.87776196476985,127.59310150146484,78973300,0.22,0.0
2021-05-10 00:00:00-04:00,126.80916075602343,126.936537888107,124.2614087846363,124.30060577392578,88071200,0.0,0.0
2021-05-11 00:00:00-04:00,121.01791826059262,123.73224398798311,120.3025863854562,123.37948608398438,126142800,0.0,0.0
2021-05-12 00:00:00-04:00,120.91994792228226,122.13502470718254,119.79305875777395,120.30260467529297,112172300,0.0,0.0
2021-05-13 00:00:00-04:00,122.07622038504428,123.6146665716941,121.76265197362714,122.45838165283203,105861300,0.0,0.0
2021-05-14 00:00:00-04:00,123.71265487611407,125.31969391364765,123.32069249416574,124.88853454589844,81918000,0.0,0.0
2021-05-17 00:00:00-04:00,124.27120325716062,124.37899310292869,122.65436304670058,123.73225402832031,74244600,0.0,0.0
2021-05-18 00:00:00-04:00,124.01643714976464,124.43779545294035,122.27221218928985,122.34080505371094,63342900,0.0,0.0
2021-05-19 00:00:00-04:00,120.68477919902028,122.40940198347324,120.39080549827442,122.18402862548828,92612000,0.0,0.0
2021-05-20 00:00:00-04:00,122.7131594479721,125.15311390529939,122.58576737350162,124.75135040283203,76857100,0.0,0.0
2021-05-21 00:00:00-04:00,125.25111513327683,125.42749785117249,122.69356946182035,122.90914916992188,79295400,0.0,0.0
2021-05-24 00:00:00-04:00,123.4774881087248,125.36869980376578,123.40889524832689,124.54557800292969,63092900,0.0,0.0
2021-05-25 00:00:00-04:00,125.25110237090293,125.74106096052154,123.78124903022919,124.34959411621094,72009500,0.0,0.0
2021-05-26 00:00:00-04:00,124.40839562545654,124.82975391524182,123.87924748414049,124.30060577392578,56575900,0.0,0.0
2021-05-27 00:00:00-04:00,123.89885153275387,125.07473132442752,122.56618378162433,122.76216125488281,94625600,0.0,0.0
2021-05-28 00:00:00-04:00,123.0463342994687,123.27171512304146,122.04683722029289,122.10562896728516,71311100,0.0,0.0
2021-06-01 00:00:00-04:00,122.56615887776788,122.8307291605157,121.44907105983727,121.78223419189453,67637100,0.0,0.0
2021-06-02 00:00:00-04:00,121.78225486696007,122.72296016407643,121.5568815278501,122.54657745361328,59278900,0.0,0.0
2021-06-03 00:00:00-04:00,122.17422461028026,122.34080621458908,120.65537298589332,121.05713653564453,76229200,0.0,0.0
2021-06-04 00:00:00-04:00,121.57647200078277,123.62447159323195,121.36089230936066,123.35989379882812,75169300,0.0,0.0
2021-06-07 00:00:00-04:00,123.63426789483995,123.78125473088885,122.32120243854156,123.36969757080078,71057600,0.0,0.0
2021-06-08 00:00:00-04:00,124.05562434058848,125.8782506142176,123.67346305813653,124.19281005859375,74403800,0.0,0.0
2021-06-09 00:00:00-04:00,124.65338330503849,125.18253149773365,123.977248257251,124.57498931884766,56877900,0.0,0.0
2021-06-10 00:00:00-04:00,124.46716942185128,125.6136606340636,123.40888076789713,123.5754623413086,71186400,0.0,0.0
2021-06-11 00:00:00-04:00,123.98703826502418,124.87875295690584,123.56567997208057,124.79055786132812,53522400,0.0,0.0
2021-06-14 00:00:00-04:00,125.25107709920304,127.9164043392885,124.51615057715107,127.85761260986328,96906500,0.0,0.0
2021-06-15 00:00:00-04:00,127.32850431328268,127.97524340485357,126.78955507030692,127.03453063964844,62746300,0.0,0.0
2021-06-16 00:00:00-04:00,127.74988914181718,128.2594426483617,125.87828665715806,127.53430938720703,91815000,0.0,0.0
2021-06-17 00:00:00-04:00,127.19133075522794,129.88606227566868,127.04433642829339,129.14132690429688,96721700,0.0,0.0
2021-06-18 00:00:00-04:00,128.0830263985157,128.86693621675641,127.62247115663257,127.83805084228516,108953300,0.0,0.0
2021-06-21 00:00:00-04:00,127.68126305266121,129.74885734783985,126.61317321470958,129.6410675048828,79663300,0.0,0.0
2021-06-22 00:00:00-04:00,129.47449743106563,131.38530395142936,128.9747376819625,131.2873077392578,74783600,0.0,0.0
2021-06-23 00:00:00-04:00,131.0815245269483,131.62047373989773,130.5523689534629,131.01292419433594,60214200,0.0,0.0
2021-06-24 00:00:00-04:00,131.74786688107946,131.9340507183845,130.25841113476253,130.72877502441406,68711000,0.0,0.0
2021-06-25 00:00:00-04:00,130.7777709892388,131.19912181234292,130.14082550615106,130.43479919433594,70783700,0.0,0.0
2021-06-28 00:00:00-04:00,130.72875158549564,132.5317679828533,130.669959847861,132.0712127685547,62111300,0.0,0.0
2021-06-29 00:00:00-04:00,132.09083850565023,133.74687585363333,131.64988544279703,133.590087890625,64556100,0.0,0.0
2021-06-30 00:00:00-04:00,133.4332816037582,134.64836572202546,133.1393079515186,134.20741271972656,63261400,0.0,0.0
2021-07-01 00:00:00-04:00,133.85463680142217,134.5699611689942,133.03150764945613,134.51116943359375,52485800,0.0,0.0
2021-07-02 00:00:00-04:00,135.1285290871627,137.18633001828633,134.98154971442102,137.1471405029297,78852600,0.0,0.0
2021-07-06 00:00:00-04:00,137.25490420705506,140.27298973450715,137.25490420705506,139.16571044921875,108181800,0.0,0.0
2021-07-07 00:00:00-04:00,140.6551614207794,141.9780354300495,139.79285761414,141.6644744873047,104911600,0.0,0.0
2021-07-08 00:00:00-04:00,138.73457978552972,141.16473348435932,137.84286503744906,140.36122131347656,105575500,0.0,0.0
2021-07-09 00:00:00-04:00,139.88104882276198,142.72275942044914,139.7830526150671,142.19361877441406,99890800,0.0,0.0
2021-07-12 00:00:00-04:00,143.27152578832394,143.37931564236285,141.10593506704151,141.59588623046875,76299700,0.0,0.0
2021-07-13 00:00:00-04:00,141.1353538362706,144.4964271377333,140.74339882279335,142.71299743652344,100827100,0.0,0.0
2021-07-14 00:00:00-04:00,145.12353460486517,146.56399216212412,144.7119624866864,146.1524200439453,127050800,0.0,0.0
2021-07-15 00:00:00-04:00,146.24064607105467,146.98536654545342,144.1338468459617,145.49591064453125,106820300,0.0,0.0
2021-07-16 00:00:00-04:00,145.47626514134978,146.75012584657617,142.94811605428242,143.44786071777344,93251400,0.0,0.0
2021-07-19 00:00:00-04:00,140.8609117161473,141.17448753141895,138.82271377323517,139.5870361328125,121434600,0.0,0.0
2021-07-20 00:00:00-04:00,140.57676805507745,144.1436112585622,140.0868169834333,143.2126922607422,96350000,0.0,0.0
2021-07-21 00:00:00-04:00,142.6051447372581,143.19309195056664,141.72323886941402,142.47775268554688,74993500,0.0,0.0
2021-07-22 00:00:00-04:00,143.00696894617687,145.22154314688225,142.87957684032378,143.8496856689453,77338200,0.0,0.0
2021-07-23 00:00:00-04:00,144.58458386878672,145.73106773788473,143.96724064999466,145.57427978515625,71447400,0.0,0.0
2021-07-26 00:00:00-04:00,145.29010519733632,146.8187502561115,144.731553759334,145.99563598632812,72434100,0.0,0.0
2021-07-27 00:00:00-04:00,146.12301268573492,146.2112152481958,142.62476957316773,143.82025146484375,104818600,0.0,0.0
2021-07-28 00:00:00-04:00,141.89964155731053,144.0162339928002,139.67525927689903,142.06622314453125,118931200,0.0,0.0
2021-07-29 00:00:00-04:00,141.78209306542092,143.60471228712836,141.67430319389587,142.71299743652344,56699500,0.0,0.0
2021-07-30 00:00:00-04:00,141.4782919442919,143.38909834548167,141.21371414962817,142.9285430908203,70440600,0.0,0.0
2021-08-02 00:00:00-04:00,143.41849700972153,143.99663576121543,142.3308048906137,142.5953826904297,62880000,0.0,0.0
2021-08-03 00:00:00-04:00,142.87955539064197,145.06473338535233,142.26221214218597,144.39840698242188,64786600,0.0,0.0
2021-08-04 00:00:00-04:00,144.31018840207938,144.8197267354332,143.34007992721791,143.99661254882812,56368300,0.0,0.0
2021-08-05 00:00:00-04:00,144.02602192289004,144.8687384173836,143.232303529077,144.1044158935547,46397700,0.0,0.0
2021-08-06 00:00:00-04:00,143.62355957636092,144.36939566640558,142.91697171230874,143.41746520996094,54126800,0.22,0.0
2021-08-09 00:00:00-04:00,143.47639009423833,143.96707543312047,142.8090652211321,143.36843872070312,48908700,0.0,0.0
2021-08-10 00:00:00-04:00,143.7118749573733,144.95821948179562,142.59311336897338,142.8875274658203,69023100,0.0,0.0
2021-08-11 00:00:00-04:00,143.32914770557306,143.98666406649497,142.81883091257257,143.14268493652344,48493500,0.0,0.0
2021-08-12 00:00:00-04:00,143.4665592940723,146.27327959158745,143.12307362087492,146.1162567138672,72282600,0.0,0.0
2021-08-13 00:00:00-04:00,146.19475896699817,146.6560042822418,145.5078026382922,146.3223419189453,59375000,0.0,0.0
2021-08-16 00:00:00-04:00,145.77275011469712,148.37339061458732,143.7413212084629,148.3046875,103296000,0.0,0.0
2021-08-17 00:00:00-04:00,147.43126177455844,148.85424577061949,146.3125001875388,147.3920135498047,92229700,0.0,0.0
2021-08-18 00:00:00-04:00,147.00930937577087,147.91216847248862,143.42729793250948,143.63339233398438,86326000,0.0,0.0
2021-08-19 00:00:00-04:00,142.32816925758922,145.2428409806357,141.80804406555308,143.96705627441406,86960300,0.0,0.0
2021-08-20 00:00:00-04:00,144.69327810851246,145.7335285086771,144.04556994347644,145.42930603027344,60549600,0.0,0.0
2021-08-23 00:00:00-04:00,145.54704713474933,147.3920283484006,145.1348733480979,146.9209747314453,60131800,0.0,0.0
2021-08-24 00:00:00-04:00,146.66581042238676,148.04954634761012,146.37139629315473,146.8326416015625,48606400,0.0,0.0
2021-08-25 00:00:00-04:00,147.01905299288444,147.51956132998646,145.04650447321478,145.5960693359375,58991300,0.0,0.0
2021-08-26 00:00:00-04:00,145.58630443638947,146.34194886069025,144.76194192197897,144.7913818359375,48597200,0.0,0.0
2021-08-27 00:00:00-04:00,144.73250473188153,145.97884935283636,144.0946199514099,145.83164978027344,55802400,0.0,0.0
2021-08-30 00:00:00-04:00,146.22419927229765,150.63055805059383,145.84146538996188,150.26744079589844,90956700,0.0,0.0
2021-08-31 00:00:00-04:00,149.8160040465339,149.9533952991406,148.47151645903594,149.00146484375,86453100,0.0,0.0
2021-09-01 00:00:00-04:00,149.98283843704763,152.09277878484346,149.50196155532296,149.66879272460938,80313700,0.0,0.0
2021-09-02 00:00:00-04:00,151.0034698406252,151.83764073221985,149.56085404781211,150.78756713867188,71115500,0.0,0.0
2021-09-03 00:00:00-04:00,150.89548198507103,151.74928427243492,150.23796572437928,151.42543029785156,57808700,0.0,0.0
2021-09-07 00:00:00-04:00,152.08296162989393,154.33029310259397,151.51376504008468,153.7709197998047,82278300,0.0,0.0
2021-09-08 00:00:00-04:00,154.05554077983348,154.11442061539339,151.1114292056323,152.2203826904297,74420200,0.0,0.0
2021-09-09 00:00:00-04:00,152.5932662544077,153.20171102031637,151.08194767683096,151.19972229003906,57305700,0.0,0.0
2021-09-10 00:00:00-04:00,152.11241016755477,152.58346376101343,145.92977372713005,146.1947479248047,140893200,0.0,0.0
2021-09-13 00:00:00-04:00,147.82384373270557,148.5991198416723,145.97886239429423,146.7639617919922,102404300,0.0,0.0
2021-09-14 00:00:00-04:00,147.54904724190396,148.25563513558592,144.17313063309547,145.36058044433594,109296300,0.0,0.0
2021-09-15 00:00:00-04:00,145.79240150994914,146.6560123561671,143.64319768326396,146.25364685058594,83281300,0.0,0.0
2021-09-16 00:00:00-04:00,145.674611041655,146.19473610738382,144.4773380668959,146.01808166503906,68034100,0.0,0.0
2021-09-17 00:00:00-04:00,146.04756618473306,146.04756618473306,143.04455985172558,143.33897399902344,129868800,0.0,0.0
2021-09-20 00:00:00-04:00,141.12110952717035,142.14172846545398,138.63824285637997,140.27713012695312,123478900,0.0,0.0
2021-09-21 00:00:00-04:00,141.24861971901947,141.9061509958665,140.12004986680236,140.7579345703125,75834000,0.0,0.0
2021-09-22 00:00:00-04:00,141.75897626590603,143.7020858074547,141.02294833620297,143.13290405273438,76404300,0.0,0.0
2021-09-23 00:00:00-04:00,143.9179500495402,144.3399470698202,142.92677142673216,144.0946044921875,64838200,0.0,0.0
2021-09-24 00:00:00-04:00,142.94643143467502,144.72270965382597,142.84828839430818,144.18295288085938,53477900,0.0,0.0
2021-09-27 00:00:00-04:00,142.75997776343394,143.24085473271322,141.14072231560772,142.66183471679688,74150700,0.0,0.0
2021-09-28 00:00:00-04:00,140.5813447142184,142.0534006798123,139.05040890592517,139.2663116455078,108972300,0.0,0.0
2021-09-29 00:00:00-04:00,139.81588015515973,141.75898988336476,139.38407466566352,140.16917419433594,74602000,0.0,0.0
2021-09-30 00:00:00-04:00,140.9836859376015,141.69027387708846,138.64801941682376,138.86392211914062,89056700,0.0,0.0
2021-10-01 00:00:00-04:00,139.25644963882814,140.25745160999782,136.51843289284824,139.9924774169922,94639600,0.0,0.0
2021-10-04 00:00:00-04:00,139.1190833806911,139.56071210655347,135.69410975464882,136.5478973388672,98322000,0.0,0.0
2021-10-05 00:00:00-04:00,136.89138564675028,139.59015470334057,136.76380268131754,138.481201171875,80861100,0.0,0.0
2021-10-06 00:00:00-04:00,136.87174803273044,139.50181384644353,135.79223446768353,139.3546142578125,83221100,0.0,0.0
2021-10-07 00:00:00-04:00,140.39484869057674,141.53324196194288,140.06118634451136,140.6205596923828,61732700,0.0,0.0
2021-10-08 00:00:00-04:00,141.34679220421845,141.49399178970734,139.90417636832538,140.2378387451172,58773200,0.0,0.0
2021-10-11 00:00:00-04:00,139.6195569824435,142.11223095937743,139.16812005497925,140.1494903564453,64452200,0.0,0.0
2021-10-12 00:00:00-04:00,140.5616765276079,140.58130812824112,138.41247298124185,138.87371826171875,73035900,0.0,0.0
2021-10-13 00:00:00-04:00,138.6087661510849,138.7657740406363,136.60676207042818,138.284912109375,78762700,0.0,0.0
2021-10-14 00:00:00-04:00,139.46254720881987,141.19957699805144,138.87371898295444,141.08180236816406,69907100,0.0,0.0
2021-10-15 00:00:00-04:00,141.09161936901995,142.2005576815035,140.83645349440351,142.1416778564453,67940300,0.0,0.0
2021-10-18 00:00:00-04:00,140.7775702194293,144.10441502439815,140.49297941378114,143.81982421875,85589200,0.0,0.0
2021-10-19 00:00:00-04:00,144.27129459116838,146.39105879971473,143.81987247563387,145.9886932373047,76378900,0.0,0.0
2021-10-20 00:00:00-04:00,145.92978977650145,146.96023179232097,145.36059309181522,146.47935485839844,58418800,0.0,0.0
2021-10-21 00:00:00-04:00,146.03773505673811,146.85227433157712,145.1152444328355,146.69525146484375,61421000,0.0,0.0
2021-10-22 00:00:00-04:00,146.90133805459163,147.38219996847627,145.87089613630118,145.9199676513672,58883400,0.0,0.0
2021-10-25 00:00:00-04:00,145.91011308708946,146.58726091608818,144.86986307857808,145.87086486816406,50720600,0.0,0.0
2021-10-26 00:00:00-04:00,146.54803157896646,148.02989537029094,146.2339858890175,146.53822326660156,60893400,0.0,0.0
2021-10-27 00:00:00-04:00,146.57744344951314,146.9405456063458,145.72365622689802,146.0769500732422,56094900,0.0,0.0
2021-10-28 00:00:00-04:00,147.0289379884622,150.316520234439,146.93079494698944,149.7277069091797,100077900,0.0,0.0
2021-10-29 00:00:00-04:00,144.47735511008415,147.14668386300448,143.68244746206824,147.00929260253906,124953200,0.0,0.0
2021-11-01 00:00:00-04:00,146.214406960223,146.91117168083264,145.04657358324243,146.18496704101562,74588300,0.0,0.0
2021-11-02 00:00:00-04:00,145.89054000814804,148.7463317156188,145.8807167195942,147.22520446777344,69122000,0.0,0.0
2021-11-03 00:00:00-04:00,147.5883026678542,149.13886978936398,147.02892929321277,148.66781616210938,54511500,0.0,0.0
2021-11-04 00:00:00-04:00,148.75613470689277,149.5902906052328,147.8336440873552,148.14768981933594,60394600,0.0,0.0
2021-11-05 00:00:00-04:00,149.27791606706361,149.58258253436696,147.47938515102905,148.67840576171875,65463900,0.22,0.0
2021-11-08 00:00:00-05:00,148.80613336618327,148.96338536873958,147.57763021441775,147.85281372070312,55020900,0.0,0.0
2021-11-09 00:00:00-05:00,147.61698137586924,148.8258246521251,147.47938958016843,148.21649169921875,56787900,0.0,0.0
2021-11-10 00:00:00-05:00,147.44005113894966,147.54816002545584,145.3073712836708,145.37615966796875,65187100,0.0,0.0
2021-11-11 00:00:00-05:00,146.3983234198743,146.86022697622457,145.14032193837838,145.32705688476562,41000000,0.0,0.0
2021-11-12 00:00:00-05:00,145.87738357535494,147.8135059084211,144.94372409915425,147.4105682373047,63804000,0.0,0.0
2021-11-15 00:00:00-05:00,147.78404236912726,149.26808409571646,146.86020539939403,147.42041015625,59222800,0.0,0.0
2021-11-16 00:00:00-05:00,147.36141469432596,148.88476162488783,146.771727173987,148.40318298339844,59256200,0.0,0.0
2021-11-17 00:00:00-05:00,148.40320352046666,152.33441420975052,148.39338089243975,150.8503875732422,88807000,0.0,0.0
2021-11-18 00:00:00-05:00,151.0665970606914,155.94128964959728,150.41794373346818,155.15504455566406,137827700,0.0,0.0
2021-11-19 00:00:00-05:00,154.9388492026231,158.250904703225,153.83811490964536,157.7889862060547,117305600,0.0,0.0
2021-11-22 00:00:00-05:00,158.89955399642577,162.85042556306863,158.23125527180156,158.25091552734375,117467900,0.0,0.0
2021-11-23 00:00:00-05:00,158.34919507569182,159.01750883157283,156.3246235442444,158.63421630859375,96041900,0.0,0.0
2021-11-24 00:00:00-05:00,157.9855374355737,159.35163261820963,156.89462581516804,159.1550750732422,69463600,0.0,0.0
2021-11-26 00:00:00-05:00,156.8257951087762,157.69065107255733,153.67099262647835,154.11325073242188,76959800,0.0,0.0
2021-11-29 00:00:00-05:00,156.6292653970327,158.417973553797,156.05923801728514,157.48431396484375,88748200,0.0,0.0
2021-11-30 00:00:00-05:00,157.23861066878493,162.673508444908,157.1698072809554,162.45729064941406,174048100,0.0,0.0
2021-12-01 00:00:00-05:00,164.59978822518326,167.3712989739356,161.7005233258962,161.9364013671875,152052500,0.0,0.0
2021-12-02 00:00:00-05:00,156.01009761206393,161.3761916676954,155.08626072429414,160.94375610351562,136739200,0.0,0.0
2021-12-03 00:00:00-05:00,161.19931100266786,162.1231479856483,156.97325618498053,159.05679321289062,118023100,0.0,0.0
2021-12-06 00:00:00-05:00,161.46462826318137,164.99290090063192,161.45480563613842,162.4769287109375,107497000,0.0,0.0
2021-12-07 00:00:00-05:00,166.17226851871695,168.62927506471814,165.44498918240458,168.23614501953125,120405400,0.0,0.0
2021-12-08 00:00:00-05:00,169.16982694435688,172.93396293794615,167.76441134011625,172.069091796875,116998900,0.0,0.0
2021-12-09 00:00:00-05:00,171.9020161028415,173.71036939014843,170.9290360750293,171.5580291748047,108923700,0.0,0.0
2021-12-10 00:00:00-05:00,172.19686362537885,176.54084965789616,171.68580203438307,176.3639373779297,115402700,0.0,0.0
2021-12-13 00:00:00-05:00,178.00522669948663,178.99786706027314,172.51136300579722,172.71775817871094,153237000,0.0,0.0
2021-12-14 00:00:00-05:00,172.23617743924208,174.68336162152622,169.24846375567876,171.33200073242188,139380400,0.0,0.0
2021-12-15 00:00:00-05:00,172.09856171649545,176.41306447625462,169.34671147190795,176.2165069580078,131063300,0.0,0.0
2021-12-16 00:00:00-05:00,176.19685561719783,178.02486912244925,167.81355032065514,169.29757690429688,150185800,0.0,0.0
2021-12-17 00:00:00-05:00,167.0076406202552,170.48677026390172,166.77177759111154,168.19683837890625,195432700,0.0,0.0
2021-12-20 00:00:00-05:00,165.38604354598067,167.64649284258897,164.5801530989622,166.8307647705078,107499100,0.0,0.0
2021-12-21 00:00:00-05:00,168.60961436850548,170.22141005857458,166.21157358651485,170.01502990722656,91185900,0.0,0.0
2021-12-22 00:00:00-05:00,170.06418314156005,172.83569412545992,169.18948928424598,172.61947631835938,92135300,0.0,0.0
2021-12-23 00:00:00-05:00,172.82586089930805,173.80866359990947,172.25583353339374,173.2484588623047,68356600,0.0,0.0
2021-12-27 00:00:00-05:00,174.04451952373478,177.3172541822936,174.02487426792013,177.2288055419922,74919600,0.0,0.0
2021-12-28 00:00:00-05:00,177.0617287998104,178.2116060992947,175.45975568348982,176.20668029785156,79144300,0.0,0.0
2021-12-29 00:00:00-05:00,176.2460228777558,177.52366948045372,175.076485179818,176.295166015625,62348900,0.0,0.0
2021-12-30 00:00:00-05:00,176.3835852641225,177.46467413151436,175.0273128661905,175.1354217529297,59773000,0.0,0.0
2021-12-31 00:00:00-05:00,175.02734303358918,176.1477376000055,174.21161492875567,174.51629638671875,64062300,0.0,0.0
2022-01-03 00:00:00-05:00,174.77177544165573,179.73493120982582,174.6538439370769,178.8798828125,104487900,0.0,0.0
2022-01-04 00:00:00-05:00,179.4892694890775,179.79393593953884,176.0396222685355,176.60964965820312,99310400,0.0,0.0
2022-01-05 00:00:00-05:00,176.5211971316123,177.07156425536837,171.6366664137079,171.91184997558594,94537600,0.0,0.0
2022-01-06 00:00:00-05:00,169.73002738877994,172.285320469028,168.68825890104756,169.0420684814453,96904000,0.0,0.0
2022-01-07 00:00:00-05:00,169.91678674303358,171.14529032437787,168.08877281413805,169.20916748046875,86709100,0.0,0.0
2022-01-10 00:00:00-05:00,166.1722734494287,169.53345670452697,165.27791944101605,169.22879028320312,106765600,0.0,0.0
2022-01-11 00:00:00-05:00,169.35656184948618,172.1673630652104,167.88235785704865,172.069091796875,76138300,0.0,0.0
2022-01-12 00:00:00-05:00,173.09118720876316,174.13295555388092,171.81355583992206,172.51133728027344,74805200,0.0,0.0
2022-01-13 00:00:00-05:00,172.7570481888216,173.5825988136433,168.83566022635117,169.22879028320312,84505800,0.0,0.0
2022-01-14 00:00:00-05:00,168.39341420548664,170.79145523828697,168.14771352583708,170.0936737060547,80440800,0.0,0.0
2022-01-18 00:00:00-05:00,168.56048225619764,169.57276781693594,166.4966056259258,166.87989807128906,90956700,0.0,0.0
2022-01-19 00:00:00-05:00,167.07644696659617,168.13787560571404,163.08627069140266,163.37127685546875,94815000,0.0,0.0
2022-01-20 00:00:00-05:00,164.10838623013277,166.76195044943782,161.3565357449214,161.6808624267578,91420500,0.0,0.0
2022-01-21 00:00:00-05:00,161.59241715203612,163.46957389675498,159.50888023954428,159.6169891357422,122848900,0.0,0.0
2022-01-24 00:00:00-05:00,157.26810076459748,159.50888984216238,152.03958291935942,158.840576171875,162294600,0.0,0.0
2022-01-25 00:00:00-05:00,156.24598134135783,159.9609746399648,154.3196962957588,157.0322265625,115798400,0.0,0.0
2022-01-26 00:00:00-05:00,160.6882317654177,161.56292551584528,155.1059199641222,156.94375610351562,108275300,0.0,0.0
2022-01-27 00:00:00-05:00,159.65630602886313,161.02240127110773,155.55802030212934,156.4818572998047,121954600,0.0,0.0
2022-01-28 00:00:00-05:00,162.86021394342566,167.42041708553484,160.0002549802617,167.4007568359375,179935700,0.0,0.0
2022-01-31 00:00:00-05:00,167.2337176205423,171.99047927683918,166.5948868425434,171.77426147460938,115541600,0.0,0.0
2022-02-01 00:00:00-05:00,171.0175053301255,171.83323343223077,169.3467436133565,171.60719299316406,86213900,0.0,0.0
2022-02-02 00:00:00-05:00,171.7447582622127,172.8553300243515,170.34918033798783,172.81600952148438,84914300,0.0,0.0
2022-02-03 00:00:00-05:00,171.47940471663034,173.20914700397037,169.1599898283705,169.92657470703125,89418100,0.0,0.0
2022-02-04 00:00:00-05:00,168.9425345214472,171.32396054369477,167.9584796418521,169.64122009277344,82465400,0.22,0.0
2022-02-07 00:00:00-05:00,170.1036989608729,171.17631499855844,168.22415084791191,168.92283630371094,77251200,0.0,0.0
2022-02-08 00:00:00-05:00,168.9917215679186,172.55401004838063,168.69650213361186,172.04229736328125,74829200,0.0,0.0
2022-02-09 00:00:00-05:00,173.24284884864312,173.83327271357754,172.11117683042102,173.46917724609375,71285000,0.0,0.0
2022-02-10 00:00:00-05:00,171.36329839541398,172.68192819387235,168.8146001247778,169.37550354003906,90865900,0.0,0.0
2022-02-11 00:00:00-05:00,169.5821531192089,170.32019416538782,165.3605499263947,165.95098876953125,98670700,0.0,0.0
2022-02-14 00:00:00-05:00,164.70127745101004,166.87604556697002,163.90419531846183,166.1872100830078,86185500,0.0,0.0
2022-02-15 00:00:00-05:00,168.24386374496802,170.192288199675,167.53534303134987,170.0348358154297,62527400,0.0,0.0
2022-02-16 00:00:00-05:00,169.1098249151892,170.57605697053586,167.33852325607717,169.7986602783203,61177400,0.0,0.0
2022-02-17 00:00:00-05:00,168.30292228706756,169.16889547575568,165.7837439368702,166.1872100830078,69589300,0.0,0.0
2022-02-18 00:00:00-05:00,167.1122232569253,167.82072902550368,163.5400988885513,164.6324005126953,82772700,0.0,0.0
2022-02-22 00:00:00-05:00,162.3493702057695,164.03211066057264,159.56449308823295,161.6999053955078,91162800,0.0,0.0
2022-02-23 00:00:00-05:00,162.9004517631082,163.50072589040192,157.20278014132612,157.51768493652344,90009200,0.0,0.0
2022-02-24 00:00:00-05:00,150.14709468760051,160.25334246210673,149.5763410580208,160.1450958251953,141147500,0.0,0.0
2022-02-25 00:00:00-05:00,161.22754578023935,162.48713480856267,158.30490162446958,162.22145080566406,91974200,0.0,0.0
2022-02-28 00:00:00-05:00,160.4599711238184,162.78234102115098,159.84001180321536,162.48712158203125,95056600,0.0,0.0
2022-03-01 00:00:00-05:00,162.07383007117033,163.94354328714707,159.3873645469528,160.59774780273438,83474400,0.0,0.0
2022-03-02 00:00:00-05:00,161.7687775639212,164.69142169446647,160.35173616541616,163.9041748046875,79724800,0.0,0.0
2022-03-03 00:00:00-05:00,165.78371011148872,166.21669661748916,162.91027195360368,163.5794219970703,76678400,0.0,0.0
2022-03-04 00:00:00-05:00,161.8672123710347,162.9103082686563,159.5153215214296,160.56825256347656,83737200,0.0,0.0
2022-03-07 00:00:00-05:00,160.75522487368383,162.38875977204634,156.5041000801844,156.7599639892578,96418800,0.0,0.0
2022-03-08 00:00:00-05:00,156.28759642734667,160.28285666328267,153.3157466151268,154.92959594726562,131148300,0.0,0.0
2022-03-09 00:00:00-05:00,158.90519879842833,160.80443277563816,156.86821273593628,160.3517608642578,91454900,0.0,0.0
2022-03-10 00:00:00-05:00,157.6456062977945,157.83257914825734,153.49289304131352,155.99240112304688,105342000,0.0,0.0
2022-03-11 00:00:00-05:00,156.39582947431037,156.74025467661986,152.03647371376925,152.26280212402344,96970100,0.0,0.0
2022-03-14 00:00:00-04:00,149.035105347276,151.66253001815127,147.70664029732,148.2183380126953,108732100,0.0,0.0
2022-03-15 00:00:00-04:00,148.49385829575584,153.089407270085,147.98216062819657,152.61705017089844,92964300,0.0,0.0
2022-03-16 00:00:00-04:00,154.54582575293017,157.44878471807237,151.99712715402308,157.04531860351562,102300200,0.0,0.0
2022-03-17 00:00:00-04:00,156.0809539111175,158.43284460620507,155.11658427872035,158.05889892578125,75615400,0.0,0.0
2022-03-18 00:00:00-04:00,157.9506391261387,161.85733809568418,157.21259798603037,161.3653106689453,123511700,0.0,0.0
2022-03-21 00:00:00-04:00,160.90280343219604,163.69753062342352,160.410776006235,162.7429962158203,95811400,0.0,0.0
2022-03-22 00:00:00-04:00,162.87090921607214,166.71856719819857,162.28048532842047,166.12814331054688,81532000,0.0,0.0
2022-03-23 00:00:00-04:00,165.31139897375533,169.8872485547504,164.9768088738895,167.49600219726562,98062700,0.0,0.0
2022-03-24 00:00:00-04:00,168.33243390367338,171.36332488957797,167.49599622256298,171.29444885253906,90131400,0.0,0.0
2022-03-25 00:00:00-04:00,171.10744910627062,172.4851197852727,169.99546240540764,171.93405151367188,80546200,0.0,0.0
2022-03-28 00:00:00-04:00,169.42471770580778,172.92795048627315,169.25743018713217,172.80003356933594,90371900,0.0,0.0
2022-03-29 00:00:00-04:00,173.8726518827145,176.15565130084448,173.52822668291532,176.10646057128906,100589400,0.0,0.0
2022-03-30 00:00:00-04:00,175.70301699368227,176.74611285404396,173.88250930234273,174.93545532226562,92633200,0.0,0.0
2022-03-31 00:00:00-04:00,175.00432947989117,175.19130232369773,171.61917803441048,171.82583618164062,103049300,0.0,0.0
2022-04-01 00:00:00-04:00,171.25505972274473,172.09151232886626,169.1983887454629,171.5305938720703,78751300,0.0,0.0
2022-04-04 00:00:00-04:00,171.78645453057726,175.6439475646401,171.6585226009615,175.59474182128906,76468400,0.0,0.0
2022-04-05 00:00:00-04:00,174.66972709725982,175.4569739407951,171.638836509714,172.2686309814453,73401800,0.0,0.0
2022-04-06 00:00:00-04:00,169.6116814961237,170.86143526379934,167.41724355380708,169.0901336669922,89058800,0.0,0.0
2022-04-07 00:00:00-04:00,168.43081790840108,170.5957353976524,167.14170856316215,169.3951873779297,77594700,0.0,0.0
2022-04-08 00:00:00-04:00,169.04092358061774,169.04092358061774,166.50206052636017,167.37786865234375,76575500,0.0,0.0
2022-04-11 00:00:00-04:00,166.0198950514866,166.33478478538393,162.8610724769926,163.10708618164062,72246700,0.0,0.0
2022-04-12 00:00:00-04:00,165.34089363354275,167.1613860255376,163.98289318870957,164.98663330078125,79265200,0.0,0.0
2022-04-13 00:00:00-04:00,164.72093797881234,168.3127321148904,164.11082878699807,167.6829376220703,70618900,0.0,0.0
2022-04-14 00:00:00-04:00,167.89946457984104,168.5391093592671,162.4084357051471,162.65444946289062,75329400,0.0,0.0
2022-04-18 00:00:00-04:00,161.30627040967605,163.9435452353402,160.9618602189061,162.4379425048828,69023900,0.0,0.0
2022-04-19 00:00:00-04:00,162.38874866299832,165.14410546856962,161.2964470906838,164.7307891845703,67723800,0.0,0.0
2022-04-20 00:00:00-04:00,166.06909457220715,166.18719136722032,163.45152002793873,164.56349182128906,67929800,0.0,0.0
2022-04-21 00:00:00-04:00,166.2166896462883,168.7949082587247,163.2645254279015,163.76638793945312,87227800,0.0,0.0
2022-04-22 00:00:00-04:00,163.8057851903542,165.1932911869879,158.92486628163977,159.21023559570312,84882400,0.0,0.0
2022-04-25 00:00:00-04:00,158.55092119216803,160.56823674674308,155.9333465615322,160.28286743164062,96046400,0.0,0.0
2022-04-26 00:00:00-04:00,159.66288486961668,159.75144619433357,154.22106324602348,154.29978942871094,95623200,0.0,0.0
2022-04-27 00:00:00-04:00,153.42399128149194,157.24211378977282,152.9024434257798,154.07347106933594,88063200,0.0,0.0
2022-04-28 00:00:00-04:00,156.71071626419635,161.89668891256514,156.39581154213602,161.0307159423828,130216800,0.0,0.0
2022-04-29 00:00:00-04:00,159.25942241026976,163.54990186297132,154.74261456190868,155.13623046875,131747600,0.0,0.0
2022-05-02 00:00:00-04:00,154.21123096519486,155.70698341755673,150.8260801242461,155.44129943847656,123055300,0.0,0.0
2022-05-03 00:00:00-04:00,155.62827792248643,158.14747110367338,153.82747065183054,156.93707275390625,88966500,0.0,0.0
2022-05-04 00:00:00-04:00,157.12400393346877,163.8254136876746,156.72053792384406,163.3727569580078,108256500,0.0,0.0
2022-05-05 00:00:00-04:00,161.23738888499025,161.46371729012728,152.47929194392455,154.27027893066406,130525300,0.0,0.0
2022-05-06 00:00:00-04:00,153.74796732614354,157.1282427342657,151.9444991405495,154.9995574951172,116124600,0.23,0.0
2022-05-09 00:00:00-04:00,152.68360662844097,153.5705662251753,149.29349706523496,149.855224609375,131577900,0.0,0.0
2022-05-10 00:00:00-04:00,153.26507972972064,154.46739183893223,150.71262137734965,152.26971435546875,115366700,0.0,0.0
2022-05-11 00:00:00-04:00,151.2743434971103,153.19606667734942,143.69584140711092,144.37583923339844,142689800,0.0,0.0
2022-05-12 00:00:00-04:00,140.69992744454566,144.08018734631574,136.78748878802156,140.4929656982422,182602000,0.0,0.0
2022-05-13 00:00:00-04:00,142.49353909158592,145.95265608735048,141.03500230205145,144.9770050048828,113990900,0.0,0.0
2022-05-16 00:00:00-04:00,143.43962842487466,145.38106598701418,142.08948225415682,143.4297637939453,86643800,0.0,0.0
2022-05-17 00:00:00-04:00,146.7016005903777,147.59840962723905,144.55320174589355,147.0760955810547,78336300,0.0,0.0
2022-05-18 00:00:00-04:00,144.72079733304852,145.22339732349553,137.8715547980024,138.77822875976562,109742900,0.0,0.0
2022-05-19 00:00:00-04:00,137.8518359532745,139.6060259100609,134.61939501913687,135.3585205078125,136095600,0.0,0.0
2022-05-20 00:00:00-04:00,137.07329814838306,138.65995498562737,130.68725738522548,135.5950469970703,137426100,0.0,0.0
2022-05-23 00:00:00-04:00,135.79214749031698,141.1828380246541,135.65417798096212,141.03501892089844,117726300,0.0,0.0
2022-05-24 00:00:00-04:00,138.76834717267448,139.91153156082976,135.3388090457555,138.3248748779297,104132700,0.0,0.0
2022-05-25 00:00:00-04:00,136.42283633085628,139.7341188389118,136.33414488879876,138.4825439453125,92482700,0.0,0.0
2022-05-26 00:00:00-04:00,135.3979480231376,142.24717525757603,135.1515728345783,141.69529724121094,90601500,0.0,0.0
2022-05-27 00:00:00-04:00,143.28194375102797,147.50973506608682,143.15382385017716,147.47032165527344,90978500,0.0,0.0
2022-05-31 00:00:00-04:00,146.90860654542266,148.47554915584195,144.71092900811684,146.6819305419922,103718400,0.0,0.0
2022-06-01 00:00:00-04:00,147.72655096677192,149.53988370849348,145.53873817938137,146.55381774902344,74286600,0.0,0.0
2022-06-02 00:00:00-04:00,145.68653595554252,149.07665997069225,144.7305992987982,149.0175323486328,72348100,0.0,0.0
2022-06-03 00:00:00-04:00,144.770044944171,145.82453789756687,142.3654358987846,143.2720947265625,88570300,0.0,0.0
2022-06-06 00:00:00-04:00,144.89816741340283,146.4158469197131,142.79904610031343,144.0210723876953,71598400,0.0,0.0
2022-06-07 00:00:00-04:00,142.25703403584302,146.83960633947197,142.0106588574211,146.55381774902344,67808200,0.0,0.0
2022-06-08 00:00:00-04:00,146.4256722718094,147.69696135392218,145.32191647725907,145.81466674804688,53950200,0.0,0.0
2022-06-09 00:00:00-04:00,144.9474172871913,145.80479792166835,140.46338694458436,140.57179260253906,69473000,0.0,0.0
2022-06-10 00:00:00-04:00,138.24601378405768,138.71904983013044,135.0727008597942,135.14169311523438,91437900,0.0,0.0
2022-06-13 00:00:00-04:00,130.9434397750269,133.23965762444672,129.53418135174823,129.96780395507812,122207100,0.0,0.0
2022-06-14 00:00:00-04:00,131.19969793288186,131.9486729653345,129.57361294213226,130.83505249023438,84784300,0.0,0.0
2022-06-15 00:00:00-04:00,132.3428841585756,135.34866434133303,130.24377786500034,133.4663543701172,91533000,0.0,0.0
2022-06-16 00:00:00-04:00,130.16492507881696,130.47042786825955,127.16899474112004,128.17420959472656,108123900,0.0,0.0
2022-06-17 00:00:00-04:00,128.18406435914898,131.15041561507837,127.92782459091552,129.65245056152344,134520300,0.0,0.0
2022-06-21 00:00:00-04:00,131.48548988632155,135.07271151353063,131.3869488476208,133.89996337890625,81000500,0.0,0.0
2022-06-22 00:00:00-04:00,132.83561923956722,135.7625572241762,131.96838893721528,133.38751220703125,73409200,0.0,0.0
2022-06-23 00:00:00-04:00,134.83622462315083,136.58055018558431,133.66347628298064,136.26519775390625,72433800,0.0,0.0
2022-06-24 00:00:00-04:00,137.87152739306867,139.85239321545572,137.74342254109405,139.60601806640625,89116800,0.0,0.0
2022-06-27 00:00:00-04:00,140.63093206993196,141.40948596195392,138.92602024902237,139.60601806640625,70207900,0.0,0.0
2022-06-28 00:00:00-04:00,140.06923635925068,141.34052580053483,135.32897982103705,135.44723510742188,67083400,0.0,0.0
2022-06-29 00:00:00-04:00,135.46693252662052,138.63038134531047,134.6883785543866,137.2112579345703,66242400,0.0,0.0
2022-06-30 00:00:00-04:00,135.25996980273172,136.36372576433453,131.8304316095035,134.73765563964844,98964500,0.0,0.0
2022-07-01 00:00:00-04:00,134.06750724522163,137.02400931509246,133.69302720857007,136.9156036376953,71051600,0.0,0.0
2022-07-05 00:00:00-04:00,135.77242091666662,139.5567395850138,134.9445889899598,139.50746154785156,73353800,0.0,0.0
2022-07-06 00:00:00-04:00,139.30051963790794,142.03034554759492,139.03443025811183,140.84774780273438,74064300,0.0,0.0
2022-07-07 00:00:00-04:00,141.21238269809453,144.42512446788226,141.20253310502923,144.22802734375,66253700,0.0,0.0
2022-07-08 00:00:00-04:00,143.1538148575739,145.4106197017086,142.89759010951482,144.9080047607422,64547800,0.0,0.0
2022-07-11 00:00:00-04:00,143.55788906254995,144.51382597051048,141.69529329047643,142.7694854736328,63141600,0.0,0.0
2022-07-12 00:00:00-04:00,143.6465763614465,146.29757564571045,142.946879286725,143.74513244628906,77588800,0.0,0.0
2022-07-13 00:00:00-04:00,140.91674157030096,144.32656535504097,140.05934579014044,143.3804931640625,71185600,0.0,0.0
2022-07-14 00:00:00-04:00,141.9909289473083,146.79031208077845,141.17296164080028,146.31727600097656,78140700,0.0,0.0
2022-07-15 00:00:00-04:00,147.6082853549652,148.67262785570932,146.05119253188846,147.9926300048828,76259900,0.0,0.0
2022-07-18 00:00:00-04:00,148.55436158747918,149.37232886647305,144.57293085689554,144.9375762939453,81420900,0.0,0.0
2022-07-19 00:00:00-04:00,145.77523400946922,149.0372382999484,144.77988390532624,148.81057739257812,82982400,0.0,0.0
2022-07-20 00:00:00-04:00,148.92883987406518,151.49114734609626,148.18971445377295,150.8209991455078,64823400,0.0,0.0
2022-07-21 00:00:00-04:00,152.25986777550145,153.31436080918664,149.73698823001865,153.09754943847656,65086600,0.0,0.0
2022-07-22 00:00:00-04:00,153.13695840464973,154.01405345612082,151.1856711624816,151.85580444335938,66675400,0.0,0.0
2022-07-25 00:00:00-04:00,151.7769586670234,152.7920231935369,150.07204665223094,150.73233032226562,53623900,0.0,0.0
2022-07-26 00:00:00-04:00,150.05235088160816,150.8703183745743,148.61352809160934,149.4019317626953,55138700,0.0,0.0
2022-07-27 00:00:00-04:00,150.3677126833835,155.04884144648923,149.9538041551516,154.51666259765625,78620700,0.0,0.0
2022-07-28 00:00:00-04:00,154.70389699283152,155.3543310693815,152.17116799178928,155.06854248046875,81378700,0.0,0.0
2022-07-29 00:00:00-04:00,158.90214195015406,161.257488076031,157.1873652790473,160.15371704101562,101786900,0.0,0.0
2022-08-01 00:00:00-04:00,158.6754625398599,161.2180561543135,158.55720726769144,159.168212890625,67829400,0.0,0.0
2022-08-02 00:00:00-04:00,157.77864788642987,160.05515180598763,157.31546141372255,157.68994140625,59907000,0.0,0.0
2022-08-03 00:00:00-04:00,158.5079004783938,164.17452848450282,158.41920904035234,163.72120666503906,82507500,0.0,0.0
2022-08-04 00:00:00-04:00,163.60293510821845,164.76583353563055,162.0458424897601,163.4058380126953,55474100,0.0,0.0
2022-08-05 00:00:00-04:00,161.06699370571175,163.6723288419394,160.85974446443265,163.17889404296875,56697000,0.23,0.0
2022-08-08 00:00:00-04:00,164.18550472324978,165.60659947941937,162.04399931317954,162.7052001953125,60276900,0.0,0.0
2022-08-09 00:00:00-04:00,161.8663704234178,163.64273887329983,161.10647654738344,162.75454711914062,63135500,0.0,0.0
2022-08-10 00:00:00-04:00,165.47827786948693,167.11648492615134,164.70852083002953,167.01780700683594,70170500,0.0,0.0
2022-08-11 00:00:00-04:00,167.82707242681653,168.74486915287414,165.9816307563738,166.27769470214844,57149200,0.0,0.0
2022-08-12 00:00:00-04:00,167.59020942251294,169.9093440404782,167.1757109224635,169.84027099609375,68039400,0.0,0.0
2022-08-15 00:00:00-04:00,169.26788410549148,171.11332550526615,169.10011807446065,170.91595458984375,54091700,0.0,0.0
2022-08-16 00:00:00-04:00,170.5113239880509,171.42912052331732,169.40603488259293,170.75804138183594,56377100,0.0,0.0
2022-08-17 00:00:00-04:00,170.5014454179234,173.83705404292962,170.30407453228813,172.25807189941406,79542000,0.0,0.0
2022-08-18 00:00:00-04:00,171.4686004513763,172.60349451732048,170.8468677576589,171.86334228515625,62290100,0.0,0.0
2022-08-19 00:00:00-04:00,170.75803562921558,171.45871962967124,169.06061881248345,169.2678680419922,70346300,0.0,0.0
2022-08-22 00:00:00-04:00,167.461909771558,167.62967580149297,164.94538920566245,165.3697509765625,69026800,0.0,0.0
2022-08-23 00:00:00-04:00,164.88617053329148,166.49477276056035,164.46180878530728,165.03419494628906,54147100,0.0,0.0
2022-08-24 00:00:00-04:00,165.1229965699385,165.90261677652632,164.06703907536092,165.33023071289062,53841500,0.0,0.0
2022-08-25 00:00:00-04:00,166.56383740879377,167.9059805666135,166.13949074062336,167.79742431640625,51218200,0.0,0.0
2022-08-26 00:00:00-04:00,168.3303593412636,168.80405254539968,161.4123936253421,161.4716033935547,78961000,0.0,0.0
2022-08-29 00:00:00-04:00,159.0340260013609,160.76104775775735,157.72150271792214,159.26101684570312,73314000,0.0,0.0
2022-08-30 00:00:00-04:00,160.00117720950024,160.42552392043874,155.64907854678992,156.82345581054688,77906200,0.0,0.0
2022-08-31 00:00:00-04:00,158.20507865575672,158.47153769020628,155.0767035244846,155.15565490722656,87991100,0.0,0.0
2022-09-01 00:00:00-04:00,154.5832350896264,156.33986156326952,152.6391010050158,155.8859100341797,74229900,0.0,0.0
2022-09-02 00:00:00-04:00,157.65241340262483,158.2544044411162,152.93517807481416,153.76414489746094,76957800,0.0,0.0
2022-09-06 00:00:00-04:00,154.4154753271388,155.0273296121399,151.6719792603848,152.50094604492188,73714800,0.0,0.0
2022-09-07 00:00:00-04:00,152.78715495485997,154.61285463504657,151.59303614241935,153.9121856689453,87449600,0.0,0.0
2022-09-08 00:00:00-04:00,152.60951406525444,154.30693097885487,150.6752430270464,152.431884765625,84923800,0.0,0.0
2022-09-09 00:00:00-04:00,153.42861893209738,155.74776853082003,152.71807161072002,155.3036651611328,68028800,0.0,0.0
2022-09-12 00:00:00-04:00,157.49451256385936,162.10319169268726,157.20832701154205,161.28408813476562,104956000,0.0,0.0
2022-09-13 00:00:00-04:00,157.800418503048,158.43201434659505,151.35616222080873,151.8199920654297,122656600,0.0,0.0
2022-09-14 00:00:00-04:00,152.75752979849568,155.0372110898694,151.59303096684667,153.2707061767578,87965400,0.0,0.0
2022-09-15 00:00:00-04:00,152.61935435324472,153.20161877290226,149.39230209520935,150.36929321289062,90481100,0.0,0.0
2022-09-16 00:00:00-04:00,149.22455028716234,149.36271142090462,146.4218293394224,148.7212371826172,162278800,0.0,0.0
2022-09-19 00:00:00-04:00,147.34950026158054,152.530565756339,147.142266074514,152.4516143798828,81474200,0.0,0.0
2022-09-20 00:00:00-04:00,151.38579993733708,156.0043577800845,151.07000947628035,154.83984375,107689800,0.0,0.0
2022-09-21 00:00:00-04:00,155.27406232514645,156.6556888275703,151.5831795854477,151.70159912109375,101696800,0.0,0.0
2022-09-22 00:00:00-04:00,150.37922334375253,152.44177758979671,148.92852354850243,150.7344970703125,86652500,0.0,0.0
2022-09-23 00:00:00-04:00,149.20480341314504,149.4811256708757,146.60933178685332,148.45477294921875,96029900,0.0,0.0
2022-09-26 00:00:00-04:00,147.69491830315658,151.7509532458143,147.67517669341092,148.79034423828125,93339400,0.0,0.0
2022-09-27 00:00:00-04:00,150.73444637733243,152.68844368705126,147.98107215786084,149.76730346679688,84442700,0.0,0.0
2022-09-28 00:00:00-04:00,145.70143313730634,148.66204205913598,142.9381951319115,147.87254333496094,146691400,0.0,0.0
2022-09-29 00:00:00-04:00,144.18165483368003,144.79350916804302,138.83280834097133,140.6091766357422,128138200,0.0,0.0
2022-09-30 00:00:00-04:00,139.42493615755308,141.2210460611346,136.18800506786133,136.3853759765625,124925300,0.0,0.0
2022-10-03 00:00:00-04:00,136.39524222216883,141.19142866488522,135.88206585827712,140.57955932617188,114311700,0.0,0.0
2022-10-04 00:00:00-04:00,143.12569817421627,144.30007541815792,142.36580435900075,144.18165588378906,87830100,0.0,0.0
2022-10-05 00:00:00-04:00,142.17829892107557,145.44483462169993,141.13220458118386,144.47769165039062,79471000,0.0,0.0
2022-10-06 00:00:00-04:00,143.8954467664891,145.60272687269935,143.31319734564778,143.5204315185547,68402200,0.0,0.0
2022-10-07 00:00:00-04:00,140.6683921871329,141.22105183590455,137.61896860646343,138.2505645751953,85925600,0.0,0.0
2022-10-10 00:00:00-04:00,138.57623291015625,140.0269324842531,136.75053311295184,138.57623291015625,74899000,0.0,0.0
2022-10-11 00:00:00-04:00,138.063054355342,139.49402735669463,136.40512061529776,137.15513610839844,77033700,0.0,0.0
2022-10-12 00:00:00-04:00,137.3031797708572,138.51702522883681,136.3459150018641,136.52354431152344,70433700,0.0,0.0
2022-10-13 00:00:00-04:00,133.21753108987443,141.7046005106399,132.6056617056489,141.11248779296875,113224000,0.0,0.0
2022-10-14 00:00:00-04:00,142.41511641910063,142.62236561257416,136.37548069154334,136.56298828125,88598000,0.0,0.0
2022-10-17 00:00:00-04:00,139.21769847828358,141.02365655306738,138.4281998048671,140.54010009765625,85250900,0.0,0.0
2022-10-18 00:00:00-04:00,143.57964610972482,144.7737497481639,138.7637182271675,141.86248779296875,99136600,0.0,0.0
2022-10-19 00:00:00-04:00,139.82957901773042,143.04676902151695,139.64207135355937,141.97108459472656,61758300,0.0,0.0
2022-10-20 00:00:00-04:00,141.1420652904652,143.97437563945456,140.77691337406094,141.5072021484375,64522000,0.0,0.0
2022-10-21 00:00:00-04:00,140.99406803245788,145.90868993912767,140.77695549561207,145.3363037109375,86548600,0.0,0.0
2022-10-24 00:00:00-04:00,145.25733581108966,148.2574127069579,144.08295860217441,147.48765563964844,75981900,0.0,0.0
2022-10-25 00:00:00-04:00,148.1192649256449,150.48776116501867,147.39885428402872,150.3397216796875,74732300,0.0,0.0
2022-10-26 00:00:00-04:00,148.9778376688811,149.9943121264643,146.09616525843597,147.38897705078125,88194300,0.0,0.0
2022-10-27 00:00:00-04:00,146.12579536819774,147.09292340264514,142.23752656273683,142.8987274169922,109180200,0.0,0.0
2022-10-28 00:00:00-04:00,146.2540490373011,155.43193790631275,145.87904888716614,153.69505310058594,164762400,0.0,0.0
2022-10-31 00:00:00-04:00,151.14893931793952,152.21476020669766,149.92521569193562,151.32656860351562,97943200,0.0,0.0
2022-11-01 00:00:00-04:00,153.04371444627304,153.408851320098,147.17184429440783,148.671875,80379300,0.0,0.0
2022-11-02 00:00:00-04:00,146.9942290649959,150.17195049314788,143.09609701993313,143.12570190429688,93604600,0.0,0.0
2022-11-03 00:00:00-04:00,140.19466446387372,140.9249532404364,136.92812916133795,137.05642700195312,97918500,0.0,0.0
2022-11-04 00:00:00-04:00,140.4568862236132,141.0302218087603,132.835509487029,136.78953552246094,140814800,0.23,0.0
2022-11-07 00:00:00-05:00,135.5341392248018,137.55068603269024,134.11068732115655,137.32333374023438,83374600,0.0,0.0
2022-11-08 00:00:00-05:00,138.79624280214017,139.80450887367877,135.90980476875018,137.89669799804688,89908500,0.0,0.0
2022-11-09 00:00:00-05:00,136.90816917152026,136.95759752003397,133.0431046023265,133.31988525390625,74917800,0.0,0.0
2022-11-10 00:00:00-05:00,139.61669377296678,145.18197631835938,137.8966866598679,145.18197631835938,118854000,0.0,0.0
2022-11-11 00:00:00-05:00,144.14403590087628,148.285865777023,142.7106893014463,147.97943115234375,93979700,0.0,0.0
2022-11-14 00:00:00-05:00,147.25781653663145,148.55275765609238,145.7355080589872,146.57574462890625,73374100,0.0,0.0
2022-11-15 00:00:00-05:00,150.47050439791028,151.82475387007386,146.85256593568872,148.3155517578125,89868300,0.0,0.0
2022-11-16 00:00:00-05:00,147.41599873753398,148.14748399123684,145.5971350727314,147.07989501953125,64218300,0.0,0.0
2022-11-17 00:00:00-05:00,144.74701489370946,149.7389762643868,144.47023425105218,148.9877166748047,80389400,0.0,0.0
2022-11-18 00:00:00-05:00,150.5594283528078,150.94494529919749,148.24632667446954,149.5511474609375,74829600,0.0,0.0
2022-11-21 00:00:00-05:00,148.43416682216127,148.6417447784354,146.02220810744817,146.30886840820312,58724100,0.0,0.0
2022-11-22 00:00:00-05:00,146.42750698271593,148.69118076144065,145.24128683803002,148.4539337158203,51804100,0.0,0.0
2022-11-23 00:00:00-05:00,147.73233375155243,150.08498469071404,147.62359740352187,149.33372497558594,58301400,0.0,0.0
2022-11-25 00:00:00-05:00,146.6054437081691,147.1688998342538,145.42911818185223,146.40774536132812,35195900,0.0,0.0
2022-11-28 00:00:00-05:00,143.47186332830165,144.95462339373816,141.73209694821898,142.56243896484375,69246000,0.0,0.0
2022-11-29 00:00:00-05:00,142.6316369436181,143.1456646936347,138.73693289245665,139.54750061035156,83763800,0.0,0.0
2022-11-30 00:00:00-05:00,139.77482505617792,147.01070049689147,138.93460350915308,146.32862854003906,111380900,0.0,0.0
2022-12-01 00:00:00-05:00,146.50656610739853,147.4159903463265,144.92494955414173,146.60540771484375,71250400,0.0,0.0
2022-12-02 00:00:00-05:00,144.28243209151336,146.29897894842466,143.9759823709456,146.1111602783203,65447400,0.0,0.0
2022-12-05 00:00:00-05:00,146.07164500360574,149.18543519719876,144.0946315261712,144.9447479248047,68826400,0.0,0.0
2022-12-06 00:00:00-05:00,145.3796777864446,145.60703008872727,140.28885957535718,141.26748657226562,64727200,0.0,0.0
2022-12-07 00:00:00-05:00,140.55577809875786,141.72220883121116,138.3909458890047,139.3201446533203,69721100,0.0,0.0
2022-12-08 00:00:00-05:00,140.72382246539036,141.87049392300491,139.47830938217072,141.01048278808594,62128300,0.0,0.0
2022-12-09 00:00:00-05:00,140.70404702164143,143.89693468072133,139.28059488984613,140.526123046875,76097000,0.0,0.0
2022-12-12 00:00:00-05:00,141.05992524409444,142.8392406004374,139.43877460463034,142.82936096191406,70462700,0.0,0.0
2022-12-13 00:00:00-05:00,147.78174582279246,148.24634516014598,142.58220621584587,143.79806518554688,93886200,0.0,0.0
2022-12-14 00:00:00-05:00,143.67942923603562,144.97437036858227,139.53758448888027,141.56402587890625,82291200,0.0,0.0
2022-12-15 00:00:00-05:00,139.48816842184618,140.17024039649047,134.46655303010576,134.93115234375,98931900,0.0,0.0
2022-12-16 00:00:00-05:00,135.11898755239025,136.06794556798988,132.1930009902241,132.9640350341797,160156900,0.0,0.0
2022-12-19 00:00:00-05:00,133.55711557048346,133.64607753663165,129.81068252303507,130.84860229492188,79592600,0.0,0.0
2022-12-20 00:00:00-05:00,129.87988952300458,131.7185125149171,128.39712953221752,130.77943420410156,77432800,0.0,0.0
2022-12-21 00:00:00-05:00,131.45160643001654,135.2375886040089,131.224254130209,133.89321899414062,85928000,0.0,0.0
2022-12-22 00:00:00-05:00,132.80586453500828,133.0134424692819,128.802409885042,130.71022033691406,77852100,0.0,0.0
2022-12-23 00:00:00-05:00,129.41528379353238,130.89804371107982,128.14999653723166,130.344482421875,63814900,0.0,0.0
2022-12-27 00:00:00-05:00,129.86999709579138,129.8996510860134,127.24056601774359,128.53550720214844,69007800,0.0,0.0
2022-12-28 00:00:00-05:00,128.17965363057965,129.52402325835672,124.42333294025542,124.59137725830078,85438400,0.0,0.0
2022-12-29 00:00:00-05:00,126.51897766739482,128.98035737968635,126.26197134070489,128.120361328125,75703700,0.0,0.0
2022-12-30 00:00:00-05:00,126.93412645040064,128.45641986166103,125.9653867378923,128.4366455078125,77034200,0.0,0.0
2023-01-03 00:00:00-05:00,128.78264911213327,129.39551842727084,122.74287269172645,123.63253021240234,112117500,0.0,0.0
2023-01-04 00:00:00-05:00,125.43161455867813,127.18127564102066,123.64241984503863,124.90770721435547,89113600,0.0,0.0
2023-01-05 00:00:00-05:00,125.66884902202133,126.30149268134268,123.32609306355886,123.58309936523438,80962700,0.0,0.0
2023-01-06 00:00:00-05:00,124.5617315121944,128.79253144434853,123.45460129199294,128.13023376464844,87754700,0.0,0.0
2023-01-09 00:00:00-05:00,128.97048897560737,131.87670150653418,128.39715319682298,128.65415954589844,70790800,0.0,0.0
2023-01-10 00:00:00-05:00,128.76284825892097,129.75135473588205,126.64744500156075,129.22744750976562,63896200,0.0,0.0
2023-01-11 00:00:00-05:00,129.7414893304502,131.97550878336855,128.96057576470602,131.95574951171875,69458900,0.0,0.0
2023-01-12 00:00:00-05:00,132.34126249583184,132.71688473025435,129.92930408672314,131.8766632080078,71379600,0.0,0.0
2023-01-13 00:00:00-05:00,130.51251723414498,133.369300530634,130.14677464113623,133.2111358642578,57809700,0.0,0.0
2023-01-17 00:00:00-05:00,133.2803661632613,135.7120843078782,132.58841445883436,134.3776092529297,63646600,0.0,0.0
2023-01-18 00:00:00-05:00,135.24748690824802,137.01690717262807,133.47805156045354,133.65599060058594,69672800,0.0,0.0
2023-01-19 00:00:00-05:00,132.53897616267878,134.68403382720132,132.23254150823482,133.71530151367188,58280400,0.0,0.0
2023-01-20 00:00:00-05:00,133.72517191147224,136.4336854309728,132.67735732670167,136.285400390625,80223600,0.0,0.0
2023-01-23 00:00:00-05:00,136.5325639862707,141.6728117743155,136.31509126831105,139.4882049560547,81760300,0.0,0.0
2023-01-24 00:00:00-05:00,138.6973598255773,141.51460969317372,138.68748018952127,140.891845703125,66435100,0.0,0.0
2023-01-25 00:00:00-05:00,139.27067026170224,140.79296352657107,137.21457507814415,140.22952270507812,65799300,0.0,0.0
2023-01-26 00:00:00-05:00,141.52449124388164,142.59208020551668,140.26908361074402,142.305419921875,54105100,0.0,0.0
2023-01-27 00:00:00-05:00,141.51462437013356,145.53783884062292,141.43554202324185,144.25277709960938,70555800,0.0,0.0
2023-01-30 00:00:00-05:00,143.29394037386407,143.8771557170406,141.20819059706298,141.35646057128906,64015300,0.0,0.0
2023-01-31 00:00:00-05:00,141.05990031223737,142.68105066516867,140.64472931637368,142.63162231445312,65874500,0.0,0.0
2023-02-01 00:00:00-05:00,142.31530314667881,144.92496009089808,139.69576656602072,143.75851440429688,77663600,0.0,0.0
2023-02-02 00:00:00-05:00,147.18864741549214,149.44244157391893,146.46704171932092,149.0865936279297,118339000,0.0,0.0
2023-02-03 00:00:00-05:00,146.32864922602454,155.57119313377925,146.13095089780094,152.7242889404297,154357300,0.0,0.0
2023-02-06 00:00:00-05:00,150.81650226401393,151.34040970492984,149.047066498083,149.98614501953125,69858300,0.0,0.0
2023-02-07 00:00:00-05:00,148.90863720361276,153.44587898676582,148.90863720361276,152.87254333496094,83322600,0.0,0.0
2023-02-08 00:00:00-05:00,152.11139923515765,152.80335083301824,149.43253973358082,150.17391967773438,64120100,0.0,0.0
2023-02-09 00:00:00-05:00,152.0125130559009,152.55619459283545,148.6911309470225,149.13595581054688,56007100,0.0,0.0
2023-02-10 00:00:00-05:00,147.96777632833437,149.82899586326752,147.73016708482578,149.50228881835938,57450700,0.23,0.0
2023-02-13 00:00:00-05:00,149.44290943263957,152.71985991539307,149.41321016170093,152.31396484375,62199000,0.0,0.0
2023-02-14 00:00:00-05:00,150.60122163396125,152.23475701699866,149.35380697400552,151.67044067382812,61707600,0.0,0.0
2023-02-15 00:00:00-05:00,151.58132321108715,153.9474604229768,151.35362380168024,153.77915954589844,65573800,0.0,0.0
2023-02-16 00:00:00-05:00,151.97735397330246,154.7692064041291,151.81896289081203,152.1753692626953,68167900,0.0,0.0
2023-02-17 00:00:00-05:00,150.8289315997935,151.47243590583543,149.34390771836374,151.0269317626953,59144100,0.0,0.0
2023-02-21 00:00:00-05:00,148.7004180444314,149.78944181785107,146.92829583835442,146.99758911132812,58867200,0.0,0.0
2023-02-22 00:00:00-05:00,147.383654456277,148.45287338487984,145.6907358158214,147.4232635498047,51011300,0.0,0.0
2023-02-23 00:00:00-05:00,148.59149969615066,148.83900369928494,145.76996312428713,147.90838623046875,48394200,0.0,0.0
2023-02-24 00:00:00-05:00,145.64123957502227,145.720442659753,144.26511807901926,145.2452392578125,55469600,0.0,0.0
2023-02-27 00:00:00-05:00,146.23526611588312,147.6806809778149,145.97785229460726,146.4431610107422,44998500,0.0,0.0
2023-02-28 00:00:00-05:00,145.58184135182967,147.59157242356576,145.36403664496177,145.93824768066406,50547000,0.0,0.0
2023-03-01 00:00:00-05:00,145.36403554214274,145.76003585720164,143.5621993638043,143.8592071533203,55479000,0.0,0.0
2023-03-02 00:00:00-05:00,142.93850860687647,145.24524759786468,142.46329007120497,144.45323181152344,52238100,0.0,0.0
2023-03-03 00:00:00-05:00,146.56195681168307,149.6013130753249,145.85905393614254,149.52210998535156,70732300,0.0,0.0
2023-03-06 00:00:00-05:00,152.25454983701871,154.73949959731118,151.92785785960842,152.29415893554688,87558000,0.0,0.0
2023-03-07 00:00:00-05:00,152.16546570634722,152.49217281957698,149.62113228238874,150.08644104003906,56182000,0.0,0.0
2023-03-08 00:00:00-05:00,151.2843514535327,151.93776567756532,150.31413994619248,151.34375,47204800,0.0,0.0
2023-03-09 00:00:00-05:00,152.02685072996366,152.99706215582498,148.73009571987657,149.0865020751953,53833600,0.0,0.0
2023-03-10 00:00:00-05:00,148.7103138108838,149.43302127956616,146.1362661024609,147.0173797607422,68572400,0.0,0.0
2023-03-13 00:00:00-04:00,146.33425116280637,151.6110378452132,146.2253488070177,148.9676971435547,84457100,0.0,0.0
2023-03-14 00:00:00-04:00,149.76962498664284,151.86845415267095,148.60141331315802,151.06654357910156,73695900,0.0,0.0
2023-03-15 00:00:00-04:00,149.68050801163758,151.71993837140982,148.42318357477492,151.46253967285156,77167900,0.0,0.0
2023-03-16 00:00:00-04:00,150.64082983435895,154.89790141964556,150.1260173130943,154.2939910888672,76161100,0.0,0.0
2023-03-17 00:00:00-04:00,154.52170325241562,155.17511745555205,152.7396713831552,153.45248413085938,98944600,0.0,0.0
2023-03-20 00:00:00-04:00,153.52176753764005,156.24431116818113,152.61093964757077,155.8284912109375,73641400,0.0,0.0
2023-03-21 00:00:00-04:00,155.7493201936468,157.80854012474336,154.97709383642948,157.6897430419922,73938300,0.0,0.0
2023-03-22 00:00:00-04:00,157.70958221109754,160.5212245673394,156.2344526485275,156.25425720214844,75701800,0.0,0.0
2023-03-23 00:00:00-04:00,157.24423866782476,159.9370833205621,156.10571123599644,157.34323120117188,67622100,0.0,0.0
2023-03-24 00:00:00-04:00,157.27394850099208,158.73916800835937,156.27403774029648,158.6500701904297,59196500,0.0,0.0
2023-03-27 00:00:00-04:00,158.34315238139064,159.1648674270664,156.29381212775743,156.69972229003906,52390300,0.0,0.0
2023-03-28 00:00:00-04:00,156.3928163743877,156.9076288835252,154.42267925169685,156.0760040283203,45992200,0.0,0.0
2023-03-29 00:00:00-04:00,157.77887005022876,159.44210504874283,157.75908060373825,159.16490173339844,51305700,0.0,0.0
2023-03-30 00:00:00-04:00,159.9172681392784,160.8478855082498,159.65986944195512,160.73898315429688,49501700,0.0,0.0
2023-03-31 00:00:00-04:00,160.8181856716707,163.35262396586768,160.29347845168977,163.2536163330078,68749800,0.0,0.0
2023-04-03 00:00:00-04:00,162.62990129702547,164.62972235607688,162.58039748524962,164.51092529296875,56976200,0.0,0.0
2023-04-04 00:00:00-04:00,164.93665022196166,165.1742443629799,163.461521135219,163.97633361816406,46278300,0.0,0.0
2023-04-05 00:00:00-04:00,163.0951957683311,163.40209822566197,160.18454712348557,162.12496948242188,51511700,0.0,0.0
2023-04-06 00:00:00-04:00,160.80826034261725,163.31301423323083,160.3825607965336,163.01600646972656,45390100,0.0,0.0
2023-04-10 00:00:00-04:00,159.80838211165943,160.41229248046875,158.48176428720794,160.41229248046875,47716900,0.0,0.0
2023-04-11 00:00:00-04:00,160.72909253457362,160.7389872555695,158.90745173956898,159.19456481933594,47644200,0.0,0.0
2023-04-12 00:00:00-04:00,159.61038476928212,160.44199460478865,158.18475927615913,158.50157165527344,50133100,0.0,0.0
2023-04-13 00:00:00-04:00,160.01627300479524,164.1446374499689,159.8083630212289,163.9070281982422,68445600,0.0,0.0
2023-04-14 00:00:00-04:00,162.9467114928456,164.6594498569072,162.18441013519882,163.56053161621094,49386500,0.0,0.0
2023-04-17 00:00:00-04:00,163.4417358903036,163.73874370809605,162.39232135968928,163.58033752441406,41516200,0.0,0.0
2023-04-18 00:00:00-04:00,164.4416518212544,165.73857027099072,163.99613256812546,164.80795288085938,49923000,0.0,0.0
2023-04-19 00:00:00-04:00,164.14465925023921,166.48109766330478,163.8872454167369,165.95639038085938,47720200,0.0,0.0
2023-04-20 00:00:00-04:00,164.43175373561738,166.19398100625685,163.90704646438456,164.9861602783203,52456400,0.0,0.0
2023-04-21 00:00:00-04:00,163.40213579346278,164.78815208279067,162.8477292777316,163.3724365234375,58337300,0.0,0.0
2023-04-24 00:00:00-04:00,163.35261424779375,163.94662979672654,162.25369605677815,163.6793212890625,41949600,0.0,0.0
2023-04-25 00:00:00-04:00,163.54075445626503,164.64956760321772,162.09532436989073,162.1349334716797,48714100,0.0,0.0
2023-04-26 00:00:00-04:00,161.43196149708749,163.62979761232017,161.17456284723215,162.12496948242188,45498800,0.0,0.0
2023-04-27 00:00:00-04:00,163.54073931024718,166.87708827078586,163.54073931024718,166.7285919189453,64902300,0.0,0.0
2023-04-28 00:00:00-04:00,166.80780972743617,168.1542321598927,166.2038993325892,167.9859161376953,55209200,0.0,0.0
2023-05-01 00:00:00-04:00,167.5899022757501,168.74821914844807,166.95629265889536,167.8968048095703,52472900,0.0,0.0
2023-05-02 00:00:00-04:00,168.3918123170909,168.6492261368123,165.86726857821876,166.85728454589844,48425700,0.0,0.0
2023-05-03 00:00:00-04:00,167.80771888799373,169.21353985292495,165.4910849784499,165.77818298339844,65136000,0.0,0.0
2023-05-04 00:00:00-04:00,163.24372680909343,165.3722550253471,162.66951575440282,164.13473510742188,81235400,0.0,0.0
2023-05-05 00:00:00-04:00,169.27291399392053,172.55977402605672,169.055109287866,171.83706665039062,113316400,0.0,0.0
2023-05-08 00:00:00-04:00,170.7579255984111,172.1142575536809,170.3916245765101,171.7677459716797,55962800,0.0,0.0
2023-05-09 00:00:00-04:00,171.32225761857964,171.80735575023974,169.8867375588741,170.05503845214844,45326900,0.0,0.0
2023-05-10 00:00:00-04:00,171.29257694818676,172.29248769554175,170.1837487273319,171.82717895507812,53724500,0.0,0.0
2023-05-11 00:00:00-04:00,172.11426641943214,172.8468685009711,170.45103188917147,172.0152587890625,49514700,0.0,0.0
2023-05-12 00:00:00-04:00,172.1243165202818,172.5605284867848,169.52689179090092,171.0833740234375,45497800,0.24,0.0
2023-05-15 00:00:00-04:00,171.66828335580215,171.71785564660993,169.9928397669383,170.58767700195312,37266700,0.0,0.0
2023-05-16 00:00:00-04:00,170.50836436212853,171.64845141401116,170.3199987334625,170.58767700195312,42110300,0.0,0.0
2023-05-17 00:00:00-04:00,170.23077817517168,171.4402543357864,168.9518826544196,171.20233154296875,57951600,0.0,0.0
2023-05-18 00:00:00-04:00,171.50966446616422,173.73037308197308,171.0932844370763,173.54200744628906,65496700,0.0,0.0
2023-05-19 00:00:00-04:00,174.8704617599002,174.8704617599002,173.43295602393476,173.65106201171875,55772400,0.0,0.0
2023-05-22 00:00:00-04:00,172.481219573557,173.20494177332736,171.95578654636702,172.69932556152344,43570900,0.0,0.0
2023-05-23 00:00:00-04:00,171.6385439691014,171.88639029719062,169.80447509030535,170.08206176757812,50747300,0.0,0.0
2023-05-24 00:00:00-04:00,169.61611066863975,170.93465495874622,169.0510289027881,170.35964965820312,45143500,0.0,0.0
2023-05-25 00:00:00-04:00,170.92475054539574,172.4019050243478,170.21095188854838,171.499755859375,56058300,0.0,0.0
2023-05-26 00:00:00-04:00,171.826923039006,174.25581421879875,171.61872545109665,173.91873168945312,54835000,0.0,0.0
2023-05-30 00:00:00-04:00,175.4355461600694,177.44805707235744,175.04890650518007,175.77261352539062,55964400,0.0,0.0
2023-05-31 00:00:00-04:00,175.80236562165695,177.80496826079084,175.23726871202743,175.72305297851562,99625300,0.0,0.0
2023-06-01 00:00:00-04:00,176.1691489115404,178.56829930609416,175.4057780636658,178.53855895996094,68901800,0.0,0.0
2023-06-02 00:00:00-04:00,179.4704869589175,180.21402596420296,177.71573067078862,179.39117431640625,61945900,0.0,0.0
2023-06-05 00:00:00-04:00,181.05670243794387,183.35670847100744,176.50623240767692,178.03297424316406,121946500,0.0,0.0
2023-06-06 00:00:00-04:00,178.41964625028925,178.56834802152292,175.90151865689154,177.66619873046875,64848400,0.0,0.0
2023-06-07 00:00:00-04:00,176.90280103766142,179.64894264257165,175.79245430672572,176.28814697265625,61944600,0.0,0.0
2023-06-08 00:00:00-04:00,176.36743802214428,179.28211321134853,175.93124119908015,179.0144500732422,50214900,0.0,0.0
2023-06-09 00:00:00-04:00,179.93644924551378,180.66015634842165,179.0739487923587,179.40110778808594,48870700,0.0,0.0
2023-06-12 00:00:00-04:00,179.70840047119435,182.30582486935572,179.4109818840196,182.20668029785156,54274900,0.0,0.0
2023-06-13 00:00:00-04:00,181.22526434191118,182.56362563080822,180.868364972737,181.73086547851562,54929100,0.0,0.0
2023-06-14 00:00:00-04:00,181.79032062893717,182.8015378873281,180.45195952819037,182.36532592773438,57462900,0.0,0.0
2023-06-15 00:00:00-04:00,182.3752648056927,184.91320900884034,182.19680756750913,184.4075927734375,65433200,0.0,0.0
2023-06-16 00:00:00-04:00,185.12137027990616,185.37914013584773,182.68257094685526,183.32696533203125,101235600,0.0,0.0
2023-06-20 00:00:00-04:00,182.82137659501507,184.4968202621219,182.82137659501507,183.41619873046875,49799100,0.0,0.0
2023-06-21 00:00:00-04:00,183.30714894064778,183.8127651610623,181.01705115534045,182.37525939941406,49515700,0.0,0.0
2023-06-22 00:00:00-04:00,182.15714267343606,185.43862563579464,182.0877384404729,185.38905334472656,51245300,0.0,0.0
2023-06-23 00:00:00-04:00,183.9515678810459,185.94424713129428,183.41621128242684,185.0718231201172,53079300,0.0,0.0
2023-06-26 00:00:00-04:00,185.22052415803645,186.43001547826037,183.63430156934749,183.67396545410156,48088700,0.0,0.0
2023-06-27 00:00:00-04:00,184.28863684003687,186.7671004131867,184.0705308354124,186.43994140625,50730800,0.0,0.0
2023-06-28 00:00:00-04:00,186.311023626698,188.26405378835105,185.9838798047539,187.61965942382812,51216800,0.0,0.0
2023-06-29 00:00:00-04:00,187.45114025988062,188.43261718372244,187.31234691859044,187.9567413330078,46347300,0.0,0.0
2023-06-30 00:00:00-04:00,189.9791732182635,192.8046122965116,189.61235036422667,192.29901123046875,85069600,0.0,0.0
2023-07-03 00:00:00-04:00,192.11066863921243,192.20981323378058,190.10806582219766,190.8020477294922,31458200,0.0,0.0
2023-07-05 00:00:00-04:00,189.91970062749374,191.31754248795588,188.97787243386384,189.6817626953125,46920300,0.0,0.0
2023-07-06 00:00:00-04:00,188.20457782150964,190.36580559694158,187.57009184775086,190.15760803222656,45094300,0.0,0.0
2023-07-07 00:00:00-04:00,189.76107572138073,191.01021583133178,188.60115666342472,189.037353515625,46778000,0.0,0.0
2023-07-10 00:00:00-04:00,187.62957811566648,188.3533002828443,185.42870151973196,186.9851837158203,59922200,0.0,0.0
2023-07-11 00:00:00-04:00,187.53044524382943,187.66923857945199,184.9925013196807,186.45974731445312,46638100,0.0,0.0
2023-07-12 00:00:00-04:00,188.04597194874682,190.04857465553215,186.84640410814296,188.1352081298828,60750200,0.0,0.0
2023-07-13 00:00:00-04:00,188.85892606758472,189.54298444064506,188.14512734155142,188.89857482910156,41342300,0.0,0.0
2023-07-14 00:00:00-04:00,188.59122781892412,189.53304086059518,187.99640569502964,189.04727172851562,41573900,0.0,0.0
2023-07-17 00:00:00-04:00,190.2468257033596,192.64599134916114,190.1576046603519,192.31883239746094,50520200,0.0,0.0
2023-07-18 00:00:00-04:00,191.6843800124933,192.65593350366643,190.76238369122416,192.06109619140625,48353800,0.0,0.0
2023-07-19 00:00:00-04:00,191.4365103758755,196.52230675519328,190.99037488225764,193.41928100585938,80507300,0.0,0.0
2023-07-20 00:00:00-04:00,193.40936968617578,194.77748634801802,190.84168518874347,191.4662628173828,59581200,0.0,0.0
2023-07-21 00:00:00-04:00,192.42789492586837,193.29039530573385,189.58260879656223,190.2864990234375,71917800,0.0,0.0
2023-07-24 00:00:00-04:00,191.7438412670713,193.230919269526,190.5938306479448,191.0895233154297,45377800,0.0,0.0
2023-07-25 00:00:00-04:00,191.66453127210508,192.7649696142135,191.25805964859208,191.9520263671875,37283200,0.0,0.0
2023-07-26 00:00:00-04:00,192.0015807949404,193.95461096026835,191.65460503159764,192.82443237304688,47471900,0.0,0.0
2023-07-27 00:00:00-04:00,194.33134751765755,195.50117489112708,190.89123937354253,191.5554656982422,47460200,0.0,0.0
2023-07-28 00:00:00-04:00,192.99299467254062,194.93611671931453,192.46756161890426,194.14300537109375,48291400,0.0,0.0
2023-07-31 00:00:00-04:00,194.37098975201062,194.79729327585247,193.5778785263088,194.75762939453125,38824100,0.0,0.0
2023-08-01 00:00:00-04:00,194.54945856713078,195.0352276872512,193.59772201405482,193.9248809814453,35175100,0.0,0.0
2023-08-02 00:00:00-04:00,193.3597894476311,193.4985827896997,190.1972829299724,190.92098999023438,50389300,0.0,0.0
2023-08-03 00:00:00-04:00,189.91968024316816,190.71277634396813,189.047256379482,189.5231170654297,61235200,0.0,0.0
2023-08-04 00:00:00-04:00,183.92179948550063,185.7657766923876,180.3528064633521,180.42221069335938,115799700,0.0,0.0
2023-08-07 00:00:00-04:00,180.56103875442,181.5524242148805,175.82221746360614,177.30929565429688,97576100,0.0,0.0
2023-08-08 00:00:00-04:00,178.14204563329835,178.71705098279648,176.05022182613857,178.2510986328125,67823000,0.0,0.0
2023-08-09 00:00:00-04:00,179.31185840559957,179.3713391045639,175.48511045638642,176.6549530029297,60378500,0.0,0.0
2023-08-10 00:00:00-04:00,177.93381484794008,179.19287831156532,176.07002092304583,176.43682861328125,54686900,0.0,0.0
2023-08-11 00:00:00-04:00,176.02984778529373,177.32037701982404,175.26544597344693,176.4964141845703,51988100,0.24,0.0
2023-08-14 00:00:00-04:00,176.6751020557822,178.38258864969947,176.01990054114177,178.15426635742188,43675600,0.0,0.0
2023-08-15 00:00:00-04:00,177.57847773870674,178.174103062697,175.76179096239193,176.15887451171875,43622600,0.0,0.0
2023-08-16 00:00:00-04:00,175.84121662599503,177.24094603057796,175.2157956243564,175.28529357910156,46964900,0.0,0.0
2023-08-17 00:00:00-04:00,175.85111553241612,176.21841853751462,172.21774233013375,172.7339630126953,66062900,0.0,0.0
2023-08-18 00:00:00-04:00,171.04636032936088,173.82599075554495,170.70883778094841,173.22042846679688,61114200,0.0,0.0
2023-08-21 00:00:00-04:00,173.79622123414413,174.8485063914746,172.47589631953025,174.56060791015625,46311900,0.0,0.0
2023-08-22 00:00:00-04:00,175.77171419662545,176.38719824747957,174.96761015656983,175.9404754638672,42084200,0.0,0.0
2023-08-23 00:00:00-04:00,177.2211114741355,180.2290643006026,177.032491470534,179.80218505859375,52722800,0.0,0.0
2023-08-24 00:00:00-04:00,179.355459364837,179.78233860000068,174.72936147404116,175.0966796875,54945800,0.0,0.0
2023-08-25 00:00:00-04:00,176.08939374478845,177.84650437604776,174.54074667761984,177.31044006347656,51449600,0.0,0.0
2023-08-28 00:00:00-04:00,178.77968881089737,179.27605088665493,177.25090028258217,178.87896728515625,43820700,0.0,0.0
2023-08-29 00:00:00-04:00,178.39251118833664,183.55467328918405,178.19396940518234,182.7803497314453,53003900,0.0,0.0
2023-08-30 00:00:00-04:00,183.59437915026834,186.48320962835405,183.39583737964136,186.28465270996094,60813900,0.0,0.0
2023-08-31 00:00:00-04:00,186.47328650618994,187.7439721096439,186.11590523348306,186.50306701660156,60794500,0.0,0.0
2023-09-01 00:00:00-04:00,188.11129296200212,188.53815704908098,186.91009015003394,188.08151245117188,45732600,0.0,0.0
2023-09-05 00:00:00-04:00,186.91009674606673,188.59772472633045,186.24497340110617,188.31976318359375,45280000,0.0,0.0
2023-09-06 00:00:00-04:00,187.02920802693,187.47594597496703,180.14963751857883,181.57916259765625,81755800,0.0,0.0
2023-09-07 00:00:00-04:00,173.90539355501954,176.91336139268128,172.27732670257566,176.26808166503906,112488800,0.0,0.0
2023-09-08 00:00:00-04:00,177.05233659559462,178.92858440411607,176.4963984153427,176.88356018066406,65551300,0.0,0.0
2023-09-11 00:00:00-04:00,178.7598181226865,178.98814040153138,176.0496706936909,178.0549774169922,58953100,0.0,0.0
2023-09-12 00:00:00-04:00,178.18404991763566,178.81939272059032,173.5480302988034,175.0172576904297,90370200,0.0,0.0
2023-09-13 00:00:00-04:00,175.22571224634177,176.00997270905043,172.71412167424248,172.9424591064453,84267900,0.0,0.0
2023-09-14 00:00:00-04:00,172.73398888645488,174.81871550108795,172.3170465930817,174.46133422851562,60895800,0.0,0.0
2023-09-15 00:00:00-04:00,175.19592350235882,175.2157822233053,172.5552892315787,173.7366180419922,109205100,0.0,0.0
2023-09-18 00:00:00-04:00,175.1959303652364,178.0748391046168,174.88818834345716,176.6750946044922,67257600,0.0,0.0
2023-09-19 00:00:00-04:00,176.22837977645918,178.32302815377042,175.84121799808253,177.76710510253906,51826900,0.0,0.0
2023-09-20 00:00:00-04:00,177.95570880879336,178.3925098170354,174.1237933470795,174.21315002441406,58436200,0.0,0.0
2023-09-21 00:00:00-04:00,173.27997365508898,175.0172406192522,172.5949916855764,172.6644744873047,63047900,0.0,0.0
2023-09-22 00:00:00-04:00,173.39911221131908,175.79158086544706,172.7836281326413,173.5182342529297,56725400,0.0,0.0
2023-09-25 00:00:00-04:00,172.93254761202513,175.68239780791916,172.88290837390605,174.7988739013672,46172700,0.0,0.0
2023-09-26 00:00:00-04:00,173.5480076216062,173.92523242084695,170.41099631477684,170.7088165283203,64588900,0.0,0.0
2023-09-27 00:00:00-04:00,171.36402481079512,171.78096710415326,167.8200077433672,169.18995666503906,66921800,0.0,0.0
2023-09-28 00:00:00-04:00,168.1078907839796,170.77832096236608,166.40040416763804,169.4480743408203,56294400,0.0,0.0
2023-09-29 00:00:00-04:00,170.76839850543928,171.81076180692196,169.10061419351356,169.96429443359375,51814200,0.0,0.0
2023-10-02 00:00:00-04:00,169.9742035727841,173.03179529398386,169.6863051315917,172.4857940673828,52164500,0.0,0.0
2023-10-03 00:00:00-04:00,171.0066491138284,172.366691440067,169.57713912474932,171.1456298828125,49594600,0.0,0.0
2023-10-04 00:00:00-04:00,169.8451609338146,172.94247039530038,169.7260388902924,172.39646911621094,53020300,0.0,0.0
2023-10-05 00:00:00-04:00,172.5254984313363,174.17342391765436,171.42357417816774,173.63735961914062,48527900,0.0,0.0
2023-10-06 00:00:00-04:00,172.53543905358532,176.69495515352654,171.91993985589522,176.19859313964844,57224100,0.0,0.0
2023-10-09 00:00:00-04:00,175.52353680032698,177.74724412480685,174.52089096334598,177.68768310546875,42390800,0.0,0.0
2023-10-10 00:00:00-04:00,176.80415770883764,178.41236580749592,176.6552400140717,177.092041015625,43698000,0.0,0.0
2023-10-11 00:00:00-04:00,176.90342620076967,178.54143000452555,176.30780084757703,178.49179077148438,47551100,0.0,0.0
2023-10-12 00:00:00-04:00,178.75982932462722,181.01330204161414,177.73730960362397,179.39517211914062,56743100,0.0,0.0
2023-10-13 00:00:00-04:00,180.10001451689263,180.60629838312414,176.84388049788197,177.54872131347656,51427100,0.0,0.0
2023-10-16 00:00:00-04:00,175.4639946753042,177.77704377786506,175.22573542452864,177.41966247558594,52517000,0.0,0.0
2023-10-17 00:00:00-04:00,175.36470667426025,177.12183257732815,173.5281761730158,175.86106872558594,57549400,0.0,0.0
2023-10-18 00:00:00-04:00,174.3025050887744,176.2879533547619,173.8359235344459,174.56060791015625,54764400,0.0,0.0
2023-10-19 00:00:00-04:00,174.75913147519677,176.5460377577175,173.9153251388443,174.18336486816406,59302900,0.0,0.0
2023-10-20 00:00:00-04:00,174.03447436266262,174.14367462886938,171.38390260775535,171.62216186523438,64189300,0.0,0.0
2023-10-23 00:00:00-04:00,169.66648220683237,172.7439178760632,168.69360166729962,171.74127197265625,55980100,0.0,0.0
2023-10-24 00:00:00-04:00,171.7909082758531,172.4063923696406,170.20254365913797,172.17807006835938,43816600,0.0,0.0
2023-10-25 00:00:00-04:00,170.62942613878033,171.80083332633419,169.4083645680371,169.8551025390625,57157000,0.0,0.0
2023-10-26 00:00:00-04:00,169.13036459936964,170.13302542466099,164.46456533744356,165.67568969726562,70625300,0.0,0.0
2023-10-27 00:00:00-04:00,165.69556669674958,167.73065392902063,165.61614695891157,166.99603271484375,58499100,0.0,0.0
2023-10-30 00:00:00-04:00,167.79021577395145,169.92456632823416,167.6412980843576,169.05096435546875,51131000,0.0,0.0
2023-10-31 00:00:00-04:00,168.1178450859905,169.65655543893973,166.67838291410567,169.5275115966797,44846000,0.0,0.0
2023-11-01 00:00:00-04:00,169.75583166057058,172.96232646167283,168.88222955093784,172.7042236328125,56934900,0.0,0.0
2023-11-02 00:00:00-04:00,174.2429429068373,176.4864939793014,174.18338188289627,176.2780303955078,77334800,0.0,0.0
2023-11-03 00:00:00-04:00,172.9722618796391,175.53349201222565,172.0887379893404,175.36471557617188,79763700,0.0,0.0
2023-11-06 00:00:00-05:00,175.09667927913767,178.1244756256995,174.92791800211177,177.92593383789062,63841300,0.0,0.0
2023-11-07 00:00:00-05:00,177.87630973489087,181.1126002277605,177.66784614167742,180.4971160888672,70530000,0.0,0.0
2023-11-08 00:00:00-05:00,181.023246561535,182.11523398810698,180.26876654734838,181.55931091308594,49340300,0.0,0.0
2023-11-09 00:00:00-05:00,181.62879543623518,182.78034380026955,180.48715371155149,181.08279418945312,53763500,0.0,0.0
2023-11-10 00:00:00-05:00,182.87204642986097,185.45653538852346,182.4346699752206,185.28753662109375,66133400,0.24,0.0
2023-11-13 00:00:00-05:00,184.71101456121173,184.9197527658604,183.1106225987718,183.6970977783203,43627500,0.0,0.0
2023-11-14 00:00:00-05:00,186.579792942837,186.987349680322,185.18815428767326,186.32135009765625,60108400,0.0,0.0
2023-11-15 00:00:00-05:00,186.72890587030213,188.36905250310778,186.65931635404164,186.887939453125,53790500,0.0,0.0
2023-11-16 00:00:00-05:00,188.43864070160558,189.82034448090351,187.52411797622008,188.5778045654297,54412900,0.0,0.0
2023-11-17 00:00:00-05:00,189.11457782649978,189.24380683321974,187.44461143684416,188.55792236328125,50922700,0.0,0.0
2023-11-20 00:00:00-05:00,188.75671623264228,190.76466491067268,188.7467813740569,190.30740356445312,46505100,0.0,0.0
2023-11-21 00:00:00-05:00,190.2676365405526,190.37698064874536,188.60760520178732,189.50222778320312,38134500,0.0,0.0
2023-11-22 00:00:00-05:00,190.34717704028523,191.77857025832532,189.6911123355231,190.16824340820312,39617700,0.0,0.0
2023-11-24 00:00:00-05:00,189.73086532541635,189.76068506922263,188.1205384889839,188.83624267578125,24048300,0.0,0.0
2023-11-27 00:00:00-05:00,188.7865165846075,189.53204043045605,187.77259990729152,188.65728759765625,40552600,0.0,0.0
2023-11-28 00:00:00-05:00,188.64737693705334,189.9396214691522,188.26963995303524,189.263671875,38415400,0.0,0.0
2023-11-29 00:00:00-05:00,189.76069003248776,190.9435904601538,187.84221568139642,188.2398223876953,43014200,0.0,0.0
2023-11-30 00:00:00-05:00,188.70701635554832,189.1841625986753,187.06686975200412,188.8163604736328,48794400,0.0,0.0
2023-12-01 00:00:00-05:00,189.19409067360718,190.41674564636727,188.10064953196948,190.09866333007812,45679300,0.0,0.0
2023-12-04 00:00:00-05:00,188.84615900557424,188.9157485127765,186.33125973984195,188.2994384765625,43389500,0.0,0.0
2023-12-05 00:00:00-05:00,189.07482149235318,193.23980256929687,189.0449865799245,192.26565551757812,66628400,0.0,0.0
2023-12-06 00:00:00-05:00,193.28950362567244,193.5976510937421,190.9634725753497,191.17222595214844,41089700,0.0,0.0
2023-12-07 00:00:00-05:00,192.4744158469115,193.83623479668313,192.43464607405332,193.110595703125,47477700,0.0,0.0
2023-12-08 00:00:00-05:00,193.04099429291227,194.8203199094653,192.5141585929263,194.5419921875,53377300,0.0,0.0
2023-12-11 00:00:00-05:00,191.9575100014726,192.33524699521988,190.27759358324766,192.02708435058594,60943700,0.0,0.0
2023-12-12 00:00:00-05:00,191.92769665062553,193.5579084922386,190.5758125501861,193.5479736328125,52696900,0.0,0.0
2023-12-13 00:00:00-05:00,193.925682544677,196.8183190559037,193.68712459255818,196.778564453125,70404200,0.0,0.0
2023-12-14 00:00:00-05:00,196.83819885132337,198.42864077264184,194.98929893159502,196.9276580810547,66831600,0.0,0.0
2023-12-15 00:00:00-05:00,196.3511298862745,197.2159328291742,195.82429416614897,196.39089965820312,128256700,0.0,0.0
2023-12-18 00:00:00-05:00,194.91973537751122,195.4565211628319,193.2298839751839,194.72093200683594,55751900,0.0,0.0
2023-12-19 00:00:00-05:00,194.98930475456203,195.77458329630363,194.72091188963017,195.7646484375,40714100,0.0,0.0
2023-12-20 00:00:00-05:00,195.72488988877126,196.50023361616374,193.66725158691406,193.66725158691406,52242800,0.0,0.0
2023-12-21 00:00:00-05:00,194.9296507492267,195.90379770975298,192.34516188676014,193.5181121826172,46482500,0.0,0.0
2023-12-22 00:00:00-05:00,194.01515250091973,194.24379077463595,191.8183503425399,192.44459533691406,37122800,0.0,0.0
2023-12-26 00:00:00-05:00,192.45451309255571,192.73284080582573,191.67916943877162,191.89785766601562,28919300,0.0,0.0
2023-12-27 00:00:00-05:00,191.34120389827206,192.3451706464339,189.94955015213438,191.99725341796875,48087700,0.0,0.0
2023-12-28 00:00:00-05:00,192.98135331561093,193.49825415286705,192.01714115491455,192.42469787597656,34049900,0.0,0.0
2023-12-29 00:00:00-05:00,192.7427850763616,193.23980104114617,190.58573760932344,191.38096618652344,42628800,0.0,0.0
2024-01-02 00:00:00-05:00,186.03307200647276,187.31538170646215,182.79253333369908,184.53208923339844,82488700,0.0,0.0
2024-01-03 00:00:00-05:00,183.1205403666837,184.77063680356278,182.3352467466545,183.15036010742188,58414500,0.0,0.0
2024-01-04 00:00:00-05:00,181.06291404030495,181.99730650228184,179.80050438167336,180.82435607910156,71983600,0.0,0.0
2024-01-05 00:00:00-05:00,180.90387243418792,181.6692660827433,179.09472708075188,180.09869384765625,62303300,0.0,0.0
2024-01-08 00:00:00-05:00,181.0032684531674,184.49233019548157,180.41679326133186,184.4525604248047,59144500,0.0,0.0
2024-01-09 00:00:00-05:00,182.82234457021028,184.04499955584959,181.63944418662982,184.03506469726562,42841800,0.0,0.0
2024-01-10 00:00:00-05:00,183.24979649333252,185.2875498615879,182.82235486658107,185.0788116455078,46792900,0.0,0.0
2024-01-11 00:00:00-05:00,185.42670336710847,185.93366934185158,182.524132048394,184.4823760986328,49128400,0.0,0.0
2024-01-12 00:00:00-05:00,184.9495734055796,185.6255229866903,184.08477050382692,184.81040954589844,40444700,0.0,0.0
2024-01-16 00:00:00-05:00,181.07285998444632,183.16031793652851,179.85018978995151,182.53408813476562,65603000,0.0,0.0
2024-01-17 00:00:00-05:00,180.18817865322478,181.83826018866833,179.2239664331644,181.58975219726562,47317400,0.0,0.0
2024-01-18 00:00:00-05:00,184.979392426226,188.01119275141858,184.72094959289208,187.50424194335938,78005800,0.0,0.0
2024-01-19 00:00:00-05:00,188.2000611602168,190.80441988057507,187.69311035236996,190.416748046875,68741000,0.0,0.0
2024-01-22 00:00:00-05:00,191.15232686866392,194.16424214625192,191.1125571009308,192.7328338623047,60133900,0.0,0.0
2024-01-23 00:00:00-05:00,193.8561183903394,194.58175747905844,192.67321792314553,194.01515197753906,42355600,0.0,0.0
2024-01-24 00:00:00-05:00,194.25371040083746,195.20798769039715,193.18015413797895,193.33920288085938,53631300,0.0,0.0
2024-01-25 00:00:00-05:00,194.0549212884663,195.0986578845498,191.95751323703675,193.0111846923828,54822100,0.0,0.0
2024-01-26 00:00:00-05:00,193.1106022428928,193.59766821896898,190.7945058465033,191.27163696289062,44594000,0.0,0.0
2024-01-29 00:00:00-05:00,190.8640515837601,191.05292006360537,188.448561449459,190.58572387695312,47145600,0.0,0.0
2024-01-30 00:00:00-05:00,189.80045678886228,190.65532484477694,186.35116482109103,186.91775512695312,55859400,0.0,0.0
2024-01-31 00:00:00-05:00,185.92372797618197,185.98338263365994,183.24979478995033,183.2994842529297,55467800,0.0,0.0
2024-02-01 00:00:00-05:00,182.8919451500293,185.83427124755644,182.72296153753896,185.74481201171875,64885400,0.0,0.0
2024-02-02 00:00:00-05:00,178.78658786144558,186.21200777158808,178.18022776276848,184.7408447265625,102518000,0.0,0.0
2024-02-05 00:00:00-05:00,187.02711752504118,188.12055880845503,184.73090599759692,186.55992126464844,69668800,0.0,0.0
2024-02-06 00:00:00-05:00,185.74480203892318,188.180177168222,185.65534280788862,188.1702423095703,43490800,0.0,0.0
2024-02-07 00:00:00-05:00,189.5022571462235,189.9098139006124,187.48437342868021,188.27960205078125,53439000,0.0,0.0
2024-02-08 00:00:00-05:00,188.25971226684047,188.40881099372643,186.23189374257132,187.19610595703125,40962000,0.0,0.0
2024-02-09 00:00:00-05:00,187.76340641648085,189.0971204380579,187.11646725876852,187.9624786376953,45155200,0.24,0.0
2024-02-12 00:00:00-05:00,187.53448242231033,187.78330749959082,185.91213805857674,186.27044677734375,41781900,0.0,0.0
2024-02-13 00:00:00-05:00,184.89694454758455,185.33487911795885,182.64755610649428,184.1703643798828,56529500,0.0,0.0
2024-02-14 00:00:00-05:00,184.44906062504626,184.65806518525375,181.58259087415234,183.2845458984375,54630500,0.0,0.0
2024-02-15 00:00:00-05:00,182.68738521978767,183.62296999377594,180.4977274519665,182.9959259033203,65434500,0.0,0.0
2024-02-16 00:00:00-05:00,182.5579852711476,183.98127264473297,180.816209688257,181.4532012939453,49701400,0.0,0.0
2024-02-20 00:00:00-05:00,180.93565617660207,181.57264783618368,179.15407511197006,180.7067413330078,53665600,0.0,0.0
2024-02-21 00:00:00-05:00,181.08496152111414,182.03049388623003,179.81097819372195,181.4631805419922,41529700,0.0,0.0
2024-02-22 00:00:00-05:00,182.6177232415446,184.09077884972692,181.60252771208349,183.5035400390625,52292200,0.0,0.0
2024-02-23 00:00:00-05:00,184.14051969682032,184.1703774935557,181.37358582743232,181.6622314453125,45119700,0.0,0.0
2024-02-26 00:00:00-05:00,181.38353517321784,181.90108040317875,179.8009961275691,180.30860900878906,40867400,0.0,0.0
2024-02-27 00:00:00-05:00,180.24890489042258,183.05564406470424,178.71613380047907,181.77171325683594,54318900,0.0,0.0
2024-02-28 00:00:00-05:00,181.65227187035535,182.25940572629614,179.28346722817705,180.56739807128906,48953900,0.0,0.0
2024-02-29 00:00:00-05:00,180.41810366151438,181.71199718953457,178.6862755375109,179.90054321289062,136682600,0.0,0.0
2024-03-01 00:00:00-05:00,178.7061901764464,179.6815803178056,176.54639012704013,178.815673828125,73488000,0.0,0.0
2024-03-04 00:00:00-05:00,175.32213749041347,176.0686126971914,172.97322823226915,174.27708435058594,81510100,0.0,0.0
2024-03-05 00:00:00-05:00,169.95750255670077,171.23148594158673,168.8228606299405,169.3205108642578,95132400,0.0,0.0
2024-03-06 00:00:00-05:00,170.256065044738,170.43522699407845,167.88724549652,168.32518005371094,68587700,0.0,0.0
2024-03-07 00:00:00-05:00,168.35503848083317,169.92761476617306,167.6981518296525,168.20574951171875,71765100,0.0,0.0
2024-03-08 00:00:00-05:00,168.20576217934803,172.8836708711805,168.14604658720506,169.92762756347656,76114600,0.0,0.0
2024-03-11 00:00:00-04:00,172.12725037151972,173.56048535052068,171.2414336396481,171.93814086914062,60139500,0.0,0.0
2024-03-12 00:00:00-04:00,172.3362371923594,173.2121062975323,170.20629520329734,172.41586303710938,59825400,0.0,0.0
2024-03-13 00:00:00-04:00,171.95803650796105,172.37606081011293,169.95747319192603,170.32574462890625,52488700,0.0,0.0
2024-03-14 00:00:00-04:00,172.0973925529764,173.49080701178275,171.2414336176872,172.1869659423828,72913500,0.0,0.0
2024-03-15 00:00:00-04:00,170.3655638276482,171.80874633789062,169.48969463541124,171.80874633789062,121664700,0.0,0.0
2024-03-18 00:00:00-04:00,174.7448914522954,176.87483361469177,172.70452267737835,172.90357971191406,75604200,0.0,0.0
2024-03-19 00:00:00-04:00,173.52065910891577,175.77999515234478,172.2168180823409,175.2524871826172,55215200,0.0,0.0
2024-03-20 00:00:00-04:00,174.89417408943874,177.83030700683594,174.2671300256647,177.83030700683594,53423100,0.0,0.0
2024-03-21 00:00:00-04:00,176.2179350177799,176.65586961417029,170.03711298613993,170.5646209716797,106181300,0.0,0.0
2024-03-22 00:00:00-04:00,170.95279171103329,172.23673773536032,169.26078406375387,171.47035217285156,71106600,0.0,0.0
2024-03-25 00:00:00-04:00,169.76839047714014,171.13194711675717,168.65364374159117,170.0470733642578,54288300,0.0,0.0
2024-03-26 00:00:00-04:00,169.20106023000122,170.61438491064948,168.78303590364706,168.9124298095703,57388400,0.0,0.0
2024-03-27 00:00:00-04:00,169.60914876354798,172.78415954350993,169.31055559917013,172.49551391601562,60273300,0.0,0.0
2024-03-28 00:00:00-04:00,170.94283813483634,171.4205780589011,169.70866021166748,170.67410278320312,65672700,0.0,0.0
2024-04-01 00:00:00-04:00,170.38546326457012,170.4451788535061,168.68349304450714,169.2309112548828,46240500,0.0,0.0
2024-04-02 00:00:00-04:00,168.28537106183597,168.54414366405445,167.43935975957754,168.04649353027344,49329500,0.0,0.0
2024-04-03 00:00:00-04:00,167.99673277562965,169.8778497555363,167.78772821512752,168.85269165039062,47691700,0.0,0.0
2024-04-04 00:00:00-04:00,169.48968886138192,171.11203328162168,168.026611328125,168.026611328125,53704400,0.0,0.0
2024-04-05 00:00:00-04:00,168.7929675547899,169.58921080070664,168.15597599547186,168.78302001953125,42055200,0.0,0.0
2024-04-08 00:00:00-04:00,168.23561647794648,168.40481571452685,167.4493358859462,167.65834045410156,37425500,0.0,0.0
2024-04-09 00:00:00-04:00,167.90716183961618,169.2806811483862,167.55881583801002,168.8726043701172,42451200,0.0,0.0
2024-04-10 00:00:00-04:00,168.0066961691415,168.29532657810816,166.3246362072623,166.99148559570312,49709300,0.0,0.0
2024-04-11 00:00:00-04:00,167.54885233902874,174.63540094951088,167.36970557110288,174.2173614501953,91070300,0.0,0.0
2024-04-12 00:00:00-04:00,173.44104468475973,177.52178245719062,173.39129181372058,175.7202911376953,101593300,0.0,0.0
2024-04-15 00:00:00-04:00,174.53585255667426,175.7998881273465,171.68929323241036,171.87840270996094,73531800,0.0,0.0
2024-04-16 00:00:00-04:00,170.94284143183614,172.94338974194338,167.47920033817573,168.583984375,73711200,0.0,0.0
2024-04-17 00:00:00-04:00,168.81289870293196,169.84800441976404,167.21046447753906,167.21046447753906,50901200,0.0,0.0
2024-04-18 00:00:00-04:00,167.24031189258443,167.8474456964944,165.7672716683895,166.2549591064453,43122900,0.0,0.0
2024-04-19 00:00:00-04:00,165.42888374733738,165.6179780634261,163.3088890664717,164.2245635986328,67772100,0.0,0.0
2024-04-22 00:00:00-04:00,164.74211969252124,166.47393259764522,163.9956444231876,165.06060791015625,48116400,0.0,0.0
2024-04-23 00:00:00-04:00,164.57291251221173,166.26492000363532,164.14492548116624,166.11561584472656,49537800,0.0,0.0
2024-04-24 00:00:00-04:00,165.75730653407012,168.50434510258808,165.42887079721268,168.2256622314453,48251800,0.0,0.0
2024-04-25 00:00:00-04:00,168.73325927633826,169.80818542681567,167.35973999732644,169.09156799316406,50558300,0.0,0.0
2024-04-26 00:00:00-04:00,169.081624768213,170.53475474394267,168.38490238817732,168.5043487548828,44838400,0.0,0.0
2024-04-29 00:00:00-04:00,172.55520693212748,175.20270935632288,172.28648678772151,172.68460083007812,68169400,0.0,0.0
2024-04-30 00:00:00-04:00,172.51541154910535,174.1676137755898,169.20105955998108,169.52951049804688,65934800,0.0,0.0
2024-05-01 00:00:00-04:00,168.78303163206596,171.89832652202932,168.31523926242042,168.5043487548828,50383100,0.0,0.0
2024-05-02 00:00:00-04:00,171.69926693100732,172.6049939419865,170.08688513916925,172.21682739257812,94214900,0.0,0.0
2024-05-03 00:00:00-04:00,185.7727942523785,186.12115543095717,181.80155578938326,182.51817321777344,163224100,0.0,0.0
2024-05-06 00:00:00-04:00,181.49304025440043,183.33433694545525,179.5721025190793,180.85604858398438,78569700,0.0,0.0
2024-05-07 00:00:00-04:00,182.58783874817743,184.0310211595987,180.46785941606433,181.5427703857422,77305800,0.0,0.0
2024-05-08 00:00:00-04:00,181.9906787165348,182.20964601288568,180.59724908638574,181.88119506835938,45057100,0.0,0.0
2024-05-09 00:00:00-04:00,181.70202754035518,183.79216432803474,181.25414542501753,183.7025909423828,48983000,0.0,0.0
2024-05-10 00:00:00-04:00,184.280653249985,184.47001925959685,181.51994258592455,182.43685913085938,50759500,0.25,0.0
2024-05-13 00:00:00-04:00,184.81883849593646,186.47328168344126,184.00157793065927,185.65602111816406,72044800,0.0,0.0
2024-05-14 00:00:00-04:00,186.88188838827716,187.66925062518712,185.66597383097238,186.80215454101562,52393600,0.0,0.0
2024-05-15 00:00:00-04:00,187.28058361009533,190.01139602124525,186.7423838683229,189.0845184326172,70400000,0.0,0.0
2024-05-16 00:00:00-04:00,189.83199615864385,190.45989075478766,189.02471179656044,189.2041015625,52845200,0.0,0.0
2024-05-17 00:00:00-04:00,188.87519880271202,190.17084727488813,188.54630236847427,189.23399353027344,41282900,0.0,0.0
2024-05-20 00:00:00-04:00,188.69582178398366,191.27714266640717,188.37688635675946,190.40008544921875,44361300,0.0,0.0
2024-05-21 00:00:00-04:00,190.44991454290118,192.08442053272114,190.28048580582154,191.70570373535156,42309400,0.0,0.0
2024-05-22 00:00:00-04:00,191.625965130265,192.17412585880137,189.63266445026173,190.2605438232422,34648500,0.0,0.0
2024-05-23 00:00:00-04:00,190.34028576334703,190.3602230291439,186.00486572472462,186.2540283203125,51005900,0.0,0.0
2024-05-24 00:00:00-04:00,188.1875250894915,189.94162421863646,187.41012383078694,189.3436279296875,36294600,0.0,0.0
2024-05-28 00:00:00-04:00,190.86848939299406,192.35350378297326,188.46657377923762,189.3535919189453,52280100,0.0,0.0
2024-05-29 00:00:00-04:00,188.97488815842905,191.60604467860838,188.87521703261189,189.65260314941406,53068000,0.0,0.0
2024-05-30 00:00:00-04:00,190.12102272627732,191.53626445370173,189.99146851693155,190.6492462158203,49947900,0.0,0.0
2024-05-31 00:00:00-04:00,190.79874896001851,191.92496874276912,189.27387511297837,191.6060333251953,75158300,0.0,0.0
2024-06-03 00:00:00-04:00,192.25384615761888,194.33685694398167,191.8751293663799,193.38006591796875,50080500,0.0,0.0
2024-06-04 00:00:00-04:00,193.98801176077237,194.66574186569684,192.38340418619828,193.69898986816406,47471400,0.0,0.0
2024-06-05 00:00:00-04:00,194.74547082752238,196.24044634116564,194.2172473626493,195.21389770507812,54156800,0.0,0.0
2024-06-06 00:00:00-04:00,195.03450583879902,195.84179017422778,193.5195930765027,193.82855224609375,41181800,0.0,0.0
2024-06-07 00:00:00-04:00,193.99798178181695,196.28031956711487,193.48969558531903,196.23048400878906,53103900,0.0,0.0
2024-06-10 00:00:00-04:00,196.2404356269631,196.63910486677477,191.50634675889475,192.4730987548828,97262100,0.0,0.0
2024-06-11 00:00:00-04:00,193.00133588013964,206.46609195915696,192.9814138224934,206.45611572265625,172373300,0.0,0.0
2024-06-12 00:00:00-04:00,206.67538853844061,219.46241499269527,206.20696163392407,212.35630798339844,198134300,0.0,0.0
2024-06-13 00:00:00-04:00,214.02069454325613,216.02395620562416,210.89121315624297,213.52236938476562,97862700,0.0,0.0
2024-06-14 00:00:00-04:00,213.13367378271622,214.44924427717243,210.59221246372425,211.77822875976562,70122700,0.0,0.0
2024-06-17 00:00:00-04:00,212.65527993528355,218.21659070332575,212.0074632920053,215.94422912597656,93728300,0.0,0.0
2024-06-18 00:00:00-04:00,216.86113841241473,217.89766325641614,212.28651711595563,213.5721893310547,79943300,0.0,0.0
2024-06-20 00:00:00-04:00,213.21339445126264,213.5223688231627,208.1504242370716,208.97763061523438,86172500,0.0,0.0
2024-06-21 00:00:00-04:00,209.68527826262047,211.18025387128242,206.4162661482939,206.7949981689453,246421400,0.0,0.0
2024-06-24 00:00:00-04:00,207.02421872275744,211.9875333707341,205.89799892378585,207.44281005859375,80727000,0.0,0.0
2024-06-25 00:00:00-04:00,208.44940858434205,210.67194975002218,207.91122410230182,208.36968994140625,56713900,0.0,0.0
2024-06-26 00:00:00-04:00,210.79155216910215,214.1402980033581,209.9344322470105,212.5356903076172,66213200,0.0,0.0
2024-06-27 00:00:00-04:00,213.97087836680484,215.01736433595826,211.63872006367095,213.3828582763672,49772700,0.0,0.0
2024-06-28 00:00:00-04:00,215.04724812174294,215.34624626528088,209.5955695452833,209.91448974609375,82542700,0.0,0.0
2024-07-01 00:00:00-04:00,211.37956216985054,216.78140506529675,211.2101334408119,216.02395629882812,60402900,0.0,0.0
2024-07-02 00:00:00-04:00,215.42597092933886,219.64181293490427,214.3795002092306,219.5321807861328,58046200,0.0,0.0
2024-07-03 00:00:00-04:00,219.26308073535034,220.80789184570312,218.29632866276663,220.80789184570312,37369800,0.0,0.0
2024-07-05 00:00:00-04:00,220.90754038733803,225.69146503075916,220.90754038733803,225.5818328857422,60412400,0.0,0.0
2024-07-08 00:00:00-04:00,226.32931907748747,227.08678305881674,222.50218547217585,227.056884765625,59085900,0.0,0.0
2024-07-09 00:00:00-04:00,227.1664984715379,228.631575647805,225.6117264169712,227.9139862060547,48076100,0.0,0.0
2024-07-10 00:00:00-04:00,228.5319341376685,232.29927134034506,228.48209857735924,232.19960021972656,62627700,0.0,0.0
2024-07-11 00:00:00-04:00,230.61492037011672,231.61157070495582,225.01375035477759,226.80772399902344,64710600,0.0,0.0
2024-07-12 00:00:00-04:00,228.1531925563972,231.86073301422448,227.91399100155513,229.76776123046875,53046500,0.0,0.0
2024-07-15 00:00:00-04:00,235.68787221439834,236.43535998230433,232.3092281117703,233.61483764648438,62631300,0.0,0.0
2024-07-16 00:00:00-04:00,234.2128217621178,235.47857190808813,231.55176727169922,234.03343200683594,43234300,0.0,0.0
2024-07-17 00:00:00-04:00,228.68140979310064,230.68468664215072,225.88082486496336,228.1133270263672,57345900,0.0,0.0
2024-07-18 00:00:00-04:00,229.50863493701104,229.66810263837593,221.52547133243425,223.42906188964844,66034600,0.0,0.0
2024-07-19 00:00:00-04:00,224.06694094221692,226.04030439428965,222.53209087352224,223.5586395263672,49151500,0.0,0.0
2024-07-22 00:00:00-04:00,226.24957960487185,227.01700459563804,222.34271224556252,223.20980834960938,48201800,0.0,0.0
2024-07-23 00:00:00-04:00,223.61844622977043,226.17984506717187,221.9341046141529,224.2563018798828,39960300,0.0,0.0
2024-07-24 00:00:00-04:00,223.24967028544495,224.04699357799979,216.40268749627205,217.80795288085938,61777600,0.0,0.0
2024-07-25 00:00:00-04:00,218.19665359620475,220.11023564894725,213.9010930254534,216.76148986816406,51391200,0.0,0.0
2024-07-26 00:00:00-04:00,217.96741565742542,218.75477790382115,215.2864239407029,217.2299041748047,41601300,0.0,0.0
2024-07-29 00:00:00-04:00,216.23326096996,218.5654190781,215.0273073866339,217.50897216796875,36311800,0.0,0.0
2024-07-30 00:00:00-04:00,218.45580119769897,219.5919820328496,215.39607720378967,218.06710815429688,41643800,0.0,0.0
2024-07-31 00:00:00-04:00,220.6982497488722,223.07028238181744,219.89096542123676,221.3361053466797,50036300,0.0,0.0
2024-08-01 00:00:00-04:00,223.618417993468,223.72805013234773,216.29304757526307,217.62855529785156,62501000,0.0,0.0
2024-08-02 00:00:00-04:00,218.41592196270943,224.84432899946665,216.98075820790513,219.12355041503906,105568600,0.0,0.0
2024-08-05 00:00:00-04:00,198.42310739676375,212.7848420736874,195.34346157584417,208.5690155029297,119548600,0.0,0.0
2024-08-06 00:00:00-04:00,204.61231506511243,209.28660752946874,200.39648844230862,206.5358428955078,69660500,0.0,0.0
2024-08-07 00:00:00-04:00,206.20693999643444,212.92436846093156,205.69865382063958,209.11717224121094,63516400,0.0,0.0
2024-08-08 00:00:00-04:00,212.39614722358988,213.4824924067945,208.13048513245963,212.59547424316406,47161100,0.0,0.0
2024-08-09 00:00:00-04:00,211.38955402452135,216.05387055494424,211.259984607228,215.51568603515625,42201600,0.0,0.0
2024-08-12 00:00:00-04:00,215.59550663031672,219.02793942662467,215.12653755613,217.0522918701172,38028100,0.25,0.0
2024-08-13 00:00:00-04:00,218.52904142421028,221.4027217224782,218.52904142421028,220.78408813476562,44155300,0.0,0.0
2024-08-14 00:00:00-04:00,220.08562480803565,222.54021400164925,219.21752501736546,221.23309326171875,41960600,0.0,0.0
2024-08-15 00:00:00-04:00,224.10676986474735,224.8551228159093,222.27079905335071,224.22650146484375,46414000,0.0,0.0
2024-08-16 00:00:00-04:00,223.42826155403992,226.33187474025672,223.15885022096822,225.5535888671875,44340200,0.0,0.0
2024-08-19 00:00:00-04:00,225.22429606357244,225.49370737790127,222.55017371179113,225.3939208984375,40687800,0.0,0.0
2024-08-20 00:00:00-04:00,225.27420804373648,226.6711275207631,224.95490346311303,226.0125732421875,30299000,0.0,0.0
2024-08-21 00:00:00-04:00,226.0225636042008,227.47934890039068,224.55579052395228,225.90281677246094,34765500,0.0,0.0
2024-08-22 00:00:00-04:00,227.28974628083643,227.8385414771675,223.4082896744648,224.0369110107422,43695300,0.0,0.0
2024-08-23 00:00:00-04:00,225.16444130741013,227.7188169640382,223.83736023691762,226.3418426513672,38677300,0.0,0.0
2024-08-26 00:00:00-04:00,226.2620154817008,226.7808777924977,223.39832305195915,226.68109130859375,30602200,0.0,0.0
2024-08-27 00:00:00-04:00,225.50369501854036,228.34744239539063,224.39613201364162,227.52923583984375,35934600,0.0,0.0
2024-08-28 00:00:00-04:00,227.4194670399241,229.35520907583674,225.18438078371824,225.99261474609375,38052200,0.0,0.0
2024-08-29 00:00:00-04:00,229.59470189609323,232.4085012026452,228.37737982242845,229.28536987304688,51906300,0.0,0.0
2024-08-30 00:00:00-04:00,229.6844899472923,229.89402024722435,226.98043458769098,228.49710083007812,52990800,0.0,0.0
2024-09-03 00:00:00-04:00,228.04809790202157,228.4971066385697,220.68429981162342,222.28079223632812,50190600,0.0,0.0
2024-09-04 00:00:00-04:00,221.17322424578342,221.29295584608857,217.0023958735564,220.36500549316406,43840200,0.0,0.0
2024-09-05 00:00:00-04:00,221.14329437614535,224.98483044961614,221.03353533260162,221.8916473388672,36615400,0.0,0.0
2024-09-06 00:00:00-04:00,223.45818364879955,224.74535922490057,219.2873705935476,220.33506774902344,48423000,0.0,0.0
2024-09-09 00:00:00-04:00,220.3350822772696,220.7840910234286,216.23410730849415,220.4248809814453,67180000,0.0,0.0
2024-09-10 00:00:00-04:00,218.43922835246784,220.9936039050013,216.25403537150672,219.62661743164062,51591000,0.0,0.0
2024-09-11 00:00:00-04:00,220.97367404683663,222.6000841658612,217.41150656335964,222.17103576660156,44587100,0.0,0.0
2024-09-12 00:00:00-04:00,222.01138090428717,223.0590781064196,219.33727360197898,222.28079223632812,37498200,0.0,0.0
2024-09-13 00:00:00-04:00,223.08899783711732,223.54797910505988,221.42266715079168,222.01136779785156,36766600,0.0,0.0
2024-09-16 00:00:00-04:00,216.0644583037111,216.74297289953918,213.4502168549942,215.84495544433594,59357400,0.0,0.0
2024-09-17 00:00:00-04:00,215.27619443719672,216.42366284814068,214.02893954474482,216.31390380859375,45519300,0.0,0.0
2024-09-18 00:00:00-04:00,217.07224903728172,222.22092099435915,217.06226125375574,220.20535278320312,59894900,0.0,0.0
2024-09-19 00:00:00-04:00,224.49591687958383,229.31531179988679,224.1367068474718,228.3673858642578,66781300,0.0,0.0
2024-09-20 00:00:00-04:00,229.46496974860833,232.57811312113958,227.12012443578536,227.6988525390625,318679900,0.0,0.0
2024-09-23 00:00:00-04:00,226.8407407931877,228.94610768522742,225.31410200503296,225.97265625,54146000,0.0,0.0
2024-09-24 00:00:00-04:00,228.14786961487798,228.8463445678705,225.2342838755063,226.8706817626953,43556100,0.0,0.0
2024-09-25 00:00:00-04:00,224.43603888049125,226.79085685048213,223.52804884217394,225.8728790283203,42308700,0.0,0.0
2024-09-26 00:00:00-04:00,226.80083714120576,227.99819881641105,224.9149883158055,227.02035522460938,36636700,0.0,0.0
2024-09-27 00:00:00-04:00,227.9582911728241,229.01596089620384,226.80083496693393,227.2897491455078,34026000,0.0,0.0
2024-09-30 00:00:00-04:00,229.5348054854851,232.48831176757812,229.1456625683617,232.48831176757812,54541900,0.0,0.0
2024-10-01 00:00:00-04:00,229.0159547825387,229.14565893600417,223.24864947388588,225.71322631835938,63285000,0.0,0.0
2024-10-02 00:00:00-04:00,225.3939223013361,226.8706678098605,222.53022998119604,226.28196716308594,32880600,0.0,0.0
2024-10-03 00:00:00-04:00,224.64557310138042,226.3119038145279,222.82957789090332,225.17440795898438,34044200,0.0,0.0
2024-10-04 00:00:00-04:00,227.39951613756347,227.49930262356304,223.63780617480538,226.30194091796875,37245100,0.0,0.0
2024-10-07 00:00:00-04:00,224.0069975750027,225.19438676879486,220.84396072803747,221.2031707763672,39505400,0.0,0.0
2024-10-08 00:00:00-04:00,223.80742742544692,225.4837307412941,222.75973024040246,225.27420043945312,31855700,0.0,0.0
2024-10-09 00:00:00-04:00,224.73538646570117,229.24546472466872,224.33627096325682,229.03591918945312,33591100,0.0,0.0
2024-10-10 00:00:00-04:00,227.279775108536,228.99599906464633,226.67111410985407,228.53700256347656,28183500,0.0,0.0
2024-10-11 00:00:00-04:00,228.79644988971887,228.9062089337624,226.84074743911052,227.05029296875,31759200,0.0,0.0
2024-10-14 00:00:00-04:00,228.19775690140833,231.22110160659443,228.09798564307096,230.79205322265625,39882100,0.0,0.0
2024-10-15 00:00:00-04:00,233.0969778733182,236.9684620133565,231.85969551276995,233.33645629882812,64751400,0.0,0.0
2024-10-16 00:00:00-04:00,231.09139869260778,231.61024577942743,229.33525401328018,231.27099609375,34082200,0.0,0.0
2024-10-17 00:00:00-04:00,232.9173703418766,233.3364614020046,230.0137723986246,231.6401824951172,32993800,0.0,0.0
2024-10-18 00:00:00-04:00,235.66133386929857,235.66133386929857,233.4961010856326,234.4839324951172,46431500,0.0,0.0
2024-10-21 00:00:00-04:00,233.9351372634737,236.32987592195377,233.9351372634737,235.96067810058594,36254500,0.0,0.0
2024-10-22 00:00:00-04:00,233.376366009758,235.70125104779564,232.08920560922664,235.342041015625,38846600,0.0,0.0
2024-10-23 00:00:00-04:00,233.56595129753524,234.62362105235994,227.25982300232985,230.25323486328125,52287000,0.0,0.0
2024-10-24 00:00:00-04:00,229.4749437774939,230.31311065070702,227.90839952304313,230.06365966796875,31109500,0.0,0.0
2024-10-25 00:00:00-04:00,229.23547896644118,232.7078323586645,229.0658541264054,230.9018096923828,38802300,0.0,0.0
2024-10-28 00:00:00-04:00,232.80762499530724,234.21451699403664,232.03931169048735,232.88743591308594,36087100,0.0,0.0
2024-10-29 00:00:00-04:00,232.58810476348472,233.815399347975,231.8098189074392,233.15684509277344,35417200,0.0,0.0
2024-10-30 00:00:00-04:00,232.09917848988178,232.95729049985403,229.04590082483264,229.59469604492188,47070900,0.0,0.0
2024-10-31 00:00:00-04:00,228.83635490362704,229.325284321648,224.8750719925984,225.4138946533203,64370100,0.0,0.0
2024-11-01 00:00:00-04:00,220.48474431371312,224.8551305713263,219.78628458026085,222.4204864501953,65276700,0.0,0.0
2024-11-04 00:00:00-05:00,220.5046966292777,222.3007315284092,219.2275088130919,221.52244567871094,44944500,0.0,0.0
2024-11-05 00:00:00-05:00,221.31291912362707,223.45819152571042,220.65436486265338,222.95928955078125,28111300,0.0,0.0
2024-11-06 00:00:00-05:00,222.12113695305962,225.5735453041769,220.7042571772517,222.23089599609375,54561100,0.0,0.0
2024-11-07 00:00:00-05:00,224.13670611072257,227.37956894750107,224.0768403097807,226.98043823242188,42137700,0.0,0.0
2024-11-08 00:00:00-05:00,226.92049995960826,228.4088689967903,226.16134014604208,226.7107391357422,38328800,0.25,0.0
2024-11-11 00:00:00-05:00,224.7528927426808,225.45212091614073,221.25673663335022,223.98373413085938,42005600,0.0,0.0
2024-11-12 00:00:00-05:00,224.30339000560164,225.34224111445195,223.11469448970428,223.98373413085938,40398300,0.0,0.0
2024-11-13 00:00:00-05:00,223.76397540644066,226.4010754152989,222.5153482196322,224.8727569580078,48566200,0.0,0.0
2024-11-14 00:00:00-05:00,224.77287777547028,228.61864039722624,224.7528954725484,227.9693603515625,44923900,0.0,0.0
2024-11-15 00:00:00-05:00,226.15134020310103,226.67077335813082,224.023689933323,224.7528839111328,47923700,0.0,0.0
2024-11-18 00:00:00-05:00,225.00261496304853,229.4876892234719,224.92270099550518,227.7695770263672,44686000,0.0,0.0
2024-11-19 00:00:00-05:00,226.73070634208972,229.90722171238716,226.41106572007726,228.02928161621094,36211800,0.0,0.0
2024-11-20 00:00:00-05:00,227.80951934283004,229.67746064503265,225.64190448211673,228.7484893798828,35169600,0.0,0.0
2024-11-21 00:00:00-05:00,228.6286329426038,229.90722593821596,225.46211628612434,228.26902770996094,42108300,0.0,0.0
2024-11-22 00:00:00-05:00,227.80952873867182,230.46661102927646,227.80952873867182,229.61753845214844,38168300,0.0,0.0
2024-11-25 00:00:00-05:00,231.2058026888721,232.99383009111634,229.48769048234254,232.61424255371094,90152800,0.0,0.0
2024-11-26 00:00:00-05:00,233.07373841155265,235.31128373473052,233.07373841155265,234.8018341064453,45986200,0.0,0.0
2024-11-27 00:00:00-05:00,234.21249554010248,235.43115689965902,233.55321672420507,234.67198181152344,33498400,0.0,0.0
2024-11-29 00:00:00-05:00,234.55211454995276,237.5488197625333,233.71304074851764,237.06935119628906,28481400,0.0,0.0
2024-12-02 00:00:00-05:00,237.00941446483552,240.52553753151284,236.89953466637493,239.3268585205078,48137100,0.0,0.0
2024-12-03 00:00:00-05:00,239.54662188503684,242.49337894569658,238.6376176509325,242.3834991455078,38861000,0.0,0.0
2024-12-04 00:00:00-05:00,242.60325739533934,243.84190102311462,240.9850414761411,242.74310302734375,44383900,0.0,0.0
2024-12-05 00:00:00-05:00,243.72204013219255,244.2714238935446,241.86408229295347,242.7730712890625,40033900,0.0,0.0
2024-12-06 00:00:00-05:00,242.6432183998472,244.3613305629988,241.8141281502541,242.5732879638672,36870600,0.0,0.0
2024-12-09 00:00:00-05:00,241.56440918324205,246.96847124510987,241.48449521514058,246.47900390625,44649200,0.0,0.0
2024-12-10 00:00:00-05:00,246.61884065291167,247.93739821602466,245.0705399660552,247.4978790283203,36914800,0.0,0.0
2024-12-11 00:00:00-05:00,247.68767076725757,250.52454792031958,245.98952569372008,246.2192840576172,45205800,0.0,0.0
2024-12-12 00:00:00-05:00,246.61885092340057,248.46682524629017,245.41017310687806,247.68768310546875,32777500,0.0,0.0
2024-12-13 00:00:00-05:00,247.54782582286595,249.01619729452798,245.96955931284188,247.85748291015625,33155300,0.0,0.0
2024-12-16 00:00:00-05:00,247.71764416028498,251.10392039685559,247.3780059899919,250.7642822265625,51694800,0.0,0.0
2024-12-17 00:00:00-05:00,249.80533943156328,253.5512208135588,249.50566587259755,253.20159912109375,51356400,0.0,0.0
2024-12-18 00:00:00-05:00,251.88305927654196,254.0007260278641,247.46791553993853,247.77757263183594,56774100,0.0,0.0
2024-12-19 00:00:00-05:00,247.22817727073837,251.72323503929724,246.81862390484895,249.51565551757812,60882300,0.0,0.0
2024-12-20 00:00:00-05:00,247.76758181309805,254.71994465608725,245.42017186050566,254.21051025390625,147495300,0.0,0.0
2024-12-23 00:00:00-05:00,254.49020366493687,255.36922684225433,253.17164603591402,254.98965454101562,40858800,0.0,0.0
2024-12-24 00:00:00-05:00,255.2094124344067,257.92641115938613,255.0096198916901,257.91644287109375,23234700,0.0,0.0
2024-12-26 00:00:00-05:00,257.90642916266114,259.81433504408284,257.34704665632455,258.7355041503906,27237100,0.0,0.0
2024-12-27 00:00:00-05:00,257.54682582842287,258.41589596104086,252.78207543596488,255.30929565429688,42355300,0.0,0.0
2024-12-30 00:00:00-05:00,251.95298524244893,253.22159473829512,250.47461491371794,251.9230194091797,35557500,0.0,0.0
2024-12-31 00:00:00-05:00,252.16275955239965,253.00183336212825,249.15605553782555,250.1449737548828,39480700,0.0,0.0
2025-01-02 00:00:00-05:00,248.65660659999048,248.826433311358,241.55442975303322,243.5821990966797,55740700,0.0,0.0
2025-01-03 00:00:00-05:00,243.0927276611328,243.91181916074598,241.624340886356,243.0927276611328,40244100,0.0,0.0
2025-01-06 00:00:00-05:00,244.04168187374515,247.05836939894766,242.93290033169586,244.73092651367188,45045600,0.0,0.0
2025-01-07 00:00:00-05:00,242.71314361950866,245.28032844029428,241.08494412707995,241.94400024414062,40856000,0.0,0.0
2025-01-08 00:00:00-05:00,241.65429905026372,243.44234164075266,239.78635773622742,242.43344116210938,37628900,0.0,0.0
2025-01-10 00:00:00-05:00,239.7463920626497,239.8962364632009,232.74409661721964,236.58987426757812,61710900,0.0,0.0
2025-01-13 00:00:00-05:00,233.27352322575203,234.41227060505477,229.46771001708314,234.14256286621094,49630700,0.0,0.0
2025-01-14 00:00:00-05:00,234.49217517741417,235.8606656353981,232.21468051006943,233.02378845214844,39435300,0.0,0.0
2025-01-15 00:00:00-05:00,234.38230107288462,238.6975638581554,234.17252500331003,237.60874938964844,39832000,0.0,0.0
2025-01-16 00:00:00-05:00,237.089336348529,237.74859991927732,227.7795647267042,228.00930786132812,71759100,0.0,0.0
2025-01-17 00:00:00-05:00,231.86506609768284,232.03487756376998,228.22906438809179,229.7274169921875,68488300,0.0,0.0
2025-01-21 00:00:00-05:00,223.75398423747347,224.17352112887505,219.13906319002535,222.39547729492188,98070400,0.0,0.0
2025-01-22 00:00:00-05:00,219.54859611049605,223.87384226456615,219.54859611049605,223.58416748046875,64126500,0.0,0.0
2025-01-23 00:00:00-05:00,224.493183388126,226.78066167492807,222.05586069453574,223.41436767578125,60234800,0.0,0.0
2025-01-24 00:00:00-05:00,224.53312753788666,225.38220009721186,221.16683361690275,222.5353240966797,54697900,0.0,0.0
2025-01-27 00:00:00-05:00,223.77396171163917,231.89502211760887,223.73399710835045,229.6075439453125,94863400,0.0,0.0
2025-01-28 00:00:00-05:00,230.59647127201654,239.9262098046868,230.55650666713984,237.99832153320312,75707600,0.0,0.0
2025-01-29 00:00:00-05:00,233.86287156365174,239.5965730646729,233.75299176206667,239.0971221923828,45486100,0.0,0.0
2025-01-30 00:00:00-05:00,238.40787147181928,240.52553823889048,236.94948349745044,237.3290557861328,55658300,0.0,0.0
2025-01-31 00:00:00-05:00,246.91852728753366,246.91852728753366,233.18362815459494,235.74081420898438,101075100,0.0,0.0
2025-02-03 00:00:00-05:00,229.73741895869952,231.5753945205246,225.45212191586603,227.75958251953125,73063300,0.0,0.0
2025-02-04 00:00:00-05:00,227.00041910872287,232.87396618357337,226.40107197135944,232.54432678222656,45067300,0.0,0.0
2025-02-05 00:00:00-05:00,228.27901582634638,232.4144684638066,228.0193068583431,232.21469116210938,39620300,0.0,0.0
2025-02-06 00:00:00-05:00,231.0359788855247,233.54323203112875,230.17692277145878,232.9638671875,29925300,0.0,0.0
2025-02-07 00:00:00-05:00,232.3445476829273,233.74300400322835,227.0104008794231,227.3800048828125,39707200,0.0,0.0
2025-02-10 00:00:00-05:00,229.57000732421875,230.58999633789062,227.1999969482422,227.64999389648438,33115600,0.25,0.0
2025-02-11 00:00:00-05:00,228.1999969482422,235.22999572753906,228.1300048828125,232.6199951171875,53718400,0.0,0.0
2025-02-12 00:00:00-05:00,231.1999969482422,236.9600067138672,230.67999267578125,236.8699951171875,45243300,0.0,0.0
2025-02-13 00:00:00-05:00,236.91000366210938,242.33999633789062,235.57000732421875,241.52999877929688,53614100,0.0,0.0
2025-02-14 00:00:00-05:00,241.25,245.5500030517578,240.99000549316406,244.60000610351562,40896200,0.0,0.0
2025-02-18 00:00:00-05:00,244.14999389648438,245.17999267578125,241.83999633789062,244.47000122070312,48822500,0.0,0.0
2025-02-19 00:00:00-05:00,244.66000366210938,246.00999450683594,243.16000366210938,244.8699951171875,32204200,0.0,0.0
2025-02-20 00:00:00-05:00,244.94000244140625,246.77999877929688,244.2899932861328,245.8300018310547,32316900,0.0,0.0
2025-02-21 00:00:00-05:00,245.9499969482422,248.69000244140625,245.22000122070312,245.5500030517578,53197400,0.0,0.0
2025-02-24 00:00:00-05:00,244.92999267578125,248.86000061035156,244.4199981689453,247.10000610351562,51326400,0.0,0.0
2025-02-25 00:00:00-05:00,248.0,250.0,244.91000366210938,247.0399932861328,48013300,0.0,0.0
2025-02-26 00:00:00-05:00,244.3300018310547,244.97999572753906,239.1300048828125,240.36000061035156,44433600,0.0,0.0
2025-02-27 00:00:00-05:00,239.41000366210938,242.4600067138672,237.05999755859375,237.3000030517578,41153600,0.0,0.0
2025-02-28 00:00:00-05:00,236.9499969482422,242.08999633789062,230.1999969482422,241.83999633789062,56833400,0.0,0.0
2025-03-03 00:00:00-05:00,241.7899932861328,244.02999877929688,236.11000061035156,238.02999877929688,47184000,0.0,0.0
2025-03-04 00:00:00-05:00,237.7100067138672,240.07000732421875,234.67999267578125,235.92999267578125,53798100,0.0,0.0
2025-03-05 00:00:00-05:00,235.4199981689453,236.5500030517578,229.22999572753906,235.74000549316406,47227600,0.0,0.0
2025-03-06 00:00:00-05:00,234.44000244140625,237.86000061035156,233.16000366210938,235.3300018310547,45170400,0.0,0.0
2025-03-07 00:00:00-05:00,235.11000061035156,241.3699951171875,234.75999450683594,239.07000732421875,46273600,0.0,0.0
2025-03-10 00:00:00-04:00,235.5399932861328,236.16000366210938,224.22000122070312,227.47999572753906,72071200,0.0,0.0
2025-03-11 00:00:00-04:00,223.80999755859375,225.83999633789062,217.4499969482422,220.83999633789062,76137400,0.0,0.0
2025-03-12 00:00:00-04:00,220.13999938964844,221.75,214.91000366210938,216.97999572753906,62547500,0.0,0.0
2025-03-13 00:00:00-04:00,215.9499969482422,216.83999633789062,208.4199981689453,209.67999267578125,61368300,0.0,0.0
2025-03-14 00:00:00-04:00,211.25,213.9499969482422,209.5800018310547,213.49000549316406,60107600,0.0,0.0
2025-03-17 00:00:00-04:00,213.30999755859375,215.22000122070312,209.97000122070312,214.0,48073400,0.0,0.0
2025-03-18 00:00:00-04:00,214.16000366210938,215.14999389648438,211.49000549316406,212.69000244140625,42432400,0.0,0.0
2025-03-19 00:00:00-04:00,214.22000122070312,218.75999450683594,213.75,215.24000549316406,54385400,0.0,0.0
2025-03-20 00:00:00-04:00,213.99000549316406,217.49000549316406,212.22000122070312,214.10000610351562,48862900,0.0,0.0
2025-03-21 00:00:00-04:00,211.55999755859375,218.83999633789062,211.27999877929688,218.27000427246094,94127800,0.0,0.0
2025-03-24 00:00:00-04:00,221.0,221.47999572753906,218.5800018310547,220.72999572753906,44299500,0.0,0.0
2025-03-25 00:00:00-04:00,220.77000427246094,224.10000610351562,220.0800018310547,223.75,34493600,0.0,0.0
2025-03-26 00:00:00-04:00,223.50999450683594,225.02000427246094,220.47000122070312,221.52999877929688,34466100,0.0,0.0
2025-03-27 00:00:00-04:00,221.38999938964844,224.99000549316406,220.55999755859375,223.85000610351562,37094800,0.0,0.0
2025-03-28 00:00:00-04:00,221.6699981689453,223.80999755859375,217.67999267578125,217.89999389648438,39818600,0.0,0.0
2025-03-31 00:00:00-04:00,217.00999450683594,225.6199951171875,216.22999572753906,222.1300048828125,65299300,0.0,0.0
2025-04-01 00:00:00-04:00,219.80999755859375,223.67999267578125,218.89999389648438,223.19000244140625,36412700,0.0,0.0
2025-04-02 00:00:00-04:00,221.32000732421875,225.19000244140625,221.02000427246094,223.88999938964844,35905900,0.0,0.0
2025-04-03 00:00:00-04:00,205.5399932861328,207.49000549316406,201.25,203.19000244140625,103419000,0.0,0.0
2025-04-04 00:00:00-04:00,193.88999938964844,199.8800048828125,187.33999633789062,188.3800048828125,125910900,0.0,0.0
2025-04-07 00:00:00-04:00,177.1999969482422,194.14999389648438,174.6199951171875,181.4600067138672,160466300,0.0,0.0
2025-04-08 00:00:00-04:00,186.6999969482422,190.33999633789062,169.2100067138672,172.4199981689453,120859500,0.0,0.0
2025-04-09 00:00:00-04:00,171.9499969482422,200.61000061035156,171.88999938964844,198.85000610351562,184395900,0.0,0.0
2025-04-10 00:00:00-04:00,189.07000732421875,194.77999877929688,183.0,190.4199981689453,121880000,0.0,0.0
2025-04-11 00:00:00-04:00,186.10000610351562,199.5399932861328,186.05999755859375,198.14999389648438,87435900,0.0,0.0
2025-04-14 00:00:00-04:00,211.44000244140625,212.94000244140625,201.16000366210938,202.52000427246094,101352900,0.0,0.0
2025-04-15 00:00:00-04:00,201.86000061035156,203.50999450683594,199.8000030517578,202.13999938964844,51343900,0.0,0.0
2025-04-16 00:00:00-04:00,198.36000061035156,200.6999969482422,192.3699951171875,194.27000427246094,59732400,0.0,0.0
2025-04-17 00:00:00-04:00,197.1999969482422,198.8300018310547,194.4199981689453,196.97999572753906,51334300,0.0,0.0
2025-04-21 00:00:00-04:00,193.27000427246094,193.8000030517578,189.80999755859375,193.16000366210938,46742500,0.0,0.0
2025-04-22 00:00:00-04:00,196.1199951171875,201.58999633789062,195.97000122070312,199.74000549316406,52976400,0.0,0.0
2025-04-23 00:00:00-04:00,206.0,208.0,202.8000030517578,204.60000610351562,52929200,0.0,0.0
2025-04-24 00:00:00-04:00,204.88999938964844,208.8300018310547,202.94000244140625,208.3699951171875,47311000,0.0,0.0
2025-04-25 00:00:00-04:00,206.3699951171875,209.75,206.1999969482422,209.27999877929688,38222300,0.0,0.0
2025-04-28 00:00:00-04:00,210.0,211.5,207.4600067138672,210.13999938964844,38743100,0.0,0.0
2025-04-29 00:00:00-04:00,208.69000244140625,212.24000549316406,208.3699951171875,211.2100067138672,36827600,0.0,0.0
