Date,Open,High,Low,Close,Volume,Dividends,Stock Splits
2019-01-02 05:00:00+00:00,50.58888695558598,52.367962735611364,50.54609039191968,52.04598617553711,30652000,0.0,0.0
2019-01-03 05:00:00+00:00,51.80463025357511,52.5998634737991,50.464477396490224,50.56351089477539,36822000,0.0,0.0
2019-01-04 05:00:00+00:00,51.3861137044694,53.28959643226775,51.12873064353357,53.28312683105469,41878000,0.0,0.0
2019-01-07 05:00:00+00:00,53.32244046253062,53.44685119445593,52.489384409509626,53.16767120361328,39638000,0.0,0.0
2019-01-08 05:00:00+00:00,53.551855098847795,53.97236399574288,52.77652805710788,53.5603141784668,35298000,0.0,0.0
2019-01-09 05:00:00+00:00,53.827545513268085,53.87631430555803,53.06863932043999,53.47969436645508,23986000,0.0,0.0
2019-01-10 05:00:00+00:00,53.13134375200447,53.305020646191565,52.63619147340391,53.26421356201172,29128000,0.0,0.0
2019-01-11 05:00:00+00:00,52.90840104245364,52.93801161666393,52.17686533319072,52.610313415527344,30416000,0.0,0.0
2019-01-14 05:00:00+00:00,52.09923634164547,52.32864901241505,51.81732270418382,51.98826217651367,22886000,0.0,0.0
2019-01-15 05:00:00+00:00,52.26096750463522,53.74792408518102,52.12013598092055,53.603607177734375,29272000,0.0,0.0
2019-01-16 05:00:00+00:00,53.74544118674608,54.36127588569671,53.712595808880074,53.7937126159668,26636000,0.0,0.0
2019-01-17 05:00:00+00:00,53.71906074694211,54.332655331019346,53.42196785653767,54.238101959228516,24854000,0.0,0.0
2019-01-18 05:00:00+00:00,54.740724508380026,55.15635463066236,54.28786760138779,54.65413284301758,39112000,0.0,0.0
2019-01-22 05:00:00+00:00,54.14355443383679,54.318226076435785,52.92283482055962,53.27367401123047,32270000,0.0,0.0
2019-01-23 05:00:00+00:00,53.61356359621066,53.99077476592538,52.73771093991808,53.52498245239258,19340000,0.0,0.0
2019-01-24 05:00:00+00:00,53.57026512327336,53.719308931387744,52.78498315567823,53.441871643066406,27226000,0.0,0.0
2019-01-25 05:00:00+00:00,53.994255523704346,54.44213490029448,53.83600468408536,54.29234313964844,22382000,0.0,0.0
2019-01-28 05:00:00+00:00,53.75091270061363,53.89473224009513,52.93925490412957,53.25177764892578,25686000,0.0,0.0
2019-01-29 05:00:00+00:00,53.38116004888183,53.50407867120258,52.54437562869261,52.781002044677734,20436000,0.0,0.0
2019-01-30 05:00:00+00:00,53.16966516846235,54.29284335731334,53.09103521571565,54.1963005065918,25596000,0.0,0.0
2019-01-31 05:00:00+00:00,54.890018894408335,55.60314057341608,54.51230655897871,55.55536651611328,30766000,0.0,0.0
2019-02-01 05:00:00+00:00,55.35779589192095,55.98482701759799,54.98406634226022,55.27568435668945,29244000,0.0,0.0
2019-02-04 05:00:00+00:00,55.37074058585406,56.37299346923828,55.18959933951908,56.37299346923828,51530000,0.0,0.0
2019-02-05 05:00:00+00:00,55.97686708017098,57.07217736071228,55.599056050923195,57.029380798339844,71044000,0.0,0.0
2019-02-06 05:00:00+00:00,56.709900198369134,57.07964704126711,55.37621688921481,55.49863815307617,42112000,0.0,0.0
2019-02-07 05:00:00+00:00,54.94774342362005,54.98158353863134,54.04402289677241,54.67652893066406,40896000,0.0,0.0
2019-02-08 05:00:00+00:00,54.09378441501398,54.686478080122896,54.0713913946061,54.4948844909668,21516000,0.0,0.0
2019-02-11 05:00:00+00:00,54.588943978132335,55.03657281530868,54.38540970978951,54.492401123046875,21304000,0.0,0.0
2019-02-12 05:00:00+00:00,55.07911786982529,55.99950971490469,55.03184118552409,55.80418395996094,32182000,0.0,0.0
2019-02-13 05:00:00+00:00,55.98433134536978,56.46903506533117,55.66136005634363,55.74396896362305,20996000,0.0,0.0
2019-02-14 05:00:00+00:00,55.638968186591576,56.145567567744685,55.26051170861164,55.819114685058594,18952000,0.0,0.0
2019-02-15 05:00:00+00:00,56.2376319631855,56.31675548548236,55.27071138766201,55.42000198364258,28996000,0.0,0.0
2019-02-19 05:00:00+00:00,55.23836485987836,55.8300637879957,55.23836485987836,55.66434860229492,20928000,0.0,0.0
2019-02-20 05:00:00+00:00,55.735509955427,55.905705262501755,55.00347688225316,55.427467346191406,21756000,0.0,0.0
2019-02-21 05:00:00+00:00,55.28016655679086,55.33490758233576,54.36848435274426,54.589935302734375,28302000,0.0,0.0
2019-02-22 05:00:00+00:00,54.78550776913382,55.30007264916632,54.52175762646254,55.256778717041016,20990000,0.0,0.0
2019-02-25 05:00:00+00:00,55.5369498953794,55.66335010538717,55.102507073369644,55.2085075378418,28262000,0.0,0.0
2019-02-26 05:00:00+00:00,55.02686532958957,55.711621726207845,54.73673941099798,55.493656158447266,29426000,0.0,0.0
2019-02-27 05:00:00+00:00,55.08658705575534,55.63548565871527,54.79048888842253,55.53944396972656,19368000,0.0,0.0
2019-02-28 05:00:00+00:00,55.303057185817366,56.11670443564762,55.288625875025616,55.732025146484375,30850000,0.0,0.0
2019-03-01 05:00:00+00:00,55.97984773650691,56.87908804554104,55.97238339688023,56.780555725097656,29006000,0.0,0.0
2019-03-04 05:00:00+00:00,57.07914752803879,57.64098912235451,56.26799088562679,57.11945724487305,28920000,0.0,0.0
2019-03-05 05:00:00+00:00,57.23192070594866,58.20481353746582,57.03958296037671,57.82760238647461,28864000,0.0,0.0
2019-03-06 05:00:00+00:00,57.850494074126374,58.10309707014742,57.50214553680702,57.620086669921875,21986000,0.0,0.0
2019-03-07 05:00:00+00:00,57.51358633315577,57.56509255715372,56.47799078812375,56.89551544189453,23332000,0.0,0.0
2019-03-08 05:00:00+00:00,56.07092393102562,57.08362918481933,55.900235036949155,56.84675216674805,24248000,0.0,0.0
2019-03-11 04:00:00+00:00,56.95274585987207,58.53226633636584,56.95274585987207,58.5108642578125,34384000,0.0,0.0
2019-03-12 04:00:00+00:00,58.63527349194155,59.71715100299491,58.63527349194155,59.378753662109375,40262000,0.0,0.0
2019-03-13 04:00:00+00:00,59.74925001912267,59.76343454379231,59.31605250955185,59.384727478027344,28718000,0.0,0.0
2019-03-14 04:00:00+00:00,59.443944444996795,59.6116529084971,58.94480940121188,58.9980583190918,23456000,0.0,0.0
2019-03-15 04:00:00+00:00,59.387709961516066,59.54645817569448,58.85175059802516,58.94381332397461,49236000,0.0,0.0
2019-03-18 04:00:00+00:00,58.88608672511578,59.21950656515357,58.59352332565562,58.933860778808594,25852000,0.0,0.0
2019-03-19 04:00:00+00:00,59.160283567182084,59.71714760881473,59.01397719338844,59.65991973876953,30414000,0.0,0.0
2019-03-20 04:00:00+00:00,59.5852768985004,61.067753343409606,59.52655311885058,60.910003662109375,44548000,0.0,0.0
2019-03-21 04:00:00+00:00,60.51337893037545,61.29915829365148,60.37155267101907,61.28671646118164,24080000,0.0,0.0
2019-03-22 04:00:00+00:00,61.026949105735284,61.21007981909696,59.85773577690948,59.9908561706543,34284000,0.0,0.0
2019-03-25 04:00:00+00:00,59.564377485443444,60.035545941780455,59.0722094019378,59.368804931640625,29936000,0.0,0.0
2019-03-26 04:00:00+00:00,59.64399918140026,59.85798580275361,58.55864002395027,58.951778411865234,38024000,0.0,0.0
2019-03-27 04:00:00+00:00,58.99557063969038,59.09803256671857,57.6952263883197,58.37451171875,28004000,0.0,0.0
2019-03-28 04:00:00+00:00,58.30085579033771,58.3021011125323,57.69826032657176,58.14907455444336,19234000,0.0,0.0
2019-03-29 04:00:00+00:00,58.46806242285063,58.67160046182974,57.86989773100634,58.388938903808594,25398000,0.0,0.0
2019-04-01 04:00:00+00:00,58.92590058039703,59.55093845410903,58.821392225023054,59.439964294433594,25050000,0.0,0.0
2019-04-02 04:00:00+00:00,59.484254655642125,59.784335565267895,59.006020520028905,59.741539001464844,16558000,0.0,0.0
2019-04-03 04:00:00+00:00,60.089392131882995,60.528311305049314,59.742038320935016,60.01176071166992,20286000,0.0,0.0
2019-04-04 04:00:00+00:00,60.012755594296536,60.49696197849459,59.922682340638936,60.463619232177734,19000000,0.0,0.0
2019-04-05 04:00:00+00:00,60.46312170205585,60.524332332287365,59.96746822510118,60.072967529296875,18144000,0.0,0.0
2019-04-08 04:00:00+00:00,60.109789856644845,60.14960220043878,59.710181903502075,59.90824508666992,17204000,0.0,0.0
2019-04-09 04:00:00+00:00,59.51809401083378,59.83111032214964,59.37278236555951,59.580299377441406,17528000,0.0,0.0
2019-04-10 04:00:00+00:00,59.750989724139714,59.90550839548545,59.53974055037991,59.824642181396484,14492000,0.0,0.0
2019-04-11 04:00:00+00:00,59.914218054192446,60.11327218218012,59.723619208554446,59.947059631347656,14204000,0.0,0.0
2019-04-12 04:00:00+00:00,60.21479523163322,60.63032662741935,60.12073922845527,60.606441497802734,18668000,0.0,0.0
2019-04-15 04:00:00+00:00,60.61291329574426,60.92144949722449,60.170508740158986,60.767181396484375,23748000,0.0,0.0
2019-04-16 04:00:00+00:00,60.961260256780584,61.25088881285247,60.71841101798835,61.067256927490234,17126000,0.0,0.0
2019-04-17 04:00:00+00:00,61.359372624043786,61.735589025677164,61.1015909225068,61.52558517456055,24438000,0.0,0.0
2019-04-18 04:00:00+00:00,61.66691732084266,61.80725147537198,61.439494133344525,61.52708053588867,26636000,0.0,0.0
2019-04-22 04:00:00+00:00,61.50816724880694,62.16007826399432,61.12597860718061,62.147640228271484,16146000,0.0,0.0
2019-04-23 04:00:00+00:00,62.23970563293367,63.150890503416825,62.02522164505346,62.929439544677734,26398000,0.0,0.0
2019-04-24 04:00:00+00:00,62.90804012559392,63.10162319739888,62.45418849209085,62.50395202636719,20376000,0.0,0.0
2019-04-25 04:00:00+00:00,62.940385594263894,63.071664587100365,62.30639124487565,62.874698638916016,22146000,0.0,0.0
2019-04-26 04:00:00+00:00,63.15089221070057,63.35343174066566,62.718936209057354,63.30914306640625,24828000,0.0,0.0
2019-04-29 04:00:00+00:00,63.399704395769334,64.1596052948282,63.01627046122695,64.07550048828125,49988000,0.0,0.0
2019-04-30 04:00:00+00:00,58.97069176695194,59.3593500445107,58.47304879845445,59.14387130737305,124140000,0.0,0.0
2019-05-01 04:00:00+00:00,59.1224672851788,59.1224672851788,58.0838875130724,58.1286735534668,52784000,0.0,0.0
2019-05-02 04:00:00+00:00,58.11275401797282,58.43273731321324,57.47785983796721,57.856468200683594,38896000,0.0,0.0
2019-05-03 04:00:00+00:00,58.40586099928294,59.0602626625083,58.174458860908274,58.99059295654297,39614000,0.0,0.0
2019-05-06 04:00:00+00:00,58.038105687973676,59.26180950448748,58.038105687973676,59.18915557861328,31278000,0.0,0.0
2019-05-07 04:00:00+00:00,58.74525608321205,59.24140692633156,57.778335432841494,58.428260803222656,31028000,0.0,0.0
2019-05-08 04:00:00+00:00,58.32424288205437,58.74295968491767,58.01222133502206,58.038597106933594,26186000,0.0,0.0
2019-05-09 04:00:00+00:00,57.67830655902802,58.20730273790415,57.27123426081111,57.84501647949219,23714000,0.0,0.0
2019-05-10 04:00:00+00:00,57.9052353552376,58.3536121295583,56.8557058190785,57.9390754699707,26290000,0.0,0.0
2019-05-13 04:00:00+00:00,56.82883238830084,57.12642265190548,55.84101085496842,56.33467483520508,37212000,0.0,0.0
2019-05-14 04:00:00+00:00,56.59245222192027,56.75219517791062,55.71361538083183,55.757904052734375,36732000,0.0,0.0
2019-05-15 04:00:00+00:00,55.63001359737063,58.290413135965665,55.570097647544564,57.93608856201172,45786000,0.0,0.0
2019-05-16 04:00:00+00:00,57.95101581846424,59.127944097167834,57.86790953917246,58.67110824584961,30628000,0.0,0.0
2019-05-17 04:00:00+00:00,58.14808565430715,58.729332253572416,57.72707938583639,57.841041564941406,24172000,0.0,0.0
2019-05-20 04:00:00+00:00,56.95523030242402,57.06954177197713,56.30546064321986,56.67406463623047,27066000,0.0,0.0
2019-05-21 04:00:00+00:00,57.15379500578711,57.363700159376094,56.62878153866273,57.21052551269531,23196000,0.0,0.0
2019-05-22 04:00:00+00:00,57.067205624870695,57.65292854010198,57.024405264314254,57.29960250854492,18290000,0.0,0.0
2019-05-23 04:00:00+00:00,56.756182415191326,57.02853973451675,56.19503939261741,56.76961898803711,23978000,0.0,0.0
2019-05-24 04:00:00+00:00,57.097559931018665,57.217243755713184,56.316260673425404,56.406333923339844,22240000,0.0,0.0
2019-05-28 04:00:00+00:00,56.432709762472314,57.307913155709805,56.38891466303889,56.4401741027832,27300000,0.0,0.0
2019-05-29 04:00:00+00:00,56.110235657258954,56.18886561013428,55.14978464089403,55.559844970703125,30764000,0.0,0.0
2019-05-30 04:00:00+00:00,55.51405682358444,55.89176912338499,55.34386152320288,55.63398742675781,19038000,0.0,0.0
2019-05-31 04:00:00+00:00,54.80491481280025,55.218456707883796,54.749676419546695,54.921363830566406,30156000,0.0,0.0
2019-06-03 04:00:00+00:00,53.023854919131,53.023854919131,51.008399564013565,51.56725311279297,102612000,0.0,0.0
2019-06-04 04:00:00+00:00,51.89918197201824,52.55358364428853,51.44085401500122,52.40428924560547,56670000,0.0,0.0
2019-06-05 04:00:00+00:00,52.32914399952168,52.42917223249062,51.28160776458938,51.86534118652344,43368000,0.0,0.0
2019-06-06 04:00:00+00:00,52.00319227635021,52.12760301713,51.44135446444248,51.97084426879883,34064000,0.0,0.0
2019-06-07 04:00:00+00:00,52.28386366328877,53.29358088719903,52.172885699969676,53.05072784423828,36048000,0.0,0.0
2019-06-10 04:00:00+00:00,53.39608858004256,54.375451005961004,53.363345716847675,53.764347076416016,29284000,0.0,0.0
2019-06-11 04:00:00+00:00,54.44114341620072,54.83975285799153,53.62615211294234,53.681739807128906,28734000,0.0,0.0
2019-06-12 04:00:00+00:00,53.64590860077653,53.79171761268392,53.12537149134712,53.59763717651367,21220000,0.0,0.0
2019-06-13 04:00:00+00:00,53.92657464043328,54.450593314813496,53.752897753621696,54.18186569213867,21154000,0.0,0.0
2019-06-14 04:00:00+00:00,54.064921908517874,54.37694347634968,53.75399379438073,54.01167678833008,22230000,0.0,0.0
2019-06-17 04:00:00+00:00,54.05795793858031,54.69991780427078,54.05795793858031,54.36749267578125,18832000,0.0,0.0
2019-06-18 04:00:00+00:00,55.22294123136127,55.55636109563532,54.69046342835001,54.91987609863281,27734000,0.0,0.0
2019-06-19 04:00:00+00:00,55.01940519376204,55.089074905375995,54.41626292034072,54.8566780090332,26776000,0.0,0.0
2019-06-20 04:00:00+00:00,55.73550588811652,55.74197548862719,54.97659972727463,55.309024810791016,25240000,0.0,0.0
2019-06-21 04:00:00+00:00,55.20054632058306,55.940541116664505,55.14281728026362,55.829566955566406,38952000,0.0,0.0
2019-06-24 04:00:00+00:00,55.71659576776883,55.835531630660995,55.28862257179964,55.5130615234375,27912000,0.0,0.0
2019-06-25 04:00:00+00:00,55.370736392549084,55.45483740792734,53.93453814004598,54.061439514160156,30938000,0.0,0.0
2019-06-26 04:00:00+00:00,54.06890492770672,54.390877685086735,53.359264866516185,53.7354850769043,36218000,0.0,0.0
2019-06-27 04:00:00+00:00,53.94449348659777,54.09876157741906,53.51104540822306,53.546875,20086000,0.0,0.0
2019-06-28 04:00:00+00:00,53.56578936372995,53.79520203427845,53.41550022115428,53.79072570800781,33864000,0.0,0.0
2019-07-01 04:00:00+00:00,54.64119303702516,55.117935035929264,54.42735450570501,54.638702392578125,28726000,0.0,0.0
2019-07-02 04:00:00+00:00,54.85219466888646,55.32644984636485,54.6496551474813,55.30057144165039,19832000,0.0,0.0
2019-07-03 04:00:00+00:00,55.60711921265963,56.0724179499405,55.43045809260808,55.81463623046875,15340000,0.0,0.0
2019-07-05 04:00:00+00:00,55.62652991886957,56.37697711852915,55.543921004587794,56.31277847290039,25286000,0.0,0.0
2019-07-08 04:00:00+00:00,55.99329004132325,56.03359975746373,55.298582438373096,55.55437088012695,24728000,0.0,0.0
2019-07-09 04:00:00+00:00,55.32794231462483,56.13536677119155,55.09753490871124,55.97637176513672,26608000,0.0,0.0
2019-07-10 04:00:00+00:00,56.294365547277955,56.83331294307497,56.28192371441995,56.75518035888672,24190000,0.0,0.0
2019-07-11 04:00:00+00:00,56.89302565841162,57.381712132669016,56.71039231546099,56.940799713134766,23910000,0.0,0.0
2019-07-12 04:00:00+00:00,56.92985620578441,57.09656613648435,56.67058237906169,56.97513961791992,17280000,0.0,0.0
2019-07-15 04:00:00+00:00,57.07267390214456,57.26974234942182,56.70143499054985,57.245853424072266,18076000,0.0,0.0
2019-07-16 04:00:00+00:00,57.02988189303402,57.65591834033388,56.98011835686873,57.40709686279297,24776000,0.0,0.0
2019-07-17 04:00:00+00:00,57.277208463077635,57.64496579919686,57.018435809633786,57.047298431396484,23400000,0.0,0.0
2019-07-18 04:00:00+00:00,56.81788487602209,57.1097496863196,56.369508116471984,57.046302795410156,25814000,0.0,0.0
2019-07-19 04:00:00+00:00,57.138863503115736,57.28566725574548,56.21473946148142,56.23862838745117,32944000,0.0,0.0
2019-07-22 04:00:00+00:00,56.40534005392537,56.693973872445845,55.94701208741126,56.635250091552734,26030000,0.0,0.0
2019-07-23 04:00:00+00:00,56.93035336980837,57.07467027870986,56.32322837260709,57.04033279418945,21874000,0.0,0.0
2019-07-24 04:00:00+00:00,56.32820955070989,56.930357094806155,56.08386438973331,56.622314453125,31796000,0.0,0.0
2019-07-25 04:00:00+00:00,56.62280962263214,56.81589533240406,55.78179560939306,56.33915328979492,44196000,0.0,0.0
2019-07-26 04:00:00+00:00,60.91348413600985,62.979200399541234,60.91149465776751,62.22576904296875,96116000,0.0,0.0
2019-07-29 04:00:00+00:00,61.75997797016164,62.07448639078107,61.121997086513204,61.67836380004883,44474000,0.0,0.0
2019-07-30 04:00:00+00:00,60.981660142991196,61.4524299115953,60.87665821773259,60.968223571777344,29066000,0.0,0.0
2019-07-31 04:00:00+00:00,60.86173053082744,61.40913698255047,60.103519118472,60.547218322753906,34510000,0.0,0.0
2019-08-01 04:00:00+00:00,60.41534737417545,61.414616033802595,60.001805442303215,60.165531158447266,33970000,0.0,0.0
2019-08-02 04:00:00+00:00,59.75397846076589,60.06052897889241,59.16675962664151,59.41807174682617,32902000,0.0,0.0
2019-08-05 04:00:00+00:00,58.22621191821517,58.484988366330526,56.7382606300517,57.344390869140625,51950000,0.0,0.0
2019-08-06 04:00:00+00:00,57.89129747505496,58.71987336828218,57.726577035493655,58.22173309326172,34188000,0.0,0.0
2019-08-07 04:00:00+00:00,57.52752148209094,58.644480634558775,57.21022627818977,58.42278289794922,28886000,0.0,0.0
2019-08-08 04:00:00+00:00,58.86269951277977,59.96647272793378,58.37451417930294,59.956024169921875,29360000,0.0,0.0
2019-08-09 04:00:00+00:00,59.617131626487016,59.91024178514194,58.901169980158684,59.1204833984375,21314000,0.0,0.0
2019-08-12 04:00:00+00:00,58.682548325175674,58.968695276062284,58.10836745649929,58.45861053466797,20060000,0.0,0.0
2019-08-13 04:00:00+00:00,58.29688174324611,59.955024588268486,58.29688174324611,59.581295013427734,25888000,0.0,0.0
2019-08-14 04:00:00+00:00,58.53823586288448,58.83632729889537,57.75345500081766,57.94007110595703,31574000,0.0,0.0
2019-08-15 04:00:00+00:00,57.900754268105736,58.51484622211969,57.831581931063766,58.087867736816406,24374000,0.0,0.0
2019-08-16 04:00:00+00:00,58.69947629105989,58.85722977769045,58.31429960709669,58.60243606567383,26266000,0.0,0.0
2019-08-19 04:00:00+00:00,59.22398590819015,60.06499983716119,59.22398590819015,59.6400146484375,24632000,0.0,0.0
2019-08-20 04:00:00+00:00,59.48076980328456,59.52107951699582,58.826865528745984,58.85572814941406,18310000,0.0,0.0
2019-08-21 04:00:00+00:00,59.37626876687907,59.667389431986415,59.091613906285176,59.281715393066406,14814000,0.0,0.0
2019-08-22 04:00:00+00:00,59.42204849506723,59.618220924593814,58.651201597182954,59.19612121582031,18950000,0.0,0.0
2019-08-23 04:00:00+00:00,58.820896451545366,59.42254658204272,57.11696903452274,57.29313278198242,33740000,0.0,0.0
2019-08-26 04:00:00+00:00,57.590223739051225,58.19784608071713,57.37623713079554,58.168983459472656,24522000,0.0,0.0
2019-08-27 04:00:00+00:00,58.74824100858988,58.84129847402408,57.79873593716692,58.116729736328125,21544000,0.0,0.0
2019-08-28 04:00:00+00:00,57.81167699516864,58.54371009651403,57.59221931300997,58.27498245239258,16040000,0.0,0.0
2019-08-29 04:00:00+00:00,58.777602338513084,59.521082526654624,58.777602338513084,59.3613395690918,21768000,0.0,0.0
2019-08-30 04:00:00+00:00,59.64250331703099,59.64250331703099,58.91111948432108,59.12495422363281,22596000,0.0,0.0
2019-09-03 04:00:00+00:00,58.5740705264919,59.064746513311874,57.885828705969786,58.14410400390625,29598000,0.0,0.0
2019-09-04 04:00:00+00:00,58.558141359292,58.89504660250036,58.27398766505066,58.79203414916992,21378000,0.0,0.0
2019-09-05 04:00:00+00:00,59.295652375452796,60.36608288325518,59.295652375452796,60.28347396850586,28162000,0.0,0.0
2019-09-06 04:00:00+00:00,60.121739470607984,60.315071964603504,59.84265818187378,59.96249008178711,21442000,0.0,0.0
2019-09-09 04:00:00+00:00,59.916211447209676,60.712439401326826,59.349893531771514,59.936614990234375,29438000,0.0,0.0
2019-09-10 04:00:00+00:00,59.475793511525104,60.21479355433821,59.44742825983299,60.0157356262207,25202000,0.0,0.0
2019-09-11 04:00:00+00:00,59.8868506596795,60.84182682235537,59.826634770570024,60.72089767456055,26140000,0.0,0.0
2019-09-12 04:00:00+00:00,60.92642517715978,61.8002845379137,60.86272770105439,61.42158126831055,34518000,0.0,0.0
2019-09-13 04:00:00+00:00,61.277264732406614,61.75151611740423,61.06128484042773,61.685829162597656,26028000,0.0,0.0
2019-09-16 04:00:00+00:00,61.186191491381194,61.68582386886842,60.99160989812441,61.2747688293457,21066000,0.0,0.0
2019-09-17 04:00:00+00:00,61.22998337815133,61.45889865843943,60.89606617406367,61.16777801513672,19102000,0.0,0.0
2019-09-18 04:00:00+00:00,61.08616549394911,61.48925504218396,60.53975378313874,61.33000946044922,22702000,0.0,0.0
2019-09-19 04:00:00+00:00,61.312594983198636,61.92867640927967,61.31060550494818,61.64352798461914,19920000,0.0,0.0
2019-09-20 04:00:00+00:00,61.365344594225185,61.87294252033184,60.86571217479027,61.20659637451172,45400000,0.0,0.0
2019-09-23 04:00:00+00:00,61.01102509848254,61.66243878045278,60.91995710657392,61.4106330871582,21248000,0.0,0.0
2019-09-24 04:00:00+00:00,61.707724001412004,62.04313713198495,60.24863530939819,60.65073013305664,31664000,0.0,0.0
2019-09-25 04:00:00+00:00,60.50442473061081,62.12076955807971,60.21927629589937,62.032188415527344,29060000,0.0,0.0
2019-09-26 04:00:00+00:00,61.80526268338596,61.9565465636811,61.32294707496123,61.77689743041992,30760000,0.0,0.0
2019-09-27 04:00:00+00:00,61.8575162602063,61.907777164383084,60.43624662798508,60.96574020385742,27078000,0.0,0.0
2019-09-30 04:00:00+00:00,60.760708908848436,61.01102248264658,60.32925409817563,60.66267395019531,28082000,0.0,0.0
2019-10-01 04:00:00+00:00,60.662674455316896,61.271291551398,59.895309141686674,59.970951080322266,25470000,0.0,0.0
2019-10-02 04:00:00+00:00,59.566862459981536,59.566862459981536,58.28841765138535,58.554161071777344,32302000,0.0,0.0
2019-10-03 04:00:00+00:00,58.72186587235956,59.172729487118104,57.847505359208476,59.11151885986328,32424000,0.0,0.0
2019-10-04 04:00:00+00:00,59.31356510266346,60.28645415237323,59.1782046452877,60.16503143310547,23248000,0.0,0.0
2019-10-07 04:00:00+00:00,59.93611399388769,60.623057280009746,59.903765989412165,60.09933853149414,16858000,0.0,0.0
2019-10-08 04:00:00+00:00,59.59721854641772,60.01971689068296,59.170240079522785,59.176212310791016,20786000,0.0,0.0
2019-10-09 04:00:00+00:00,59.6848064322198,60.13268584985636,59.59921330212868,59.83211135864258,17354000,0.0,0.0
2019-10-10 04:00:00+00:00,59.6464860994613,60.463614925605086,59.584778103869276,60.14860534667969,16932000,0.0,0.0
2019-10-11 04:00:00+00:00,60.82241554906148,61.12995698989318,60.40091193583892,60.48600769042969,25454000,0.0,0.0
2019-10-14 04:00:00+00:00,60.3312438396688,61.027447334756374,60.302381217813235,60.57011032104492,17350000,0.0,0.0
2019-10-15 04:00:00+00:00,60.73234574878295,62.07249860082353,60.73234574878295,61.85751724243164,27634000,0.0,0.0
2019-10-16 04:00:00+00:00,61.76594398992986,62.44124654852317,61.630587334509116,61.88886260986328,21892000,0.0,0.0
2019-10-17 04:00:00+00:00,62.251648813766984,62.868474406860926,62.202382649188046,62.3581428527832,19048000,0.0,0.0
2019-10-18 04:00:00+00:00,62.37755028082717,62.647770024053,61.76146885731756,61.98093032836914,27056000,0.0,0.0
2019-10-21 04:00:00+00:00,62.31783090987912,62.43572268096917,61.73757908624405,62.013771057128906,20544000,0.0,0.0
2019-10-22 04:00:00+00:00,62.098377090568995,62.23522586390182,61.77640052376962,61.84706497192383,20476000,0.0,0.0
2019-10-23 04:00:00+00:00,61.825165599557145,62.697532814841324,61.825165599557145,62.65971374511719,18230000,0.0,0.0
2019-10-24 04:00:00+00:00,62.747801065734144,62.90207297016903,62.3902454680634,62.752281188964844,20562000,0.0,0.0
2019-10-25 04:00:00+00:00,62.25662317599901,63.180747239890536,62.20586490216215,62.95830154418945,24262000,0.0,0.0
2019-10-28 04:00:00+00:00,63.47185919106516,64.65923587324336,63.32704493308678,64.19593048095703,52264000,0.0,0.0
2019-10-29 04:00:00+00:00,63.51068130948258,63.777415660159164,62.56426300168227,62.83338928222656,37728000,0.0,0.0
2019-10-30 04:00:00+00:00,62.35316500070733,63.16880173598419,62.304893575549826,62.76720428466797,28178000,0.0,0.0
2019-10-31 04:00:00+00:00,62.76671108146468,63.084704905786936,62.24732053561924,62.70848846435547,29114000,0.0,0.0
2019-11-01 04:00:00+00:00,62.951831952544346,63.43056345881531,62.72789414807873,63.38677215576172,33402000,0.0,0.0
2019-11-04 05:00:00+00:00,63.521625166740655,64.40145667441739,63.51689825787036,64.26410675048828,30020000,0.0,0.0
2019-11-05 05:00:00+00:00,64.33975548500658,64.64033374920395,64.25709342498101,64.29695892333984,25654000,0.0,0.0
2019-11-06 05:00:00+00:00,64.1690695968801,64.38156411574582,63.822710517083756,64.28551483154297,23060000,0.0,0.0
2019-11-07 05:00:00+00:00,64.4089312577052,65.8749870228822,64.40719236243862,65.1344985961914,40600000,0.0,0.0
2019-11-08 05:00:00+00:00,64.95633048706195,65.58933381674632,64.91079270044314,65.25939178466797,25028000,0.0,0.0
2019-11-11 05:00:00+00:00,64.85182750311274,65.01331694585261,64.56468959989341,64.65327453613281,20238000,0.0,0.0
2019-11-12 05:00:00+00:00,64.69358007738889,65.19122300106112,64.48307505526301,64.63386535644531,21718000,0.0,0.0
2019-11-13 05:00:00+00:00,64.39847882733783,64.90756506466865,64.37061094417324,64.59405517578125,16534000,0.0,0.0
2019-11-14 05:00:00+00:00,64.56917028106815,65.53957247758925,64.47710755380479,65.26387786865234,23870000,0.0,0.0
2019-11-15 05:00:00+00:00,65.63611716017243,66.42936469168632,65.40421384698203,66.42886352539062,35652000,0.0,0.0
2019-11-18 05:00:00+00:00,66.2969825140075,66.46165359454636,65.56445210413456,65.72370147705078,29748000,0.0,0.0
2019-11-19 05:00:00+00:00,66.072058533428,66.072058533428,65.33056778256957,65.46294403076172,25384000,0.0,0.0
2019-11-20 05:00:00+00:00,65.27781315828965,65.44004676177107,64.25317108075274,64.8453598022461,26172000,0.0,0.0
2019-11-21 05:00:00+00:00,64.76723467727417,65.32011984325015,64.34523744864184,64.7607650756836,19910000,0.0,0.0
2019-11-22 05:00:00+00:00,64.9732621121679,65.1280313900161,64.26611640669779,64.46168518066406,27714000,0.0,0.0
2019-11-25 05:00:00+00:00,64.65277875366816,65.25641839817035,64.60052836818707,65.0265121459961,20724000,0.0,0.0
2019-11-26 05:00:00+00:00,65.1842575104164,65.43009477479139,64.94688691939362,65.36788940429688,21394000,0.0,0.0
2019-11-27 05:00:00+00:00,65.44003982190893,65.60724710343538,65.17280431515324,65.34001159667969,19912000,0.0,0.0
2019-11-29 05:00:00+00:00,65.04790700507128,65.20142335264666,64.89114826345056,64.94041442871094,11740000,0.0,0.0
2019-12-02 05:00:00+00:00,64.74335244862974,64.9837072565152,63.748066523783336,64.19196319580078,30218000,0.0,0.0
2019-12-03 05:00:00+00:00,63.676897827090066,64.61699466454785,63.64853257446234,64.45869445800781,22876000,0.0,0.0
2019-12-04 05:00:00+00:00,65.04243467153536,65.97750470210549,64.93593683019165,65.71574401855469,30750000,0.0,0.0
2019-12-05 05:00:00+00:00,66.08698285251107,66.15456436637218,65.51170470755393,66.09345245361328,24254000,0.0,0.0
2019-12-06 05:00:00+00:00,66.35769519337529,66.88320600003146,66.35769519337529,66.71500396728516,26296000,0.0,0.0
2019-12-09 05:00:00+00:00,66.58662060329817,67.65207742520533,66.5766656177051,66.86132049560547,27086000,0.0,0.0
2019-12-10 05:00:00+00:00,66.75880148432083,67.18055572442653,66.48709340359882,66.91606140136719,21882000,0.0,0.0
2019-12-11 05:00:00+00:00,67.22359613473785,67.24150903223281,66.81702120020057,66.93396759033203,17008000,0.0,0.0
2019-12-12 05:00:00+00:00,66.97974985538488,67.46918429101224,66.7090365350133,67.19522857666016,25620000,0.0,0.0
2019-12-13 05:00:00+00:00,67.07977519725922,67.33571169468519,66.87673452066309,67.07380676269531,30992000,0.0,0.0
2019-12-16 05:00:00+00:00,67.50525880201461,67.91233490058754,67.31466375129214,67.73766326904297,27946000,0.0,0.0
2019-12-17 05:00:00+00:00,67.82325703299368,67.92825896073309,67.247629600667,67.43658447265625,37080000,0.0,0.0
2019-12-18 05:00:00+00:00,67.51024656861934,67.70283111603904,67.23156772269617,67.31217956542969,30452000,0.0,0.0
2019-12-19 05:00:00+00:00,67.27236462737935,67.58487974581826,67.13127873709372,67.48236846923828,29398000,0.0,0.0
2019-12-20 05:00:00+00:00,67.84615240902774,67.86057992321652,67.13202842382563,67.16139221191406,66300000,0.0,0.0
2019-12-23 05:00:00+00:00,67.47392131505866,67.66949008505193,67.00812517881609,67.12407684326172,17662000,0.0,0.0
2019-12-24 05:00:00+00:00,67.10715776377909,67.19474037539652,66.82250288587872,66.86132049560547,6950000,0.0,0.0
2019-12-26 05:00:00+00:00,66.9912004593127,67.7454784918378,66.90660207246883,67.6993408203125,13350000,0.0,0.0
2019-12-27 05:00:00+00:00,67.8282323499089,67.90487282445376,67.14745869843068,67.27584838867188,20768000,0.0,0.0
2019-12-30 05:00:00+00:00,67.18179165095934,67.3310860399804,66.38655471087438,66.49205780029297,21018000,0.0,0.0
2019-12-31 05:00:00+00:00,66.19198971795848,66.58463074934163,66.1409770613322,66.53585815429688,19236000,0.0,0.0
2020-01-02 05:00:00+00:00,66.76128915563321,68.08452005490719,66.76128915563321,68.04620361328125,28132000,0.0,0.0
2020-01-03 05:00:00+00:00,67.07529792848747,68.3014923595591,66.96004487038897,67.7122802734375,23728000,0.0,0.0
2020-01-06 05:00:00+00:00,67.18179218887404,69.49582866023067,67.18179218887404,69.38187408447266,34646000,0.0,0.0
2020-01-07 05:00:00+00:00,69.56750400556096,69.81880854006761,69.1912799697046,69.33858489990234,30054000,0.0,0.0
2020-01-08 05:00:00+00:00,69.27587246039515,70.24628223696304,69.21416826116834,69.88499450683594,30560000,0.0,0.0
2020-01-09 05:00:00+00:00,70.69365795847132,71.03006199373336,70.18107880646254,70.65682983398438,30018000,0.0,0.0
2020-01-10 05:00:00+00:00,71.0415118760559,71.40822890881397,70.58318772267843,71.14950561523438,36414000,0.0,0.0
2020-01-13 05:00:00+00:00,71.46799296355893,71.68645588790679,70.96487520274847,71.62226104736328,33046000,0.0,0.0
2020-01-14 05:00:00+00:00,71.61131918676213,71.75015744005867,71.08182939227687,71.20673370361328,31178000,0.0,0.0
2020-01-15 05:00:00+00:00,71.17339126528485,71.73000479006916,71.17339126528485,71.62077331542969,25654000,0.0,0.0
2020-01-16 05:00:00+00:00,72.03082741028582,72.25725584682053,71.7063602218111,72.2428207397461,23474000,0.0,0.0
2020-01-17 05:00:00+00:00,72.80068989152969,73.71560700280071,72.5672982481127,73.67057037353516,47924000,0.0,0.0
2020-01-21 05:00:00+00:00,73.60736938544426,74.24086640534432,73.21323244155424,73.87012481689453,40734000,0.0,0.0
2020-01-22 05:00:00+00:00,74.19856247091646,74.80637844327426,73.89648829768433,73.94725036621094,32216000,0.0,0.0
2020-01-23 05:00:00+00:00,74.03135994138042,74.42349979351208,73.75566532050314,73.98208618164062,27024000,0.0,0.0
2020-01-24 05:00:00+00:00,74.32745029050261,74.42225424928164,72.91713034976826,72.98979187011719,35692000,0.0,0.0
2020-01-27 05:00:00+00:00,71.21270441236497,71.56453831893283,70.7250088867633,71.35701751708984,35104000,0.0,0.0
2020-01-28 05:00:00+00:00,71.80987814872196,72.45681549290353,71.28585563476057,72.2856216430664,31548000,0.0,0.0
2020-01-29 05:00:00+00:00,72.59615897017159,72.92609346524814,71.99599711315511,72.58769989013672,21554000,0.0,0.0
2020-01-30 05:00:00+00:00,71.65859679392226,72.52051172814387,71.48143450289146,72.4488525390625,26788000,0.0,0.0
2020-01-31 05:00:00+00:00,73.09876926273381,73.15997988949793,71.08978349020452,71.37344360351562,48344000,0.0,0.0
2020-02-03 05:00:00+00:00,72.75539861661565,74.14880041149051,72.60561063831744,73.9467544555664,60736000,0.0,0.0
2020-02-04 05:00:00+00:00,72.51006361759383,73.12863193780154,70.9788182849418,72.01242065429688,78660000,0.0,0.0
2020-02-05 05:00:00+00:00,72.77629546072534,72.84695990234495,71.19080286656136,72.07013702392578,39724000,0.0,0.0
2020-02-06 05:00:00+00:00,72.17465331733683,73.7506846735692,72.13683044795762,73.46354675292969,33588000,0.0,0.0
2020-02-07 05:00:00+00:00,73.01913895772861,73.94177081761104,72.97186227581173,73.61283111572266,23446000,0.0,0.0
2020-02-10 05:00:00+00:00,73.36849619841237,75.11919911374271,73.36849619841237,75.0783920288086,28398000,0.0,0.0
2020-02-11 05:00:00+00:00,75.23415143302483,76.12094993003758,74.92700486107067,75.0838623046875,26892000,0.0,0.0
2020-02-12 05:00:00+00:00,75.3670279617218,75.67631590798648,75.05003268527967,75.55563354492188,23352000,0.0,0.0
2020-02-13 05:00:00+00:00,75.27795305804572,75.9990402732199,74.8753646334748,75.37599182128906,18590000,0.0,0.0
2020-02-14 05:00:00+00:00,75.42277370442471,75.6785659790039,75.01171857173469,75.6785659790039,23956000,0.0,0.0
2020-02-18 05:00:00+00:00,75.3929158890441,76.22049341890937,75.2729852602781,75.62531280517578,22414000,0.0,0.0
2020-02-19 05:00:00+00:00,75.89403571728414,76.2441763149109,75.71139856662336,75.97465515136719,18986000,0.0,0.0
2020-02-20 05:00:00+00:00,75.74125716479779,76.12146015343936,74.98584007034944,75.54966735839844,21932000,0.0,0.0
2020-02-21 05:00:00+00:00,75.04604260504198,75.25430756546942,73.67305203772625,73.90544891357422,34634000,0.0,0.0
2020-02-24 05:00:00+00:00,70.96934780847315,71.50979486204967,70.23682499273656,70.74441528320312,57342000,0.0,0.0
2020-02-25 05:00:00+00:00,71.31223804095893,71.56802269658145,68.79416586579799,69.0952377319336,49566000,0.0,0.0
2020-02-26 05:00:00+00:00,69.4779247431001,70.45131882585119,68.6249624458566,69.33061981201172,44048000,0.0,0.0
2020-02-27 05:00:00+00:00,67.78194857537117,68.26187602826585,65.5480302915154,65.59381866455078,59566000,0.0,0.0
2020-02-28 05:00:00+00:00,63.57388465682393,66.7408834910293,63.250415991203695,66.65081024169922,75782000,0.0,0.0
2020-03-02 05:00:00+00:00,67.26191366269606,69.21566484351548,66.02801190837346,69.1280746459961,48630000,0.0,0.0
2020-03-03 05:00:00+00:00,69.64114513956,70.17511501279238,66.28603443608321,66.75332641601562,48046000,0.0,0.0
2020-03-04 05:00:00+00:00,67.64112175406288,69.07732003369244,66.83892159728137,68.99918365478516,38266000,0.0,0.0
2020-03-05 05:00:00+00:00,67.1917442822063,67.62519232735532,64.94737001696318,65.6410903930664,51226000,0.0,0.0
2020-03-06 05:00:00+00:00,63.551994981774556,65.00311829561328,62.755269604252554,64.61446380615234,53212000,0.0,0.0
2020-03-09 04:00:00+00:00,59.98090344904182,62.44224502549843,59.7171532961249,60.491485595703125,67308000,0.0,0.0
2020-03-10 04:00:00+00:00,62.703006340955795,63.755523823884545,60.6512240867388,63.71770095825195,52228000,0.0,0.0
2020-03-11 04:00:00+00:00,62.190438284986186,62.750783957248736,59.52157973704793,60.4840202331543,52170000,0.0,0.0
2020-03-12 04:00:00+00:00,56.034586872457965,59.412090335161196,55.40258209281323,55.48270034790039,84534000,0.0,0.0
2020-03-13 04:00:00+00:00,58.672102616166846,60.700493420966005,55.59383298985285,60.69900131225586,74002000,0.0,0.0
2020-03-16 04:00:00+00:00,54.541667669853034,57.34175598785899,53.46875032867121,53.96091842651367,85048000,0.0,0.0
2020-03-17 04:00:00+00:00,54.39784304976598,56.27644580827855,52.55158829559161,55.72605514526367,77230000,0.0,0.0
2020-03-18 04:00:00+00:00,52.576475036439554,55.06419238089318,51.61950559200986,54.581478118896484,84668000,0.0,0.0
2020-03-19 04:00:00+00:00,54.39486379137895,57.62556027175729,52.75552980752347,55.50162124633789,73022000,0.0,0.0
2020-03-20 04:00:00+00:00,56.518305259955,56.929857717031815,53.02336126073511,53.363250732421875,72036000,0.0,0.0
2020-03-23 04:00:00+00:00,52.81584393747912,53.31348689204805,50.43790473543113,52.58195114135742,80882000,0.0,0.0
2020-03-24 04:00:00+00:00,54.92833442896245,56.482473882609035,54.273932745682316,56.45560073852539,66890000,0.0,0.0
2020-03-25 04:00:00+00:00,56.057984515488805,57.174195720333074,54.04451861574049,54.8646354675293,81630000,0.0,0.0
2020-03-26 04:00:00+00:00,55.32793956459401,58.22272907580746,54.4187442255657,57.81366729736328,71434000,0.0,0.0
2020-03-27 04:00:00+00:00,56.01817567477128,57.26228307317733,55.03483421977747,55.27370071411133,64170000,0.0,0.0
2020-03-30 04:00:00+00:00,55.98681933569691,57.310053987846615,54.5655535212399,57.07068634033203,51482000,0.0,0.0
2020-03-31 04:00:00+00:00,57.0945790583464,58.48847445224497,56.63873792005758,57.86642074584961,49728000,0.0,0.0
2020-04-01 04:00:00+00:00,55.83553656818428,56.21822639006784,54.61382603119818,55.0203971862793,46884000,0.0,0.0
2020-04-02 04:00:00+00:00,54.65412981425825,56.077388876340756,54.56156971898551,55.777809143066406,39298000,0.0,0.0
2020-04-03 04:00:00+00:00,55.68698917729453,55.9121723009795,53.735983002642314,54.635223388671875,46268000,0.0,0.0
2020-04-06 04:00:00+00:00,56.631766255497546,59.45141124440745,56.28042971339482,59.06623458862305,53294000,0.0,0.0
2020-04-07 04:00:00+00:00,60.76219893504672,60.96125685964553,58.832837907529914,59.04582977294922,47746000,0.0,0.0
2020-04-08 04:00:00+00:00,60.040621038171174,60.66615629570455,59.127944075022896,60.228729248046875,39502000,0.0,0.0
2020-04-09 04:00:00+00:00,60.91547625567643,60.98962608727499,59.55467307891095,60.28695297241211,43508000,0.0,0.0
2020-04-13 04:00:00+00:00,60.17398754701405,60.737818597464376,59.099976815251914,60.59101104736328,34796000,0.0,0.0
2020-04-14 04:00:00+00:00,61.9610274280021,63.80131008603449,61.55494983902026,63.16233444213867,49408000,0.0,0.0
2020-04-15 04:00:00+00:00,61.98690321067261,63.721193025561035,61.727633172604314,62.825931549072266,33434000,0.0,0.0
2020-04-16 04:00:00+00:00,63.40469049588155,63.64853447989354,61.838109172983856,62.875694274902344,50362000,0.0,0.0
2020-04-17 04:00:00+00:00,63.93965582370902,64.41639407233707,63.261866357252494,63.86003112792969,38980000,0.0,0.0
2020-04-20 04:00:00+00:00,63.250414839386714,63.77791892024484,62.77118597958641,63.031951904296875,33910000,0.0,0.0
2020-04-21 04:00:00+00:00,62.05607438561519,62.41786330113896,60.200365676686566,60.530303955078125,43060000,0.0,0.0
2020-04-22 04:00:00+00:00,61.98342057735243,63.9776220413976,61.807253028686105,62.862754821777344,41848000,0.0,0.0
2020-04-23 04:00:00+00:00,63.277790492780625,64.36065903127212,62.98517770558535,63.51466751098633,31324000,0.0,0.0
2020-04-24 04:00:00+00:00,62.76122995162995,63.71819554664152,62.177993912719984,63.66395568847656,32792000,0.0,0.0
2020-04-27 04:00:00+00:00,64.49452510711222,64.50198944713317,63.1508869526308,63.493263244628906,32012000,0.0,0.0
2020-04-28 04:00:00+00:00,64.09292731319228,64.09889574815824,61.31956415862492,61.39271545410156,59026000,0.0,0.0
2020-04-29 04:00:00+00:00,66.75680250213802,67.67893321616539,65.95460239053614,66.75779724121094,75872000,0.0,0.0
2020-04-30 04:00:00+00:00,65.93172199438965,67.32213195273073,65.81277852643127,67.1151123046875,53378000,0.0,0.0
2020-05-01 04:00:00+00:00,66.11187168464627,67.28481349351779,65.24099648605589,65.71923065185547,41450000,0.0,0.0
2020-05-04 04:00:00+00:00,65.10314710788082,66.07007161712828,64.64382056834887,66.02726745605469,30080000,0.0,0.0
2020-05-05 04:00:00+00:00,66.58065403264261,68.37315896392613,66.55775984316612,67.2370376586914,33030000,0.0,0.0
2020-05-06 04:00:00+00:00,67.76354542966598,68.23281932558962,67.0469383729329,67.04743194580078,24308000,0.0,0.0
2020-05-07 04:00:00+00:00,67.9750329935727,68.55528481110215,67.44404733834293,68.30447387695312,27952000,0.0,0.0
2020-05-08 04:00:00+00:00,68.8304892564852,69.6083069281213,68.4497927136965,69.09125518798828,27738000,0.0,0.0
2020-05-11 04:00:00+00:00,68.58913976165604,70.49262268743514,68.53300153777937,69.8322525024414,28242000,0.0,0.0
2020-05-12 04:00:00+00:00,70.02433415146153,70.41647398250896,68.41445898317728,68.46273040771484,27812000,0.0,0.0
2020-05-13 04:00:00+00:00,68.52792053922323,68.94753339769312,66.10688495282199,67.14845275878906,36252000,0.0,0.0
2020-05-14 04:00:00+00:00,66.43632649145944,67.55104939831612,65.88344895759907,67.48685455322266,32062000,0.0,0.0
2020-05-15 04:00:00+00:00,67.18178909382002,68.4000178974292,66.63437888605482,68.33582305908203,34154000,0.0,0.0
2020-05-18 04:00:00+00:00,67.76652942661171,69.28807029819045,67.39329721856366,68.87079620361328,36448000,0.0,0.0
2020-05-19 04:00:00+00:00,69.0229228317158,69.27188855106124,68.35050201416016,68.35050201416016,25612000,0.0,0.0
2020-05-20 04:00:00+00:00,69.15146281601207,70.18855809713762,69.03551875585958,70.00442504882812,33108000,0.0,0.0
2020-05-21 04:00:00+00:00,70.06811785009319,70.44084883762505,69.34404656059922,69.80934143066406,27700000,0.0,0.0
2020-05-22 04:00:00+00:00,69.50628335439127,70.30499807418597,69.26343034142864,70.18855285644531,26188000,0.0,0.0
2020-05-26 04:00:00+00:00,71.52472206890252,71.71034341341047,70.27364407837518,70.5169906616211,41212000,0.0,0.0
2020-05-27 04:00:00+00:00,70.5284440997267,70.75188072314815,69.23655898108824,70.55780029296875,33716000,0.0,0.0
2020-05-28 04:00:00+00:00,69.5137472935292,71.70237824105753,69.47095073380277,70.5025634765625,33844000,0.0,0.0
2020-05-29 04:00:00+00:00,70.51301664312906,71.2908342955501,70.33436605290413,71.10919189453125,36418000,0.0,0.0
2020-06-01 04:00:00+00:00,70.5851815065537,71.55906913624506,70.56577270229424,71.2535171508789,24342000,0.0,0.0
2020-06-02 04:00:00+00:00,71.1903065245423,71.64117394018096,70.60707046181705,71.62176513671875,25562000,0.0,0.0
2020-06-03 04:00:00+00:00,71.57598634695985,71.9866389762385,71.1518477881398,71.48043823242188,25124000,0.0,0.0
2020-06-04 04:00:00+00:00,71.1828392012393,71.60882293355489,69.90539676398639,70.27613830566406,29686000,0.0,0.0
2020-06-05 04:00:00+00:00,70.32541011266495,71.91189761426476,69.96860248321823,71.5804672241211,34698000,0.0,0.0
2020-06-08 04:00:00+00:00,70.78173692328821,72.0581921750109,70.78173692328821,71.98951721191406,28084000,0.0,0.0
2020-06-09 04:00:00+00:00,71.92731978367873,73.05398719837653,71.82032837094407,72.46477508544922,28184000,0.0,0.0
2020-06-10 04:00:00+00:00,72.63297233017892,73.36545721057932,72.47024516031088,72.94699096679688,30504000,0.0,0.0
2020-06-11 04:00:00+00:00,71.78399837677544,72.3809177948028,69.76953771771835,69.8611068725586,39826000,0.0,0.0
2020-06-12 04:00:00+00:00,71.08779913845162,71.51129226727522,68.97431245113023,70.3259048461914,38928000,0.0,0.0
2020-06-15 04:00:00+00:00,69.21217723031454,70.90416009663141,69.06885886579549,70.65782928466797,30078000,0.0,0.0
2020-06-16 04:00:00+00:00,71.9203473069362,72.40803521283347,70.95889784188226,71.79593658447266,34184000,0.0,0.0
2020-06-17 04:00:00+00:00,72.01690169756327,72.65587356967254,71.23161963350883,72.2139663696289,30992000,0.0,0.0
2020-06-18 04:00:00+00:00,72.11641833169693,72.22839102102945,71.01414113592261,71.45952606201172,31638000,0.0,0.0
2020-06-19 04:00:00+00:00,71.85963912093314,72.04874587229958,70.73247814012348,71.24853515625,63158000,0.0,0.0
2020-06-22 04:00:00+00:00,71.11316878979261,72.2950707008459,70.82503615708987,72.25078582763672,30848000,0.0,0.0
2020-06-23 04:00:00+00:00,72.43889574546922,73.44916347603467,71.92135042086366,72.87532806396484,28596000,0.0,0.0
2020-06-24 04:00:00+00:00,72.73102110825913,73.42324572687554,71.15050952361156,71.260986328125,35120000,0.0,0.0
2020-06-25 04:00:00+00:00,71.15795995846176,71.80488964420809,70.66529076107093,71.72676086425781,24610000,0.0,0.0
2020-06-26 04:00:00+00:00,71.23211152425444,71.33462280378829,67.2808256447642,67.6744613647461,85354000,0.0,0.0
2020-06-29 04:00:00+00:00,67.58886422414797,69.45104625950336,67.03300247654924,69.41969299316406,36204000,0.0,0.0
2020-06-30 04:00:00+00:00,69.1942734421949,70.5981238589213,68.87179568943205,70.34730529785156,40848000,0.0,0.0
2020-07-01 04:00:00+00:00,70.22239904809472,71.80988132033555,70.15869777199299,71.56304931640625,35504000,0.0,0.0
2020-07-02 04:00:00+00:00,72.00594852070236,73.79795973581246,71.98007011556203,72.88976287841797,37182000,0.0,0.0
2020-07-06 04:00:00+00:00,73.65413813968563,74.97438477728817,73.29583462123813,74.43245697021484,31280000,0.0,0.0
2020-07-07 04:00:00+00:00,74.14879676688507,75.48247617798066,73.8278149500228,73.908935546875,29164000,0.0,0.0
2020-07-08 04:00:00+00:00,74.36378404494057,74.93905461247256,73.93133068505574,74.4473876953125,24994000,0.0,0.0
2020-07-09 04:00:00+00:00,74.96741685158466,75.77708130375103,74.05349463235886,75.19334411621094,28466000,0.0,0.0
2020-07-10 04:00:00+00:00,74.9524883179805,76.82760184966378,74.4742542187681,76.72359466552734,37126000,0.0,0.0
2020-07-13 04:00:00+00:00,77.13465592861907,78.48485866771736,74.90735902385688,75.21076965332031,36928000,0.0,0.0
2020-07-14 04:00:00+00:00,74.16423159159893,75.78853440136852,73.82533685411703,75.67059326171875,31700000,0.0,0.0
2020-07-15 04:00:00+00:00,75.79749153560316,76.40461653511353,74.54691457360796,75.32522583007812,32214000,0.0,0.0
2020-07-16 04:00:00+00:00,74.64643938978918,75.5765356647665,73.96516457944448,75.54219818115234,30386000,0.0,0.0
2020-07-17 04:00:00+00:00,75.72233935512315,75.81290617030987,74.56780419554823,75.4202651977539,29134000,0.0,0.0
2020-07-20 04:00:00+00:00,75.40584513572128,78.14437723017019,74.82559328141217,77.91695404052734,31146000,0.0,0.0
2020-07-21 04:00:00+00:00,78.97544366589027,78.97544366589027,77.3476478734952,77.55367279052734,24324000,0.0,0.0
2020-07-22 04:00:00+00:00,77.65717203034512,78.12993124210546,76.94056507661561,78.0547866821289,18640000,0.0,0.0
2020-07-23 04:00:00+00:00,77.97915183331466,78.22299199212512,75.01429029097221,75.4267349243164,32552000,0.0,0.0
2020-07-24 04:00:00+00:00,74.59319891420894,75.52408496371568,74.06917638175176,75.23714447021484,30880000,0.0,0.0
2020-07-27 04:00:00+00:00,75.42276049815611,76.68528187457883,75.40335169511195,76.14932250976562,24920000,0.0,0.0
2020-07-28 04:00:00+00:00,75.89951005626399,75.96419847617724,74.52999720575872,74.66336059570312,34044000,0.0,0.0
2020-07-29 04:00:00+00:00,74.96095306952058,76.20167374783136,74.71262517288547,75.74224853515625,22130000,0.0,0.0
2020-07-30 04:00:00+00:00,74.49714896518256,76.5310185199356,74.25927721174143,76.21153259277344,33428000,0.0,0.0
2020-07-31 04:00:00+00:00,74.89575779296844,75.09182769884032,72.35877069868434,73.79845428466797,68798000,0.0,0.0
2020-08-03 04:00:00+00:00,73.98159333148129,74.1721883972157,72.9365400838014,73.37496948242188,46604000,0.0,0.0
2020-08-04 04:00:00+00:00,73.48046590223049,73.92784795909236,72.58869359953589,72.9031982421875,38070000,0.0,0.0
2020-08-05 04:00:00+00:00,73.11866879922616,73.7710809597632,72.82804552330919,73.3331527709961,39590000,0.0,0.0
2020-08-06 04:00:00+00:00,73.24059951401783,74.76537513840101,72.95445634884203,74.65141296386719,39908000,0.0,0.0
2020-08-07 04:00:00+00:00,74.64643685249263,75.48471336172226,73.73276519438723,74.37223815917969,31556000,0.0,0.0
2020-08-10 04:00:00+00:00,74.00845781566044,74.84922494688475,73.30677950557208,74.45235443115234,25786000,0.0,0.0
2020-08-11 04:00:00+00:00,74.27022212861394,75.14408146225941,73.5516256254535,73.66707611083984,29088000,0.0,0.0
2020-08-12 04:00:00+00:00,73.92884077211751,75.26282397176337,73.91241618560123,74.97588348388672,28740000,0.0,0.0
2020-08-13 04:00:00+00:00,75.16100732270432,76.50016930561524,75.04481266942801,75.5645980834961,29104000,0.0,0.0
2020-08-14 04:00:00+00:00,75.4257431376841,75.73627638646607,74.78975555358495,75.03111267089844,27096000,0.0,0.0
2020-08-17 04:00:00+00:00,75.37647449659366,75.92090050480562,75.04305466599295,75.54119873046875,27566000,0.0,0.0
2020-08-18 04:00:00+00:00,75.94926161465612,77.75520659069372,75.8263467959742,77.5626220703125,40542000,0.0,0.0
2020-08-19 04:00:00+00:00,77.29936546699109,78.31306532114763,76.83357700167863,77.01173400878906,33212000,0.0,0.0
2020-08-20 04:00:00+00:00,76.80870247500343,78.91970607641778,76.54744296107462,78.71467590332031,34138000,0.0,0.0
2020-08-21 04:00:00+00:00,78.47979531087955,79.50941879706461,78.0306743268102,78.64849853515625,28930000,0.0,0.0
2020-08-24 04:00:00+00:00,79.32329128993385,80.32803863814998,78.6559579626218,79.03565979003906,28198000,0.0,0.0
2020-08-25 04:00:00+00:00,78.73059761319281,80.20113342406061,78.73059761319281,80.03193664550781,44942000,0.0,0.0
2020-08-26 04:00:00+00:00,80.02098170178223,82.56990571830403,79.8020176057357,82.22952270507812,79868000,0.0,0.0
2020-08-27 04:00:00+00:00,82.29420607043166,82.35989681390043,80.90428986814142,81.33126831054688,37232000,0.0,0.0
2020-08-28 04:00:00+00:00,81.28946969321565,81.97024329814238,81.15311450572979,81.83289337158203,29980000,0.0,0.0
2020-08-31 04:00:00+00:00,82.00608396289162,82.00981233639484,81.13122985280576,81.32381439208984,36468000,0.0,0.0
2020-09-01 04:00:00+00:00,81.44573168839058,82.89387443053788,81.22627401238617,82.64405822753906,36506000,0.0,0.0
2020-09-02 04:00:00+00:00,83.2942344201542,86.25047775994771,82.92373584050372,86.00663757324219,50224000,0.0,0.0
2020-09-03 04:00:00+00:00,85.08270277756239,85.08270277756239,80.37230969713553,81.70500183105469,62156000,0.0,0.0
2020-09-04 04:00:00+00:00,80.83013651894858,81.86772522177004,77.01585921180256,79.17697143554688,52172000,0.0,0.0
2020-09-08 04:00:00+00:00,76.31404417892114,77.82464296122433,76.04033903348108,76.25830841064453,52218000,0.0,0.0
2020-09-09 04:00:00+00:00,77.50937948486455,78.08016989119487,76.44049056061272,77.48101043701172,35494000,0.0,0.0
2020-09-10 04:00:00+00:00,77.66414489277186,78.83067017343922,75.93061070567312,76.2398910522461,32372000,0.0,0.0
2020-09-11 04:00:00+00:00,76.4379649427777,78.38872451769373,74.5150656598822,75.67756652832031,31942000,0.0,0.0
2020-09-14 04:00:00+00:00,76.58748309330483,77.83133965035064,75.42972081576956,75.60588073730469,33932000,0.0,0.0
2020-09-15 04:00:00+00:00,76.43795824635471,77.61089997729319,76.23068801894388,76.70867156982422,26622000,0.0,0.0
2020-09-16 04:00:00+00:00,77.41033765932679,77.73181300209582,75.63275427011857,75.6865005493164,26234000,0.0,0.0
2020-09-17 04:00:00+00:00,74.44738369496045,75.05938364439827,73.15350906862032,74.42398834228516,37596000,0.0,0.0
2020-09-18 04:00:00+00:00,74.54741216784939,74.79588435567796,71.51776303526553,72.6553726196289,62078000,0.0,0.0
2020-09-21 04:00:00+00:00,71.66357456346027,72.07661915513665,69.99597394166337,71.22067260742188,57776000,0.0,0.0
2020-09-22 04:00:00+00:00,72.16271089463045,73.12962778511162,71.38837855350204,72.9275894165039,31664000,0.0,0.0
2020-09-23 04:00:00+00:00,72.59516876718196,72.70364850230717,70.05320746443465,70.42693328857422,33148000,0.0,0.0
2020-09-24 04:00:00+00:00,70.21890447114728,71.84515098566004,70.1601844921744,71.07783508300781,29004000,0.0,0.0
2020-09-25 04:00:00+00:00,71.29381512098465,72.15822059645036,70.33386154036955,71.90740966796875,26460000,0.0,0.0
2020-09-28 04:00:00+00:00,73.36302668334577,73.49190995522272,72.12344494562808,72.88080596923828,40158000,0.0,0.0
2020-09-29 04:00:00+00:00,73.17292214292834,73.48509559310033,72.59639865697913,73.12017059326172,19564000,0.0,0.0
2020-09-30 04:00:00+00:00,72.99425895520588,74.13635612465426,72.6498969840446,73.13360595703125,34032000,0.0,0.0
2020-10-01 04:00:00+00:00,73.86364599481182,74.59866707168895,73.61184031973592,74.15327453613281,35590000,0.0,0.0
2020-10-02 04:00:00+00:00,72.75688527212498,73.81039746248382,72.20400019145454,72.57723236083984,25682000,0.0,0.0
2020-10-05 04:00:00+00:00,72.96491248801131,74.05972552568522,72.8683696283647,73.95074462890625,22266000,0.0,0.0
2020-10-06 04:00:00+00:00,73.43119811209553,73.98756104978473,72.0880572319915,72.32941436767578,24908000,0.0,0.0
2020-10-07 04:00:00+00:00,72.86934983031486,73.1017466865386,71.46152073243086,72.67029571533203,34924000,0.0,0.0
2020-10-08 04:00:00+00:00,72.90917084010178,74.14879806732073,72.90917084010178,73.94625854492188,23756000,0.0,0.0
2020-10-09 04:00:00+00:00,74.38269009562481,75.46854278813028,74.12143059214337,75.40385437011719,28706000,0.0,0.0
2020-10-12 04:00:00+00:00,76.78630742224209,79.3173186947343,76.26726619853866,78.08763885498047,49652000,0.0,0.0
2020-10-13 04:00:00+00:00,78.81321510641055,79.1252367195778,77.79155712915059,78.21355438232422,32020000,0.0,0.0
2020-10-14 04:00:00+00:00,78.55741348804423,79.00997424124068,77.16102752270409,78.03439331054688,38586000,0.0,0.0
2020-10-15 04:00:00+00:00,76.99282921872692,78.38399097262977,76.88733370958983,77.58900451660156,30800000,0.0,0.0
2020-10-16 04:00:00+00:00,77.92342528794909,78.68382366086243,77.78159522364571,78.27973175048828,28694000,0.0,0.0
2020-10-19 04:00:00+00:00,78.650470393892,79.03315637711056,76.03983471314686,76.3687744140625,32142000,0.0,0.0
2020-10-20 04:00:00+00:00,75.99256316565373,78.50317079099099,75.9238881995632,77.42975616455078,44834000,0.0,0.0
2020-10-21 04:00:00+00:00,78.2956563263395,80.55495962301136,78.21105793412812,79.28994750976562,51366000,0.0,0.0
2020-10-22 04:00:00+00:00,79.27701051303102,80.71719547938251,78.87641156287316,80.3857650756836,28672000,0.0,0.0
2020-10-23 04:00:00+00:00,80.92022896161276,81.7308882784279,80.64353958764445,81.66321563720703,27516000,0.0,0.0
2020-10-26 04:00:00+00:00,80.86747960462675,81.52586024789196,78.45340712141606,79.14762115478516,37066000,0.0,0.0
2020-10-27 04:00:00+00:00,79.40739728870035,79.9635096686175,78.76593476472468,79.83486938476562,24580000,0.0,0.0
2020-10-28 04:00:00+00:00,77.6193527832228,77.69947104203933,75.37399131080028,75.47351837158203,36680000,0.0,0.0
2020-10-29 04:00:00+00:00,75.75917446757907,79.30986206141198,75.75320603205994,77.99259948730469,40062000,0.0,0.0
2020-10-30 04:00:00+00:00,83.21137466500592,83.9523642285653,79.84482040869474,80.66841888427734,86582000,0.0,0.0
2020-11-02 05:00:00+00:00,81.02422481306886,82.6470391249576,80.42058524166423,80.91822814941406,50708000,0.0,0.0
2020-11-03 05:00:00+00:00,81.20437913325694,82.69332904373184,80.44995678617353,82.12153625488281,33234000,0.0,0.0
2020-11-04 05:00:00+00:00,85.11087235140504,88.15072670787647,84.89937259397972,87.0442123413086,71418000,0.0,0.0
2020-11-05 05:00:00+00:00,88.63020572034705,89.25922253442306,87.112886891941,87.75286102294922,41316000,0.0,0.0
2020-11-06 05:00:00+00:00,87.28408034850992,88.20372043710111,86.60728568699523,87.6722412109375,33218000,0.0,0.0
2020-11-09 05:00:00+00:00,89.1228717467844,90.47447166432956,87.58615163333688,87.73445129394531,45366000,0.0,0.0
2020-11-10 05:00:00+00:00,86.14646395937925,87.73444723587214,85.46021547459128,86.6092758178711,52722000,0.0,0.0
2020-11-11 05:00:00+00:00,87.08752228691618,87.79516915293202,86.95639135583598,87.22238159179688,25280000,0.0,0.0
2020-11-12 05:00:00+00:00,86.96956844646743,87.99670110812173,86.86854547742385,87.07954406738281,24950000,0.0,0.0
2020-11-13 05:00:00+00:00,87.46721680725392,88.63220063739539,86.81630050622695,88.43214416503906,29998000,0.0,0.0
2020-11-16 05:00:00+00:00,88.16739700562442,89.52944546217967,87.96784170469522,88.64911651611328,24936000,0.0,0.0
2020-11-17 05:00:00+00:00,88.42817100165844,88.82927111837877,87.93351224387735,88.09027099609375,22942000,0.0,0.0
2020-11-18 05:00:00+00:00,87.84542850897026,88.25548887233985,86.89542976928576,86.92727661132812,23470000,0.0,0.0
2020-11-19 05:00:00+00:00,86.50924723897003,88.06239186038808,86.44082285727275,87.78022766113281,24998000,0.0,0.0
2020-11-20 05:00:00+00:00,87.84442756010482,88.28185461137062,86.68243554630416,86.6988525390625,46270000,0.0,0.0
2020-11-23 05:00:00+00:00,87.06760869990015,87.28159151084033,85.48112130788739,86.33407592773438,43232000,0.0,0.0
2020-11-24 05:00:00+00:00,86.11710920275331,88.1624219166697,85.97726862574291,88.02706146240234,31560000,0.0,0.0
2020-11-25 05:00:00+00:00,88.22662273867971,88.50779222371551,87.41297923940695,88.15396881103516,20916000,0.0,0.0
2020-11-27 05:00:00+00:00,88.23657966469548,89.77478818273416,88.20423165690146,89.2368392944336,17698000,0.0,0.0
2020-11-30 05:00:00+00:00,88.63936928060524,88.98180257202291,87.33634439205677,87.62199401855469,36476000,0.0,0.0
2020-12-01 05:00:00+00:00,88.30026347920833,90.81137222144169,88.05144202359061,89.48117065429688,34738000,0.0,0.0
2020-12-02 05:00:00+00:00,89.48117223765482,91.34982383230648,89.05185498586513,90.96663665771484,24440000,0.0,0.0
2020-12-03 05:00:00+00:00,90.7705632813372,91.92459729037891,90.70288305707719,90.90791320800781,24546000,0.0,0.0
2020-12-04 05:00:00+00:00,90.79594577228079,91.22590847395794,90.42122526290538,90.9686279296875,27564000,0.0,0.0
2020-12-07 05:00:00+00:00,90.52125419920648,91.1866056517814,89.8633746809555,90.5451431274414,26418000,0.0,0.0
2020-12-08 05:00:00+00:00,90.07835428897879,90.66557696186835,89.38688142437157,90.49886322021484,21926000,0.0,0.0
2020-12-09 05:00:00+00:00,90.17340599748152,91.28115821827822,87.97382497675972,88.78597259521484,30152000,0.0,0.0
2020-12-10 05:00:00+00:00,88.07284431137745,88.64563181424921,86.60579391426714,88.3480453491211,27256000,0.0,0.0
2020-12-11 05:00:00+00:00,87.73743467627183,88.80189667450706,87.5851560605251,88.66852569580078,24414000,0.0,0.0
2020-12-14 05:00:00+00:00,88.3316225938208,89.44584435614684,87.4465629166499,87.58814239501953,32004000,0.0,0.0
2020-12-15 05:00:00+00:00,87.80511089426155,88.15345941217846,87.08501850619443,87.97181701660156,29646000,0.0,0.0
2020-12-16 05:00:00+00:00,88.22611820253388,88.23209423084411,87.39008171338962,87.73445129394531,30270000,0.0,0.0
2020-12-17 05:00:00+00:00,88.00864606446157,88.17157825469978,86.52318166052119,86.98300170898438,32494000,0.0,0.0
2020-12-18 05:00:00+00:00,87.29552589295449,87.34180783898964,85.60553247054565,86.14248657226562,80328000,0.0,0.0
2020-12-21 05:00:00+00:00,85.27161355462863,86.63217371324646,84.54953165100625,86.55851745605469,36568000,0.0,0.0
2020-12-22 05:00:00+00:00,86.31267795590624,86.46072702900238,85.22508639610656,85.76876068115234,18734000,0.0,0.0
2020-12-23 05:00:00+00:00,85.9981683543696,86.98747811331984,85.84538858424963,86.21066284179688,20676000,0.0,0.0
2020-12-24 05:00:00+00:00,86.34105636700494,86.88846667817319,86.04794240638063,86.53264617919922,6936000,0.0,0.0
2020-12-28 05:00:00+00:00,87.16888059988081,89.11431707604635,86.90513044155476,88.3858642578125,27860000,0.0,0.0
2020-12-29 05:00:00+00:00,88.96811604055497,89.19951819929726,87.39058114265147,87.5214614868164,25988000,0.0,0.0
2020-12-30 05:00:00+00:00,87.685189727152,87.83871367468939,85.87326847927733,86.56598663330078,26122000,0.0,0.0
2020-12-31 05:00:00+00:00,86.36195768709041,87.53191524544849,86.36195768709041,87.18107604980469,20238000,0.0,0.0
2021-01-04 05:00:00+00:00,87.46273647549485,87.6175057387542,84.98995161425057,86.00464630126953,38038000,0.0,0.0
2021-01-05 05:00:00+00:00,85.84340545904115,86.97156113133452,85.49580108258175,86.63565063476562,22906000,0.0,0.0
2021-01-06 05:00:00+00:00,84.73017896951501,86.98798623290207,84.54953130442127,86.35548400878906,52042000,0.0,0.0
2021-01-07 05:00:00+00:00,86.59285666776339,88.99846248221432,86.44306869267537,88.94123840332031,45300000,0.0,0.0
2021-01-08 05:00:00+00:00,88.97756270926709,90.06540486977977,88.2587156133425,89.93452453613281,41012000,0.0,0.0
2021-01-11 05:00:00+00:00,88.8825010716368,89.29281194792566,87.61102713124052,87.91956329345703,24194000,0.0,0.0
2021-01-12 05:00:00+00:00,87.28259514628245,88.48291126840343,85.85884237215001,86.91583251953125,27140000,0.0,0.0
2021-01-13 05:00:00+00:00,86.51920889592658,87.83571961523337,86.49083984590594,87.30648040771484,21882000,0.0,0.0
2021-01-14 05:00:00+00:00,87.26766036738287,88.33212237465129,86.26142477057896,86.59883117675781,23590000,0.0,0.0
2021-01-15 05:00:00+00:00,86.49979562090843,87.38610058537833,85.67171706551628,86.4002685546875,26844000,0.0,0.0
2021-01-19 05:00:00+00:00,87.19949202500686,90.03730074368083,86.66253028173904,89.12088775634766,34692000,0.0,0.0
2021-01-20 05:00:00+00:00,91.14131010401572,94.73678331024867,90.84620669235646,93.9002456665039,49806000,0.0,0.0
2021-01-21 05:00:00+00:00,94.45263261397191,96.2869392268234,93.91069719844153,94.1167221069336,41278000,0.0,0.0
2021-01-22 05:00:00+00:00,94.3371727317134,95.09707750465338,93.64445461495757,94.60440826416016,25442000,0.0,0.0
2021-01-25 05:00:00+00:00,95.58079441589408,96.0241899349765,92.93632194218858,94.52230834960938,38546000,0.0,0.0
2021-01-26 05:00:00+00:00,93.99679107770844,95.79626662498417,93.76812256573407,95.41009521484375,26262000,0.0,0.0
2021-01-27 05:00:00+00:00,93.68277356299613,94.05450983954763,90.02359923762432,91.10796356201172,54966000,0.0,0.0
2021-01-28 05:00:00+00:00,91.76236916637149,94.4939304232692,91.69768074891182,92.71635437011719,35462000,0.0,0.0
2021-01-29 05:00:00+00:00,91.87335031227934,92.42622786113331,90.08332856768394,91.35430908203125,32252000,0.0,0.0
2021-02-01 05:00:00+00:00,92.24160104936371,95.6664804081826,92.11022713845067,94.61933898925781,32044000,0.0,0.0
2021-02-02 05:00:00+00:00,95.67484229888585,97.32702055403101,95.27324862584669,95.92118072509766,45474000,0.0,0.0
2021-02-03 05:00:00+00:00,103.16138824801311,105.32613059148572,100.44325957656618,103.01557922363281,82364000,0.0,0.0
2021-02-04 05:00:00+00:00,102.95685245531153,103.43756963573196,101.64804911259645,102.63238525390625,37046000,0.0,0.0
2021-02-05 05:00:00+00:00,103.0120928810768,104.6299336699176,102.48110717370477,104.4054946899414,30702000,0.0,0.0
2021-02-08 05:00:00+00:00,104.7991208410695,105.67681484113383,103.1116104962501,104.15218353271484,24838000,0.0,0.0
2021-02-09 05:00:00+00:00,103.43707690291839,104.76030777060096,103.43707690291839,103.68440246582031,17798000,0.0,0.0
2021-02-10 05:00:00+00:00,104.21688189214544,104.92154445810515,102.66821734832112,104.27510070800781,22710000,0.0,0.0
2021-02-11 05:00:00+00:00,104.48063783936513,104.60604331704559,103.37636344689281,104.30049133300781,18914000,0.0,0.0
2021-02-12 05:00:00+00:00,104.01981502884482,104.94394291146762,103.66549804598466,104.70954895019531,17114000,0.0,0.0
2021-02-16 05:00:00+00:00,104.72198407580697,107.12659494372296,104.72198407580697,105.5948486328125,22676000,0.0,0.0
2021-02-17 05:00:00+00:00,104.50501724536947,106.18008204248753,104.45127095746498,105.9138412475586,21418000,0.0,0.0
2021-02-18 05:00:00+00:00,105.02205959483574,106.13404118522408,104.689634505625,105.36095428466797,22432000,0.0,0.0
2021-02-19 05:00:00+00:00,105.46398076931739,106.02432267333349,104.37613094815339,104.56175231933594,29148000,0.0,0.0
2021-02-22 05:00:00+00:00,102.86279683752575,104.07804159663219,102.62094612877638,102.7573013305664,27350000,0.0,0.0
2021-02-23 05:00:00+00:00,100.77319722072812,103.60976047987089,99.62911050490709,103.05488586425781,33348000,0.0,0.0
2021-02-24 05:00:00+00:00,101.61022878025749,104.54383606746809,101.42610332048739,104.26465606689453,24966000,0.0,0.0
2021-02-25 05:00:00+00:00,102.88517760542416,104.25021777280008,100.58805934505477,101.08918762207031,36568000,0.0,0.0
2021-02-26 05:00:00+00:00,102.04267100318114,103.06233928163448,100.32779402693644,101.3628921508789,41670000,0.0,0.0
2021-03-01 05:00:00+00:00,102.34125568812824,103.83418441148945,101.82271566604933,103.58486938476562,28090000,0.0,0.0
2021-03-02 05:00:00+00:00,103.32013081207387,104.722485209872,103.07479472674541,103.3027114868164,22692000,0.0,0.0
2021-03-03 05:00:00+00:00,102.87323578193123,103.93362005405481,100.02622417727964,100.8577880859375,29684000,0.0,0.0
2021-03-04 05:00:00+00:00,100.69157874027333,103.9695478696509,100.53730305591652,101.97151184082031,42360000,0.0,0.0
2021-03-05 05:00:00+00:00,103.16735290996539,105.40625259953322,101.83839656898168,104.93000793457031,43904000,0.0,0.0
2021-03-08 05:00:00+00:00,104.56125144186541,105.93872214116189,100.60398936437241,100.73139190673828,32948000,0.0,0.0
2021-03-09 05:00:00+00:00,103.01208129298665,103.41218661367544,101.9088093422012,102.15116119384766,33946000,0.0,0.0
2021-03-10 05:00:00+00:00,103.09967147425944,103.2609103386622,101.18922556803263,102.26712036132812,25372000,0.0,0.0
2021-03-11 05:00:00+00:00,103.21413207540392,105.78396088543049,103.13052842795634,105.24003601074219,24782000,0.0,0.0
2021-03-12 05:00:00+00:00,103.75855992441056,104.02032061432404,101.89488941945457,102.61000061035156,34516000,0.0,0.0
2021-03-15 04:00:00+00:00,102.62890205047091,102.86577905872895,101.69383205364734,102.83741760253906,25962000,0.0,0.0
2021-03-16 04:00:00+00:00,103.45946507072735,105.67745989991573,103.01208305893906,104.13277435302734,29832000,0.0,0.0
2021-03-17 04:00:00+00:00,103.31216403700054,104.99170893257268,102.21585519981917,104.06111907958984,25980000,0.0,0.0
2021-03-18 04:00:00+00:00,102.56421226897582,103.28579300834845,101.19817724449942,101.33104705810547,27228000,0.0,0.0
2021-03-19 04:00:00+00:00,101.62117409188915,102.1710673961283,100.40842004914587,101.67840576171875,46298000,0.0,0.0
2021-03-22 04:00:00+00:00,101.6107298999731,102.41441839606077,100.82594144797802,101.44898986816406,39096000,0.0,0.0
2021-03-23 04:00:00+00:00,102.10139411746314,103.12663600348709,101.48033522402001,102.16410064697266,27340000,0.0,0.0
2021-03-24 04:00:00+00:00,102.78168130446676,103.42065313930686,101.59654451986303,101.77096557617188,23080000,0.0,0.0
2021-03-25 04:00:00+00:00,101.75853041188559,102.45821172860504,100.06256085320678,101.73613739013672,28378000,0.0,0.0
2021-03-26 04:00:00+00:00,101.46242321250244,102.06606278707989,100.22627384933982,101.29769897460938,29870000,0.0,0.0
2021-03-29 04:00:00+00:00,100.91600965044307,102.43631271938274,100.30590046332688,102.31289672851562,24596000,0.0,0.0
2021-03-30 04:00:00+00:00,102.39649528099191,103.05089690308343,101.7197006398293,102.29248809814453,20732000,0.0,0.0
2021-03-31 04:00:00+00:00,102.47065587310102,104.17294313992626,102.3524641543935,102.94391632080078,29198000,0.0,0.0
2021-04-01 04:00:00+00:00,104.40300435225898,106.64190410946175,104.35025280107044,106.38362121582031,33980000,0.0,0.0
2021-04-05 04:00:00+00:00,107.13953605513119,111.33814753416755,107.07384530769953,110.75291442871094,43298000,0.0,0.0
2021-04-06 04:00:00+00:00,110.60113918285458,111.35556907064012,110.21795200755719,110.7131118774414,27060000,0.0,0.0
2021-04-07 04:00:00+00:00,110.78179593211443,112.21848788242524,110.74198358396019,111.95374298095703,25798000,0.0,0.0
2021-04-08 04:00:00+00:00,113.36107024535406,113.66189150538908,112.35185045518153,112.73802185058594,27166000,0.0,0.0
2021-04-09 04:00:00+00:00,112.30307397866558,113.91245551468103,112.15447818318052,113.75519561767578,20888000,0.0,0.0
2021-04-12 04:00:00+00:00,112.7783352153131,113.22969622345185,111.39563255731609,112.20803833007812,31318000,0.0,0.0
2021-04-13 04:00:00+00:00,112.54045250531992,113.32373740194008,112.27271582126875,112.82908630371094,23310000,0.0,0.0
2021-04-14 04:00:00+00:00,113.22172708224383,113.36255480093685,111.92934838935075,112.21051025390625,20220000,0.0,0.0
2021-04-15 04:00:00+00:00,113.31230165927303,114.78617097959365,112.765893718173,114.29166412353516,27472000,0.0,0.0
2021-04-16 04:00:00+00:00,114.60717096338843,114.77835721941359,113.684045432927,114.34640502929688,22596000,0.0,0.0
2021-04-19 04:00:00+00:00,114.05875343159417,115.37601573278829,113.85297913054583,114.57730102539062,24688000,0.0,0.0
2021-04-20 04:00:00+00:00,114.8505207020471,114.93562025951503,113.05005037353236,114.14088439941406,21774000,0.0,0.0
2021-04-21 04:00:00+00:00,113.72384942536718,114.22497774735152,112.39613843061059,114.12395477294922,23930000,0.0,0.0
2021-04-22 04:00:00+00:00,114.12097218303006,114.64509341436,112.29064452817589,112.86144256591797,21096000,0.0,0.0
2021-04-23 04:00:00+00:00,113.6352719957923,115.74279014143195,113.37351132449037,115.21926879882812,28670000,0.0,0.0
2021-04-26 04:00:00+00:00,115.44967188283977,116.51114963612508,115.14661056462896,115.78856658935547,20834000,0.0,0.0
2021-04-27 04:00:00+00:00,116.2493878035298,116.32154055882606,114.67036477123794,114.81219482421875,31972000,0.0,0.0
2021-04-28 04:00:00+00:00,119.78986809662084,122.04085649592915,118.18273410704185,118.43453979492188,59728000,0.0,0.0
2021-04-29 04:00:00+00:00,119.94837411924946,121.2516950366519,119.54776760064985,120.92176055908203,39554000,0.0,0.0
2021-04-30 04:00:00+00:00,119.65775246706139,120.78491344725136,119.5418008090234,119.93791961669922,39142000,0.0,0.0
2021-05-03 04:00:00+00:00,119.56966204597107,120.4146587577714,118.66295354160424,119.19393920898438,33788000,0.0,0.0
2021-05-04 04:00:00+00:00,117.928439696684,118.40219371866448,115.04011959579061,117.1575927734375,35120000,0.0,0.0
2021-05-05 04:00:00+00:00,117.86274069984734,118.54849561214596,117.01625569167095,117.281494140625,21806000,0.0,0.0
2021-05-06 04:00:00+00:00,116.97793407275897,118.57387529579434,116.56479081972621,118.50619506835938,20618000,0.0,0.0
2021-05-07 04:00:00+00:00,119.43430732271611,120.25094261864898,118.93666437553813,119.3691177368164,23272000,0.0,0.0
2021-05-10 04:00:00+00:00,118.18471807912111,118.33948733491123,116.18618849566937,116.53105163574219,26006000,0.0,0.0
2021-05-11 04:00:00+00:00,114.05279630960118,115.55268829255223,113.61188387831373,114.89381408691406,32110000,0.0,0.0
2021-05-12 04:00:00+00:00,112.55240524236355,113.72982711501015,110.97686749461866,111.42623901367188,34934000,0.0,0.0
2021-05-13 04:00:00+00:00,112.52154686670876,113.29344168685903,111.60738156412968,112.56534576416016,26670000,0.0,0.0
2021-05-14 04:00:00+00:00,114.05130505693374,115.50989644126798,113.62781193356345,115.26206970214844,26624000,0.0,0.0
2021-05-17 04:00:00+00:00,114.92168056805858,115.61937237215693,114.20905249009881,115.52333068847656,19842000,0.0,0.0
2021-05-18 04:00:00+00:00,116.29447770561409,116.6052084039346,114.61513018773402,114.62857055664062,17302000,0.0,0.0
2021-05-19 04:00:00+00:00,112.68626362559013,115.29191817925552,112.64247232447927,114.89131927490234,19350000,0.0,0.0
2021-05-20 04:00:00+00:00,115.85326832456231,117.46065290702771,115.50740283374294,117.24915313720703,23832000,0.0,0.0
2021-05-21 04:00:00+00:00,117.74181831161809,117.89160628114159,116.56638596190908,116.70223999023438,22832000,0.0,0.0
2021-05-24 04:00:00+00:00,117.79208811752764,120.35395920023262,117.44921442356693,119.76624298095703,21244000,0.0,0.0
2021-05-25 04:00:00+00:00,120.42959844201458,121.07106095772656,119.58310574747381,119.88567352294922,18838000,0.0,0.0
2021-05-26 04:00:00+00:00,120.0730237233676,121.57138180582483,120.05710030390351,121.10289764404297,21856000,0.0,0.0
2021-05-27 04:00:00+00:00,121.27260836628737,121.42488699651764,119.53384215575488,119.5592269897461,38962000,0.0,0.0
2021-05-28 04:00:00+00:00,120.52712783069673,120.8346692812816,119.8169903906657,120.00958251953125,24108000,0.0,0.0
2021-06-01 04:00:00+00:00,120.52911597143283,121.32390494436183,119.6771560754215,120.91777801513672,19166000,0.0,0.0
2021-06-02 04:00:00+00:00,121.19149442573045,121.52441314189642,119.64332330130769,120.49330139160156,17158000,0.0,0.0
2021-06-03 04:00:00+00:00,119.18647977639566,119.91926083354643,118.57985594379467,119.6637191772461,18346000,0.0,0.0
2021-06-04 04:00:00+00:00,120.5549953853995,122.11455652150818,120.31861195460402,122.01010131835938,25948000,0.0,0.0
2021-06-07 04:00:00+00:00,121.98819974433222,122.81826772682979,121.47826309061335,122.72321319580078,23850000,0.0,0.0
2021-06-08 04:00:00+00:00,123.41047011497321,124.13677394066129,122.83021828965401,123.5572738647461,25060000,0.0,0.0
2021-06-09 04:00:00+00:00,124.38585477535649,124.65955991861408,123.78022566977197,123.9827651977539,20126000,0.0,0.0
2021-06-10 04:00:00+00:00,124.11263577045814,125.56824275266271,124.11213460421406,125.48563385009766,31234000,0.0,0.0
2021-06-11 04:00:00+00:00,125.65085958900988,125.7538720389555,124.32563168086739,125.10395050048828,25240000,0.0,0.0
2021-06-14 04:00:00+00:00,125.07707755184909,125.81557643398416,124.45750694581292,125.75635528564453,22550000,0.0,0.0
2021-06-15 04:00:00+00:00,125.92555116537012,126.26394468720096,125.05616441594331,125.43885040283203,22182000,0.0,0.0
2021-06-16 04:00:00+00:00,125.6523479009802,125.92704776750188,123.56468662547144,125.10395050048828,26316000,0.0,0.0
2021-06-17 04:00:00+00:00,124.93126659108124,126.59687749819754,124.92330108478049,125.7752685546875,25756000,0.0,0.0
2021-06-18 04:00:00+00:00,125.1129053556012,125.79318543287002,124.01560177559175,124.97555541992188,53306000,0.0,0.0
2021-06-21 04:00:00+00:00,125.14724572915688,126.43788562337281,124.54435026835802,125.85887908935547,26256000,0.0,0.0
2021-06-22 04:00:00+00:00,125.85389352012402,126.6700276187368,125.43238989913856,126.40080261230469,20984000,0.0,0.0
2021-06-23 04:00:00+00:00,125.9534325892624,127.19355340337849,125.65683326281122,125.86534881591797,19694000,0.0,0.0
2021-06-24 04:00:00+00:00,126.45455312805328,126.93428317459647,126.36149565903153,126.68197631835938,18934000,0.0,0.0
2021-06-25 04:00:00+00:00,126.35850891938638,126.903922113512,125.84792678212594,126.39633178710938,33484000,0.0,0.0
2021-06-28 04:00:00+00:00,126.40130212773228,126.73671145233527,125.37994045117867,126.2216567993164,28110000,0.0,0.0
2021-06-29 04:00:00+00:00,126.17488186430833,126.40131031959623,124.84567492199699,125.4244384765625,20950000,0.0,0.0
2021-06-30 04:00:00+00:00,125.06119866609578,125.20696211707579,124.16937328438868,124.7252426147461,24006000,0.0,0.0
2021-07-01 04:00:00+00:00,124.26118792982844,125.86634000489491,124.26118792982844,125.77278137207031,17120000,0.0,0.0
2021-07-02 04:00:00+00:00,126.24154927792138,128.2405874808849,126.1713784118405,128.1121826171875,21160000,0.0,0.0
2021-07-06 04:00:00+00:00,128.8392536376721,129.27221575470168,127.80366183297016,129.15924072265625,21350000,0.0,0.0
2021-07-07 04:00:00+00:00,129.72654097447196,130.0240210909745,129.14827109515466,129.4642791748047,16680000,0.0,0.0
2021-07-08 04:00:00+00:00,127.64540703687709,129.41950523461884,127.43639033144197,128.5680389404297,19780000,0.0,0.0
2021-07-09 04:00:00+00:00,128.3366642055841,129.23739685441015,128.33566187284387,128.96368408203125,15106000,0.0,0.0
2021-07-12 04:00:00+00:00,129.22144597736863,130.153539348214,128.98905668595233,129.94850158691406,16944000,0.0,0.0
2021-07-13 04:00:00+00:00,130.26450977687122,131.41954621439987,130.021155574321,130.37698364257812,16618000,0.0,0.0
2021-07-14 04:00:00+00:00,131.2797076210842,132.36904573012336,131.27621464383543,131.45985412597656,17912000,0.0,0.0
2021-07-15 04:00:00+00:00,131.87536478453637,131.9699181478209,129.98233841446665,130.64767456054688,16586000,0.0,0.0
2021-07-16 04:00:00+00:00,131.02044948057232,131.55988671161126,130.2048088452286,131.22398376464844,14856000,0.0,0.0
2021-07-19 04:00:00+00:00,130.53720902271095,130.628269411742,127.9310533989515,128.64466857910156,25710000,0.0,0.0
2021-07-20 04:00:00+00:00,129.39114482093763,131.37907409026494,128.57939210221912,130.4834747314453,19084000,0.0,0.0
2021-07-21 04:00:00+00:00,130.17047503665322,131.99209326245386,129.9858483867907,131.9754180908203,14742000,0.0,0.0
2021-07-22 04:00:00+00:00,132.02466769674936,132.8751469039233,131.77584622337676,132.69998168945312,13608000,0.0,0.0
2021-07-23 04:00:00+00:00,134.62235521639224,138.1541346204272,134.06549875057664,137.1663055419922,26378000,0.0,0.0
2021-07-26 04:00:00+00:00,137.59826399717124,139.05436459390137,137.00208876562695,138.98619079589844,23052000,0.0,0.0
2021-07-27 04:00:00+00:00,139.35096564082897,139.35096564082897,134.46312143492563,136.151611328125,42164000,0.0,0.0
2021-07-28 04:00:00+00:00,137.90880359975554,139.01755053099006,135.70724075117377,135.73858642578125,54688000,0.0,0.0
2021-07-29 04:00:00+00:00,135.73767700063465,136.5049473573088,135.4962211714758,135.89682006835938,19284000,0.0,0.0
2021-07-30 04:00:00+00:00,134.8721832731282,135.13130142624692,134.17866026408362,134.5835418701172,23954000,0.0,0.0
2021-08-02 04:00:00+00:00,134.84579500457164,135.37926369390968,134.03463465398883,135.34841918945312,20140000,0.0,0.0
2021-08-03 04:00:00+00:00,135.35886392559337,135.69277731818002,133.55092952190614,135.63754272460938,19064000,0.0,0.0
2021-08-04 04:00:00+00:00,135.60718878493708,135.89432667219194,134.77661962780118,135.38723754882812,16528000,0.0,0.0
2021-08-05 04:00:00+00:00,135.38726191531114,136.3044115038283,134.9607845470818,136.29446411132812,11866000,0.0,0.0
2021-08-06 04:00:00+00:00,135.65248000573692,136.43382858556117,135.4051468608552,136.38998413085938,13560000,0.0,0.0
2021-08-09 04:00:00+00:00,136.30341059801358,137.66943803355684,135.78561470021876,137.3514404296875,12374000,0.0,0.0
2021-08-10 04:00:00+00:00,137.42857744613153,137.89835251146243,136.57960173403993,137.44549560546875,16034000,0.0,0.0
2021-08-11 04:00:00+00:00,137.63111323700684,138.1931939764059,136.70251290708995,137.0404052734375,15204000,0.0,0.0
2021-08-12 04:00:00+00:00,137.06379702849642,137.76547537168213,136.13420952581484,137.7371063232422,14646000,0.0,0.0
2021-08-13 04:00:00+00:00,137.70527627430423,138.02028209576343,137.35444465336465,137.75355529785156,12580000,0.0,0.0
2021-08-16 04:00:00+00:00,137.34945665086298,138.33528115616613,135.52385965244994,138.26113891601562,18040000,0.0,0.0
2021-08-17 04:00:00+00:00,137.5395491068223,138.0645739649402,136.14267712091424,136.65325927734375,21272000,0.0,0.0
2021-08-18 04:00:00+00:00,136.46910817221828,137.64206503809015,135.77789358306453,135.9261932373047,14934000,0.0,0.0
2021-08-19 04:00:00+00:00,134.82888392555947,136.80402576810351,134.7179135632273,136.26806640625,18296000,0.0,0.0
2021-08-20 04:00:00+00:00,136.43677228774663,137.96106202852192,135.82367883423908,137.78439331054688,15564000,0.0,0.0
2021-08-23 04:00:00+00:00,138.34324787925766,141.50676135014,138.09387968442942,140.43434143066406,21090000,0.0,0.0
2021-08-24 04:00:00+00:00,140.87623826344637,142.3333411682674,140.6871315317685,141.72720336914062,15126000,0.0,0.0
2021-08-25 04:00:00+00:00,142.20942230036374,142.63740310872157,141.76801631069267,142.27610778808594,12838000,0.0,0.0
2021-08-26 04:00:00+00:00,141.94618101244757,142.46004352320674,141.42167251457283,141.45301818847656,14922000,0.0,0.0
2021-08-27 04:00:00+00:00,141.44255406546478,144.327388453458,141.3504913453611,143.8690643310547,24562000,0.0,0.0
2021-08-30 04:00:00+00:00,144.0223289124499,145.79891766795097,143.918329324499,144.78372192382812,16916000,0.0,0.0
2021-08-31 04:00:00+00:00,145.19679981619913,145.4232206883038,144.3164631944746,144.7762908935547,26756000,0.0,0.0
2021-09-01 04:00:00+00:00,144.9633685145111,146.12835222681363,144.92804388780252,145.1544647216797,15824000,0.0,0.0
2021-09-02 04:00:00+00:00,145.2614649620018,145.63519832037622,143.42716602701142,143.53912353515625,21844000,0.0,0.0
2021-09-03 04:00:00+00:00,143.46648137677406,144.69168114755996,142.82851184505822,144.09251403808594,19104000,0.0,0.0
2021-09-07 04:00:00+00:00,144.06711939625927,145.13656262200962,143.85960619333602,144.83299255371094,15170000,0.0,0.0
2021-09-08 04:00:00+00:00,144.70810613070714,144.86486488784743,143.52023559135034,144.2005157470703,15486000,0.0,0.0
2021-09-09 04:00:00+00:00,144.20048932064284,144.9827794639534,143.75311491436767,144.2303466796875,14798000,0.0,0.0
2021-09-10 04:00:00+00:00,144.75785428680825,145.3306417796316,141.0733101998466,141.25196838378906,32896000,0.0,0.0
2021-09-13 04:00:00+00:00,142.52594845038342,143.51127182900308,141.6117755037741,142.7886962890625,20176000,0.0,0.0
2021-09-14 04:00:00+00:00,143.48141102178167,144.045238316429,142.2318363354815,142.72998046875,18916000,0.0,0.0
2021-09-15 04:00:00+00:00,143.0813146055662,144.8952177700859,141.58539387943526,144.521484375,20648000,0.0,0.0
2021-09-16 04:00:00+00:00,144.4368906679165,144.5155130315812,142.7402756439321,143.6929168701172,20292000,0.0,0.0
2021-09-17 04:00:00+00:00,143.12061498030312,143.5694929400111,140.39651790046625,140.796630859375,60040000,0.0,0.0
2021-09-20 04:00:00+00:00,138.34492783051942,138.70552455221255,136.40690269369733,138.3616485595703,34918000,0.0,0.0
2021-09-21 04:00:00+00:00,139.45646113332148,140.14778199066006,138.2506703530198,138.98817443847656,18130000,0.0,0.0
2021-09-22 04:00:00+00:00,139.39029452139525,140.91605735778592,138.81427219920204,140.27410888671875,22068000,0.0,0.0
2021-09-23 04:00:00+00:00,140.94194096992447,141.58186961257056,140.43135879829953,141.15792846679688,17272000,0.0,0.0
2021-09-24 04:00:00+00:00,140.28155810651276,142.229834403859,140.18650356984818,141.96060180664062,14950000,0.0,0.0
2021-09-27 04:00:00+00:00,140.91804348599524,141.82823740134427,139.83766564834295,140.83395385742188,18844000,0.0,0.0
2021-09-28 04:00:00+00:00,138.43282590575407,138.94838935529438,135.0602955747783,135.54202270507812,42190000,0.0,0.0
2021-09-29 04:00:00+00:00,136.46336768895353,136.7508093872233,133.61715270518224,133.88687133789062,26338000,0.0,0.0
2021-09-30 04:00:00+00:00,133.69175208085628,134.95078791652043,132.37300153154087,132.6372528076172,35294000,0.0,0.0
2021-10-01 04:00:00+00:00,132.9249176053229,136.42483531421783,132.74875005379187,135.81919860839844,28388000,0.0,0.0
2021-10-04 04:00:00+00:00,135.05978924784176,135.06029041413095,130.5481688178759,133.13441467285156,31530000,0.0,0.0
2021-10-05 04:00:00+00:00,133.3682950835543,136.71444540407424,133.3682950835543,135.5350341796875,24126000,0.0,0.0
2021-10-06 04:00:00+00:00,133.99085937299006,137.2021506415427,133.85250710648745,136.7064971923828,19764000,0.0,0.0
2021-10-07 04:00:00+00:00,138.20839891854007,139.49375385855888,137.9098100972854,138.5293731689453,18250000,0.0,0.0
2021-10-08 04:00:00+00:00,139.24648039582627,139.65553842139337,138.77207331943256,139.39576721191406,18924000,0.0,0.0
2021-10-11 04:00:00+00:00,139.1409718587696,140.10008266396417,138.15215556009937,138.19296264648438,16584000,0.0,0.0
2021-10-12 04:00:00+00:00,138.97922494744452,139.0364642109256,135.60769716538297,136.06851196289062,22536000,0.0,0.0
2021-10-13 04:00:00+00:00,137.10062164906907,137.89685334211552,136.33076952555135,137.24990844726562,16380000,0.0,0.0
2021-10-14 04:00:00+00:00,139.29225244583967,140.98374951124026,138.68215079644133,140.74537658691406,21426000,0.0,0.0
2021-10-15 04:00:00+00:00,141.52964485106753,141.52964485106753,140.39949971216296,141.0071258544922,21250000,0.0,0.0
2021-10-18 04:00:00+00:00,140.54780160401805,142.3246335093071,140.54780160401805,142.28656005859375,16564000,0.0,0.0
2021-10-19 04:00:00+00:00,142.61601098187455,143.4276573857957,142.42142177871906,143.14401245117188,15316000,0.0,0.0
2021-10-20 04:00:00+00:00,143.54261125325104,143.56774550029272,141.24300229778405,141.74362182617188,17940000,0.0,0.0
2021-10-21 04:00:00+00:00,141.521695146268,142.17609684563178,140.96930357024203,142.107421875,14850000,0.0,0.0
2021-10-22 04:00:00+00:00,139.68937328802986,140.8911852990357,136.52387015871884,137.9715118408203,30182000,0.0,0.0
2021-10-25 04:00:00+00:00,138.1561342275559,138.5495649598508,136.10385822938275,138.11880493164062,21082000,0.0,0.0
2021-10-26 04:00:00+00:00,139.94316777594514,140.17555706391943,138.35020314354995,139.01356506347656,28258000,0.0,0.0
2021-10-27 04:00:00+00:00,139.24297892635664,148.41503581517193,139.24297892635664,145.7372283935547,51850000,0.0,0.0
2021-10-28 04:00:00+00:00,146.6046225205528,146.72953443180543,144.0810829892204,145.4401397705078,32418000,0.0,0.0
2021-10-29 04:00:00+00:00,144.83401095085182,147.91243260174016,144.48217701457,147.571533203125,28954000,0.0,0.0
2021-11-01 04:00:00+00:00,147.466528825876,147.69993564061997,142.90265030854982,143.0962371826172,32272000,0.0,0.0
2021-11-02 04:00:00+00:00,144.12676240625544,146.22790980314045,143.959160238814,145.17539978027344,21150000,0.0,0.0
2021-11-03 04:00:00+00:00,145.58545078822434,146.21796827205685,144.36971236435443,146.0980224609375,17886000,0.0,0.0
2021-11-04 04:00:00+00:00,146.50609065696955,149.24312705411245,145.94375165820463,147.9821014404297,24700000,0.0,0.0
2021-11-05 04:00:00+00:00,148.6494177579769,149.8609340120861,147.95121723817823,148.53744506835938,20408000,0.0,0.0
2021-11-08 05:00:00+00:00,149.2928871361579,150.32251053593515,148.41703067183127,148.64744567871094,18388000,0.0,0.0
2021-11-09 05:00:00+00:00,149.04008945537805,149.66959991060395,146.81164583163988,148.54493713378906,16876000,0.0,0.0
2021-11-10 05:00:00+00:00,147.31201939298745,147.9990120919586,144.63992213861974,145.93479919433594,22708000,0.0,0.0
2021-11-11 05:00:00+00:00,146.41351457051854,147.80218561484364,146.0029682572251,146.05621337890625,12464000,0.0,0.0
2021-11-12 05:00:00+00:00,147.1345891444526,149.15302861433008,145.76358053254611,148.94003295898438,17048000,0.0,0.0
2021-11-15 05:00:00+00:00,149.29287604496372,149.7676323720757,147.9517247303142,148.6837615966797,16248000,0.0,0.0
2021-11-16 05:00:00+00:00,148.46728218019854,149.12616393141388,147.65065455483602,148.37322998046875,17254000,0.0,0.0
2021-11-17 05:00:00+00:00,148.5255341332763,148.92066582284028,147.86267331175273,148.35931396484375,15290000,0.0,0.0
2021-11-18 05:00:00+00:00,148.44289984568738,150.89528868116975,148.29610368710667,149.99853515625,26658000,0.0,0.0
2021-11-19 05:00:00+00:00,150.28816803661073,151.13416711023524,149.18090945658543,149.24560546875,19766000,0.0,0.0
2021-11-22 05:00:00+00:00,149.43395397402327,150.0338651551562,146.31247798932122,146.38514709472656,24608000,0.0,0.0
2021-11-23 05:00:00+00:00,146.41949484757416,146.9977496127824,144.20646605289653,146.06517028808594,18126000,0.0,0.0
2021-11-24 05:00:00+00:00,145.66008813373253,146.30701785221396,144.51451316484923,146.02584838867188,16464000,0.0,0.0
2021-11-26 05:00:00+00:00,144.33186908963074,144.6120362071691,141.81379726121764,142.13278198242188,16992000,0.0,0.0
2021-11-29 05:00:00+00:00,143.6182539237073,146.16967635756464,143.6182539237073,145.42520141601562,26276000,0.0,0.0
2021-11-30 05:00:00+00:00,144.76459838743543,145.93728204478003,141.39628984079266,141.7804718017578,41590000,0.0,0.0
2021-12-01 05:00:00+00:00,143.5326450766273,145.80851691875938,140.8329384617755,140.95037841796875,28476000,0.0,0.0
2021-12-02 05:00:00+00:00,141.15542929819978,143.99298726762706,140.31738814135184,143.09872436523438,21250000,0.0,0.0
2021-12-03 05:00:00+00:00,143.8143284858745,144.52844488460605,140.484594860374,141.8486328125,26688000,0.0,0.0
2021-12-06 05:00:00+00:00,142.8971670212655,143.67099807763074,139.98396357195423,143.1186065673828,22198000,0.0,0.0
2021-12-07 05:00:00+00:00,145.26197223608517,147.60090014633772,145.01564140883826,147.33863830566406,23258000,0.0,0.0
2021-12-08 05:00:00+00:00,147.63225068282398,148.45335852964553,146.50608442108935,148.01942443847656,18964000,0.0,0.0
2021-12-09 05:00:00+00:00,147.4774837736384,148.8997482268749,146.83354580093462,147.40782165527344,18580000,0.0,0.0
2021-12-10 05:00:00+00:00,148.39712060109912,148.6956941951279,146.66282717702458,147.97412109375,21634000,0.0,0.0
2021-12-13 05:00:00+00:00,147.74421058773623,147.8621517160775,145.6700352741304,146.01290893554688,24104000,0.0,0.0
2021-12-14 05:00:00+00:00,144.08752357677128,144.7563526909153,141.571927278993,144.28707885742188,24778000,0.0,0.0
2021-12-15 05:00:00+00:00,143.68544910597015,146.82183910312324,142.03278480096245,146.67379760742188,27280000,0.0,0.0
2021-12-16 05:00:00+00:00,147.37894418523348,147.85120989009275,143.41323048363853,144.1557159423828,27400000,0.0,0.0
2021-12-17 05:00:00+00:00,142.0417227442369,143.77909925836724,141.11959193513306,142.1298065185547,43404000,0.0,0.0
2021-12-20 05:00:00+00:00,140.01640295898017,141.93820845767448,139.5888322167068,141.73019409179688,20264000,0.0,0.0
2021-12-21 05:00:00+00:00,142.4751697916547,144.00995361347304,141.06684693247522,143.54063415527344,19548000,0.0,0.0
2021-12-22 05:00:00+00:00,143.4207028334614,146.6085912683666,143.28434004038715,146.2562713623047,18438000,0.0,0.0
2021-12-23 05:00:00+00:00,146.3961086507727,147.87222575457932,146.25812085274202,146.44886779785156,13818000,0.0,0.0
2021-12-27 05:00:00+00:00,146.76833375906438,147.7267914671535,146.55583926124967,147.36599731445312,13256000,0.0,0.0
2021-12-28 05:00:00+00:00,147.67503066633773,147.67503066633773,145.24753319626961,145.7576141357422,18624000,0.0,0.0
2021-12-29 05:00:00+00:00,145.73921463039517,146.48990096865066,144.8185721761895,145.81385803222656,17022000,0.0,0.0
2021-12-30 05:00:00+00:00,145.75960919223394,146.36922481062703,145.07137121624086,145.31422424316406,12978000,0.0,0.0
2021-12-31 05:00:00+00:00,144.85789362336376,145.6750224757932,143.9954775627205,143.99746704101562,17298000,0.0,0.0
2022-01-03 05:00:00+00:00,143.79441921372617,144.8638625152924,142.82601407352718,144.39059448242188,25214000,0.0,0.0
2022-01-04 05:00:00+00:00,144.86435933884624,145.91885874125447,143.13817563356898,143.73570251464844,22928000,0.0,0.0
2022-01-05 05:00:00+00:00,143.501318051018,143.61777087671226,136.8752008669586,137.0045928955078,49642000,0.0,0.0
2022-01-06 05:00:00+00:00,136.84931225353333,139.0275023594518,136.1187788867449,136.90255737304688,29050000,0.0,0.0
2022-01-07 05:00:00+00:00,137.25489494126603,137.60299288950893,135.14887274002535,136.358642578125,19408000,0.0,0.0
2022-01-10 05:00:00+00:00,134.46212146194205,137.98642900515065,132.5128580214715,137.92074584960938,34096000,0.0,0.0
2022-01-11 05:00:00+00:00,137.52910651279794,139.6679780857741,136.16856143154644,139.35745239257812,23502000,0.0,0.0
2022-01-12 05:00:00+00:00,140.8871899997457,142.14100166724262,140.44677116766908,140.98023986816406,23642000,0.0,0.0
2022-01-13 05:00:00+00:00,141.1718430961465,142.51050378513614,138.2591406229541,138.47511291503906,26566000,0.0,0.0
2022-01-14 05:00:00+00:00,136.85181269653864,140.5348686943984,136.85181269653864,139.12753295898438,23826000,0.0,0.0
2022-01-18 05:00:00+00:00,135.95606047460763,136.74381796810013,134.9776927306703,135.64801025390625,27382000,0.0,0.0
2022-01-19 05:00:00+00:00,136.2929462952844,137.7470573348702,134.86122068069284,135.0124969482422,20796000,0.0,0.0
2022-01-20 05:00:00+00:00,135.8704658414132,137.26187053763397,132.51684322341626,132.87713623046875,21930000,0.0,0.0
2022-01-21 05:00:00+00:00,132.38494666768423,134.12520848474006,129.38815476755343,129.4787139892578,41920000,0.0,0.0
2022-01-24 05:00:00+00:00,125.43338345811094,130.16199356466964,124.05437130021804,129.7574005126953,55148000,0.0,0.0
2022-01-25 05:00:00+00:00,127.83004449589093,128.72878755048367,125.78224100389522,126.13805389404297,36008000,0.0,0.0
2022-01-26 05:00:00+00:00,129.97687003359317,132.18142461234768,126.5540865100089,128.63075256347656,39630000,0.0,0.0
2022-01-27 05:00:00+00:00,130.7417290323743,131.98480356276679,128.33713338785543,128.51229858398438,30248000,0.0,0.0
2022-01-28 05:00:00+00:00,129.38716542070122,132.74177516926142,128.0878234604517,132.66116333007812,30518000,0.0,0.0
2022-01-31 05:00:00+00:00,133.56536224354517,135.2031128080087,131.6504363679538,135.0587921142578,34056000,0.0,0.0
2022-02-01 05:00:00+00:00,137.1852330826009,137.54850270161393,133.9338788712922,137.228515625,51204000,0.0,0.0
2022-02-02 05:00:00+00:00,151.14759326611338,151.38298955602258,144.8713207028378,147.33863830566406,89750000,0.0,0.0
2022-02-03 05:00:00+00:00,144.61006160963422,148.41474907406587,141.53463185343347,141.97802734375,56930000,0.0,0.0
2022-02-04 05:00:00+00:00,142.3427992795155,143.85389158382364,139.15838866090303,142.34181213378906,49224000,0.0,0.0
2022-02-07 05:00:00+00:00,143.031540398121,143.16838917138665,138.0451635287187,138.2830352783203,44610000,0.0,0.0
2022-02-08 05:00:00+00:00,138.33603676503782,139.17788983495308,136.22776683788652,138.55673217773438,34256000,0.0,0.0
2022-02-09 05:00:00+00:00,140.18578137032367,141.5052916294116,139.71526209948217,140.78619384765625,28628000,0.0,0.0
2022-02-10 05:00:00+00:00,138.84238774615775,140.76428464107363,137.39922617971627,137.94911193847656,33018000,0.0,0.0
2022-02-11 05:00:00+00:00,138.09591169014544,138.62664677621441,132.6601559548538,133.49769592285156,38808000,0.0,0.0
2022-02-14 05:00:00+00:00,132.73681089723618,135.52461711058578,132.67361837541173,134.66220092773438,26792000,0.0,0.0
2022-02-15 05:00:00+00:00,136.82345358462422,137.24993095537306,134.90056944897273,135.7823944091797,26578000,0.0,0.0
2022-02-16 05:00:00+00:00,135.7873467466399,137.2957054165629,134.18807954874515,136.83937072753906,25610000,0.0,0.0
2022-02-17 05:00:00+00:00,135.508166378858,136.19441489911532,131.57877967167903,131.68478393554688,30968000,0.0,0.0
2022-02-18 05:00:00+00:00,132.41033927813902,133.19313057952024,129.69275771979932,129.85244750976562,31858000,0.0,0.0
2022-02-22 05:00:00+00:00,129.3722234323192,131.27894837207833,127.13879884935457,128.79246520996094,38906000,0.0,0.0
2022-02-23 05:00:00+00:00,130.46058183972337,131.12790751167353,126.90243039415532,126.9835433959961,26432000,0.0,0.0
2022-02-24 05:00:00+00:00,124.41071709935375,132.40983111736546,124.17633077094153,132.04803466796875,43166000,0.0,0.0
2022-02-25 05:00:00+00:00,132.89605841094038,134.75078395837807,131.14385934962573,133.8853759765625,26236000,0.0,0.0
2022-02-28 05:00:00+00:00,132.6561786387756,135.00107492479896,132.19909980273974,134.25511169433594,29676000,0.0,0.0
2022-03-01 05:00:00+00:00,133.84604814898742,135.46935622694352,132.7497392347727,133.5355224609375,24640000,0.0,0.0
2022-03-02 05:00:00+00:00,133.9736672591445,134.97616675294233,132.80345932417762,134.11624145507812,23966000,0.0,0.0
2022-03-03 05:00:00+00:00,135.33747717546032,136.06931661904682,132.80198586779477,133.6748504638672,19780000,0.0,0.0
2022-03-04 05:00:00+00:00,132.75373191549508,133.56638068472472,129.79373736556602,131.49916076660156,24446000,0.0,0.0
2022-03-07 05:00:00+00:00,131.282188009313,131.282188009313,125.81408442209185,125.86832427978516,39178000,0.0,0.0
2022-03-08 05:00:00+00:00,125.65534355102515,130.62779399578713,125.26742565490902,126.67849731445312,35250000,0.0,0.0
2022-03-09 05:00:00+00:00,130.78056114470036,133.5658763891628,129.47474956765626,133.2349395751953,32258000,0.0,0.0
2022-03-10 05:00:00+00:00,130.84276975032068,132.90898733852603,130.78156671267752,132.05653381347656,24266000,0.0,0.0
2022-03-11 05:00:00+00:00,133.36780197861034,133.56735727638488,129.68225558105098,129.86041259765625,26600000,0.0,0.0
2022-03-14 04:00:00+00:00,129.95746036461753,130.40832778100926,125.81707508109646,126.14352416992188,30254000,0.0,0.0
2022-03-15 04:00:00+00:00,127.13929569592955,129.9019517379511,125.97132780561105,129.04925537109375,30292000,0.0,0.0
2022-03-16 04:00:00+00:00,130.38244961702512,133.140382888646,128.59193433733995,133.06027221679688,32058000,0.0,0.0
2022-03-17 04:00:00+00:00,132.6925244556798,134.1043404463833,132.09335730013163,133.9659881591797,23994000,0.0,0.0
2022-03-18 04:00:00+00:00,133.25285862357657,136.2680724857268,132.30535058816045,136.15660095214844,45900000,0.0,0.0
2022-03-21 04:00:00+00:00,136.20239256628204,136.93392831950075,133.97692561158263,135.8351287841797,26632000,0.0,0.0
2022-03-22 04:00:00+00:00,135.8565221827463,140.83295156672966,135.8565221827463,139.6162109375,29776000,0.0,0.0
2022-03-23 04:00:00+00:00,138.48258692526088,139.3648977642606,137.51516893887396,137.85057067871094,25302000,0.0,0.0
2022-03-24 04:00:00+00:00,138.6159529942496,140.72993305890722,137.38865755203653,140.6458282470703,20544000,0.0,0.0
2022-03-25 04:00:00+00:00,141.08575701056114,141.2902936112914,139.04093773013886,140.85435485839844,19270000,0.0,0.0
2022-03-28 04:00:00+00:00,140.0213007231034,141.30721758576396,139.16899904193733,141.2808380126953,23774000,0.0,0.0
2022-03-29 04:00:00+00:00,142.48563611023712,143.4829115015674,141.81231158269637,142.57470703125,28678000,0.0,0.0
2022-03-30 04:00:00+00:00,142.19647725737113,142.80410336854544,141.497790757229,141.9720458984375,21046000,0.0,0.0
2022-03-31 04:00:00+00:00,141.7769815753248,141.9720567564034,138.96082189232544,138.99118041992188,29516000,0.0,0.0
2022-04-01 04:00:00+00:00,139.34996299681578,140.28553410292335,138.14268384156574,140.03671264648438,23480000,0.0,0.0
2022-04-04 04:00:00+00:00,140.16062342555867,143.36470087129743,140.16062342555867,142.96534729003906,19076000,0.0,0.0
2022-04-05 04:00:00+00:00,142.7234976891602,142.913090408453,140.279066792075,140.39801025390625,19256000,0.0,0.0
2022-04-06 04:00:00+00:00,138.5054715892277,139.18922944851172,135.77501139602575,136.52932739257812,23574000,0.0,0.0
2022-04-07 04:00:00+00:00,135.97396441120316,137.05236797566872,134.22152255016007,135.82168579101562,19448000,0.0,0.0
2022-04-08 04:00:00+00:00,135.60769828723264,135.60769828723264,133.12197428430505,133.37875366210938,16434000,0.0,0.0
2022-04-11 04:00:00+00:00,132.27348615335092,132.31250118939312,129.00645906753164,129.1846160888672,24188000,0.0,0.0
2022-04-12 04:00:00+00:00,131.79923382489685,131.79923382489685,126.9745894106072,127.76932525634766,23004000,0.0,0.0
2022-04-13 04:00:00+00:00,128.0201519606447,130.03983719954908,127.83314097453406,129.6718292236328,19542000,0.0,0.0
2022-04-14 04:00:00+00:00,130.03361008916093,130.09406896896476,126.51228658902575,126.65311431884766,23484000,0.0,0.0
2022-04-18 04:00:00+00:00,126.80938301609235,128.10524723095722,125.98175241200714,127.35778045654297,14918000,0.0,0.0
2022-04-19 04:00:00+00:00,127.47323817706454,130.2866645185904,126.85069086739782,129.91567993164062,22720000,0.0,0.0
2022-04-20 04:00:00+00:00,130.66511197660427,131.30159318507793,127.29114650395485,127.64093780517578,22610000,0.0,0.0
2022-04-21 04:00:00+00:00,128.7402308929624,129.69320616069407,124.06238283751892,124.34852600097656,30158000,0.0,0.0
2022-04-22 04:00:00+00:00,124.41073651652763,124.8606092023749,118.57886174745552,119.05012512207031,46410000,0.0,0.0
2022-04-25 04:00:00+00:00,118.86649057408276,122.69685134233372,118.20935526541926,122.66898345947266,34522000,0.0,0.0
2022-04-26 04:00:00+00:00,122.17133751577673,122.17133751577673,118.60010258551252,118.942626953125,49394000,0.0,0.0
2022-04-27 04:00:00+00:00,113.83383242122194,116.9460902574276,112.59097040034956,114.47827911376953,62238000,0.0,0.0
2022-04-28 04:00:00+00:00,116.56290421913432,119.87073843519462,114.60109635829187,118.84857940673828,36790000,0.0,0.0
2022-04-29 04:00:00+00:00,117.02372261120375,118.39920382909824,114.15331554632759,114.42453002929688,33694000,0.0,0.0
2022-05-02 04:00:00+00:00,113.36952570231432,116.7863405764315,112.86491202663687,116.60469818115234,30280000,0.0,0.0
2022-05-03 04:00:00+00:00,116.2145546850409,118.73760802514228,116.07720474819547,117.57262420654297,21216000,0.0,0.0
2022-05-04 04:00:00+00:00,117.44721745391996,122.56248502627201,115.19289557716498,121.99716186523438,33232000,0.0,0.0
2022-05-05 04:00:00+00:00,119.65376636836852,120.66174848707618,114.63952156432909,116.1961441040039,43090000,0.0,0.0
2022-05-06 04:00:00+00:00,114.97442723306982,116.94459545809681,113.60491440348825,115.1147689819336,35310000,0.0,0.0
2022-05-09 04:00:00+00:00,112.76937389751654,115.01812228876098,112.02091999018971,112.55091094970703,34520000,0.0,0.0
2022-05-10 04:00:00+00:00,115.49347201494884,116.14091054443671,112.84880221909182,114.04434204101562,31158000,0.0,0.0
2022-05-11 04:00:00+00:00,113.17445967196558,116.12099859054145,113.11424378170662,113.42377471923828,36502000,0.0,0.0
2022-05-12 04:00:00+00:00,111.41030646857692,114.31504330459299,109.59440647641487,112.6275405883789,41464000,0.0,0.0
2022-05-13 04:00:00+00:00,114.30410666603765,117.52833735896017,113.462595272893,115.96623992919922,29738000,0.0,0.0
2022-05-16 04:00:00+00:00,114.84006896362847,116.05779674581578,113.79601048856615,114.25135803222656,23282000,0.0,0.0
2022-05-17 04:00:00+00:00,116.67487325941799,116.67487325941799,114.79378360446997,116.15135192871094,21576000,0.0,0.0
2022-05-18 04:00:00+00:00,114.694262429826,115.15024783136839,111.6133501748817,111.87113189697266,27982000,0.0,0.0
2022-05-19 04:00:00+00:00,111.31377490133043,113.05203986058666,109.94724625296588,110.22343444824219,29192000,0.0,0.0
2022-05-20 04:00:00+00:00,111.55712059771784,112.01943132449912,105.87154836299284,108.79769134521484,37586000,0.0,0.0
2022-05-23 04:00:00+00:00,109.5849416546271,111.47748205782766,108.63967378550643,111.14007568359375,31558000,0.0,0.0
2022-05-24 04:00:00+00:00,105.87602249964246,105.89343423093972,101.72617591760488,105.42665100097656,60386000,0.0,0.0
2022-05-25 04:00:00+00:00,104.6463468817272,106.04243671399546,103.71998654837991,105.34056091308594,37900000,0.0,0.0
2022-05-26 04:00:00+00:00,105.55056359005481,108.4416248505147,104.99071528570639,107.78547668457031,30288000,0.0,0.0
2022-05-27 04:00:00+00:00,109.2709438423787,112.33592506701245,109.033573258283,112.26725769042969,29924000,0.0,0.0
2022-05-31 04:00:00+00:00,112.54592274450775,115.88460870115192,112.04181025547662,113.50139617919922,51302000,0.0,0.0
2022-06-01 04:00:00+00:00,114.38970249768265,116.84556919378318,113.01520838313238,113.59894561767578,28630000,0.0,0.0
2022-06-02 04:00:00+00:00,113.6497074085584,117.34221710629116,112.77385097575305,117.19093322753906,27472000,0.0,0.0
2022-06-03 04:00:00+00:00,115.4456966033437,115.81594458724007,113.13215356534883,114.02393341064453,25052000,0.0,0.0
2022-06-06 04:00:00+00:00,116.19215846254471,118.83563591426454,115.97896536653525,116.45889282226562,23786000,0.0,0.0
2022-06-07 04:00:00+00:00,115.10282281622644,117.19356706434064,114.58278686076801,116.67686462402344,26414000,0.0,0.0
2022-06-08 04:00:00+00:00,116.32552617837696,118.08668516675237,116.1466174166489,116.68531799316406,22544000,0.0,0.0
2022-06-09 04:00:00+00:00,115.79304059774877,117.79207124836314,114.32548915497537,114.37625122070312,23142000,0.0,0.0
2022-06-10 04:00:00+00:00,112.24958442171445,112.96196192268607,110.33838679236891,110.90221405029297,31324000,0.0,0.0
2022-06-13 04:00:00+00:00,106.93948450933533,108.70362779893402,106.08558068776968,106.37267303466797,36756000,0.0,0.0
2022-06-14 04:00:00+00:00,106.38609956083734,107.94620733346038,105.85063379070733,106.68866729736328,25480000,0.0,0.0
2022-06-15 04:00:00+00:00,108.38613338094682,111.53472581057754,107.60906744849383,109.87010955810547,33192000,0.0,0.0
2022-06-16 04:00:00+00:00,107.63967003050202,108.77529008390815,105.29378651884345,106.13330841064453,35314000,0.0,0.0
2022-06-17 04:00:00+00:00,106.03278427939424,108.7344806173926,105.13060143310136,107.35700988769531,43516000,0.0,0.0
2022-06-21 04:00:00+00:00,109.18485395902661,112.14184135320201,108.77827901296321,111.48694610595703,39010000,0.0,0.0
2022-06-22 04:00:00+00:00,110.63896317499959,113.23317447264614,110.20232585303906,111.50585174560547,23922000,0.0,0.0
2022-06-23 04:00:00+00:00,112.41753351005117,112.66287718187586,110.50559176492372,112.15328979492188,24710000,0.0,0.0
2022-06-24 04:00:00+00:00,113.06746117999977,118.07822817573229,113.06746117999977,117.97920227050781,39122000,0.0,0.0
2022-06-27 04:00:00+00:00,118.37432195203178,118.68783942947847,115.4539045234558,116.07272338867188,32840000,0.0,0.0
2022-06-28 04:00:00+00:00,115.8025109462013,117.30091470055925,111.9139311338108,112.04083251953125,28232000,0.0,0.0
2022-06-29 04:00:00+00:00,111.61981760416741,113.12866985146651,111.02812245399987,111.72731018066406,18628000,0.0,0.0
2022-06-30 04:00:00+00:00,109.97858917561709,110.80498202010878,106.80412593743712,108.85690307617188,38046000,0.0,0.0
2022-07-01 04:00:00+00:00,107.82628411703544,109.28871013062435,106.60009726160429,108.56678009033203,31028000,0.0,0.0
2022-07-05 04:00:00+00:00,107.00766390008619,113.51493590818501,105.74862031485087,113.3501205444336,36398000,0.0,0.0
2022-07-06 04:00:00+00:00,113.55416076535447,115.80350141242428,111.72134246474683,114.67037200927734,28852000,0.0,0.0
2022-07-07 04:00:00+00:00,115.46112670522629,119.29695475187049,114.989354580238,118.74357604980469,32184000,0.0,0.0
2022-07-08 04:00:00+00:00,116.99585683166637,119.8672510938452,116.96002344229618,119.60201263427734,29082000,0.0,0.0
2022-07-11 04:00:00+00:00,118.09067107470861,118.23449061320869,115.68655359916379,115.97319793701172,26718000,0.0,0.0
2022-07-12 04:00:00+00:00,116.2877045186761,117.29394007308944,114.07468337568238,114.3080825805664,24970000,0.0,0.0
2022-07-13 04:00:00+00:00,112.10800714469762,114.61413476452478,111.29585197643384,111.65813446044922,38958000,0.0,0.0
2022-07-14 04:00:00+00:00,110.30354606666393,111.4595772033137,108.8101237182931,110.91465759277344,32366000,0.0,0.0
2022-07-15 04:00:00+00:00,112.43048015695064,113.46309536751616,111.29536124953374,112.23540496826172,34330000,0.0,0.0
2022-07-18 04:00:00+00:00,112.9052263360636,114.25881566455679,108.78474363102438,109.3918685913086,33354000,0.0,20.0
2022-07-19 04:00:00+00:00,111.20329065689758,114.26876528446563,109.97908572804702,114.07966613769531,30992300,0.0,0.0
2022-07-20 04:00:00+00:00,113.5223117351416,115.78161506824954,112.72608754026068,114.15929412841797,26780100,0.0,0.0
2022-07-21 04:00:00+00:00,114.5474403985797,114.66687742959162,111.382438807759,114.4976806640625,27267800,0.0,0.0
2022-07-22 04:00:00+00:00,111.28290761872518,112.64645195656841,107.09275513306062,107.84917449951172,44455300,0.0,0.0
2022-07-25 04:00:00+00:00,108.36672221424634,110.05871274028323,106.50554250706286,107.69988250732422,28289900,0.0,0.0
2022-07-26 04:00:00+00:00,106.92356419615227,107.23210039426073,104.26615267413928,104.94294738769531,36626600,0.0,0.0
2022-07-27 04:00:00+00:00,109.08333243811776,113.86070776556826,107.9088947797362,113.0644760131836,41474600,0.0,0.0
2022-07-28 04:00:00+00:00,112.26824965477783,114.15928674114375,111.32371825731367,114.0498046875,23303800,0.0,0.0
2022-07-29 04:00:00+00:00,112.8654098410835,116.34891009794764,112.69621307960138,116.09013366699219,31336200,0.0,0.0
2022-08-01 04:00:00+00:00,114.9853752769637,116.56788375789434,114.14933879151246,114.93561553955078,22856200,0.0,0.0
2022-08-02 04:00:00+00:00,113.89055867008565,116.52806765771149,113.72136190016134,115.35363006591797,17911000,0.0,0.0
2022-08-03 04:00:00+00:00,115.79155466960147,118.85703697688334,115.60245551750849,118.22005462646484,25302800,0.0,0.0
2022-08-04 04:00:00+00:00,117.74231871869387,118.93665869753202,117.15509612047474,118.30963134765625,15757700,0.0,0.0
2022-08-05 04:00:00+00:00,116.37878470022508,118.29968685879182,116.15982057954456,117.66270446777344,15615700,0.0,0.0
2022-08-08 04:00:00+00:00,118.55845231459872,120.29024755471546,117.27453266632013,117.58306884765625,17061100,0.0,0.0
2022-08-09 04:00:00+00:00,117.4337709912302,117.64278010082272,116.01051197439986,116.94608306884766,15424300,0.0,0.0
2022-08-10 04:00:00+00:00,119.026229641864,121.20590805552138,118.79731815159718,120.08123779296875,20497000,0.0,0.0
2022-08-11 04:00:00+00:00,121.50449798088704,121.76326683374639,118.98642600382284,119.2551498413086,16671600,0.0,0.0
2022-08-12 04:00:00+00:00,120.58884164608502,122.07181549072266,119.83242224622951,122.07181549072266,16121100,0.0,0.0
2022-08-15 04:00:00+00:00,121.63388811810019,122.67894134351504,120.99690575381473,122.30072784423828,15525000,0.0,0.0
2022-08-16 04:00:00+00:00,121.74337310420826,122.64708986201566,120.96207760768635,121.93247985839844,15626200,0.0,0.0
2022-08-17 04:00:00+00:00,120.35992499834103,121.57417501943715,119.63336294535719,119.75279998779297,17589200,0.0,0.0
2022-08-18 04:00:00+00:00,119.66322531154273,121.11634179263632,118.98643060591009,120.29025268554688,15652000,0.0,0.0
2022-08-19 04:00:00+00:00,119.30492168423736,119.43430611556155,117.1152881827282,117.56317138671875,20187000,0.0,0.0
2022-08-22 04:00:00+00:00,115.55269301943815,115.95080890345768,114.1294338596328,114.52754974365234,19316000,0.0,0.0
2022-08-23 04:00:00+00:00,113.7810825172417,115.38349340587219,113.761180140572,114.22895812988281,14390700,0.0,0.0
2022-08-24 04:00:00+00:00,113.91047264374973,115.17150582054936,113.24363288726182,114.15929412841797,16051200,0.0,0.0
2022-08-25 04:00:00+00:00,114.60716723808446,117.22476629204917,114.50764017169033,117.1451416015625,14874700,0.0,0.0
2022-08-26 04:00:00+00:00,115.26405583139334,116.05033259120523,110.69569726728199,110.77532196044922,31698700,0.0,0.0
2022-08-29 04:00:00+00:00,110.25776769113976,111.43220532390005,109.29233918029928,109.81983947753906,20386100,0.0,0.0
2022-08-30 04:00:00+00:00,110.50658385470659,110.844984983544,108.28710071888507,109.3918685913086,20548200,0.0,0.0
2022-08-31 04:00:00+00:00,111.10376473402661,111.24310415562577,108.5359328263928,108.63545989990234,25898000,0.0,0.0
2022-09-01 04:00:00+00:00,108.6852199265877,110.69570174655628,107.67998661003242,110.02886199951172,22784400,0.0,0.0
2022-09-02 04:00:00+00:00,110.81512773160073,111.14855518812294,107.62026092484564,108.16767120361328,20618100,0.0,0.0
2022-09-06 04:00:00+00:00,107.62523866045296,108.36672176679409,106.00789913700333,106.97332763671875,20565100,0.0,0.0
2022-09-07 04:00:00+00:00,107.2520040445576,110.46677304944285,107.10768334570685,109.95918273925781,22987200,0.0,0.0
2022-09-08 04:00:00+00:00,108.66530832921605,110.05871002408482,107.55058545463537,108.9041748046875,21660700,0.0,0.0
2022-09-09 04:00:00+00:00,109.53121147942143,111.47201586105956,109.48144414925493,111.2530517578125,21732900,0.0,0.0
2022-09-12 04:00:00+00:00,111.46205791874897,112.10899522660499,110.40705736938354,111.3426284790039,19732900,0.0,0.0
2022-09-13 04:00:00+00:00,108.37667021547743,108.85441074085445,104.50500905877423,104.81354522705078,33015000,0.0,0.0
2022-09-14 04:00:00+00:00,104.9429450441253,105.59982977275591,104.0073738921362,105.37091827392578,22115800,0.0,0.0
2022-09-15 04:00:00+00:00,104.51496993474163,105.7093099253704,102.82297942235097,103.41020202636719,26494900,0.0,0.0
2022-09-16 04:00:00+00:00,102.48458713788705,103.53958772904764,101.37484552019858,103.14147186279297,64540100,0.0,0.0
2022-09-19 04:00:00+00:00,102.05661343354218,103.52963226034304,101.88741665903899,103.36043548583984,19738600,0.0,0.0
2022-09-20 04:00:00+00:00,102.39499820964471,102.68363199676537,100.64330070587691,101.3499526977539,24001700,0.0,0.0
2022-09-21 04:00:00+00:00,101.75802697722172,103.00213433617348,99.51863373110857,99.53854370117188,26596800,0.0,0.0
2022-09-22 04:00:00+00:00,98.98117856065326,101.20066943281867,98.94137380733588,100.09590148925781,21272700,0.0,0.0
2022-09-23 04:00:00+00:00,99.58830321979381,99.63807055141359,97.54797171167087,98.70249938964844,25657000,0.0,0.0
2022-09-26 04:00:00+00:00,98.14514598601151,99.966521057017,97.9162268814197,98.34420013427734,22437900,0.0,0.0
2022-09-27 04:00:00+00:00,99.43901391967812,99.98641658663331,96.88112196972934,97.6275863647461,24225000,0.0,0.0
2022-09-28 04:00:00+00:00,97.55791973226661,100.92199090493601,97.33896321464246,100.26509857177734,24617000,0.0,0.0
2022-09-29 04:00:00+00:00,98.83188893759021,98.83188893759021,96.06498786824815,97.6275863647461,21921500,0.0,0.0
2022-09-30 04:00:00+00:00,97.26929271479445,99.02497695216614,95.57730215714852,95.69673919677734,26277800,0.0,0.0
2022-10-03 04:00:00+00:00,96.76169740524554,99.49873365831401,96.56263566714686,98.83189392089844,24840000,0.0,0.0
2022-10-04 04:00:00+00:00,100.56368644279272,102.23576702852765,100.56368644279272,101.92723083496094,22580900,0.0,0.0
2022-10-05 04:00:00+00:00,100.21533489370934,102.25566633478026,99.26980877800762,101.73812103271484,18475500,0.0,0.0
2022-10-06 04:00:00+00:00,101.02151669888987,103.24100754973763,101.02151669888987,101.75802612304688,17156200,0.0,0.0
2022-10-07 04:00:00+00:00,100.17553475834963,100.9419016168884,98.74232052651367,99.10062408447266,24249900,0.0,0.0
2022-10-10 04:00:00+00:00,99.37929233450791,99.51863174846024,97.40863056950869,98.24466705322266,16529900,0.0,0.0
2022-10-11 04:00:00+00:00,97.78683795259893,99.64802528645066,96.79155207012974,97.58778381347656,21617700,0.0,0.0
2022-10-12 04:00:00+00:00,97.80674393066488,99.17825388045844,97.20957389787958,97.83660888671875,17343400,0.0,0.0
2022-10-13 04:00:00+00:00,95.47778009558193,100.05609388016398,94.82088773331058,99.23995971679688,32812200,0.0,0.0
2022-10-14 04:00:00+00:00,100.15063746032703,100.81250345388494,96.57258365735488,96.72187805175781,22624800,0.0,0.0
2022-10-17 04:00:00+00:00,99.05084643022157,101.29023963747129,99.04089903879125,100.3049087524414,23311600,0.0,0.0
2022-10-18 04:00:00+00:00,103.45001507005593,103.72869389685495,100.17552366831033,100.91203308105469,21610500,0.0,0.0
2022-10-19 04:00:00+00:00,100.22527820003148,101.17975692895973,99.16530397411043,99.81721496582031,21573700,0.0,0.0
2022-10-20 04:00:00+00:00,100.34472513367996,102.51444872102721,99.49873362893977,100.05609130859375,25125100,0.0,0.0
2022-10-21 04:00:00+00:00,97.99584233044817,101.14094921156882,97.76693084088724,101.0016098022461,28988700,0.0,0.0
2022-10-24 04:00:00+00:00,101.60873218590838,102.61397305424748,99.82717713693695,102.48458862304688,24680800,0.0,0.0
2022-10-25 04:00:00+00:00,102.81302773638171,104.60453764749055,102.5343413296763,104.43534088134766,29910200,0.0,0.0
2022-10-26 04:00:00+00:00,96.30385801830623,98.07546556201854,94.12417964376472,94.37300109863281,71504300,0.0,0.0
2022-10-27 04:00:00+00:00,93.86540528503579,94.72135171622803,91.46677035552513,92.16346740722656,54036500,0.0,0.0
2022-10-28 04:00:00+00:00,92.09379200729283,96.40338125706131,91.88776712186636,96.12470245361328,35696900,0.0,0.0
2022-10-31 04:00:00+00:00,95.32847564653179,95.895788266276,93.93507396490948,94.21376037597656,29868700,0.0,0.0
2022-11-01 04:00:00+00:00,95.13936529884846,95.71165918582506,90.00369455604634,90.0733642578125,43220600,0.0,0.0
2022-11-02 04:00:00+00:00,90.48144783044027,90.86960873690701,86.59983117234387,86.6595458984375,43553600,0.0,0.0
2022-11-03 04:00:00+00:00,85.93795707311106,86.14199249274185,83.05660031387845,83.0964126586914,48510400,0.0,0.0
2022-11-04 04:00:00+00:00,85.10689762157878,86.32114760865238,83.48457677935511,86.2912826538086,40173300,0.0,0.0
2022-11-07 05:00:00+00:00,86.92826415903247,88.52072762427457,86.55005826242318,88.23209381103516,26899900,0.0,0.0
2022-11-08 05:00:00+00:00,88.73969672541183,89.97882284234792,87.23681285237359,88.49087524414062,30172000,0.0,0.0
2022-11-09 05:00:00+00:00,88.12759037562216,89.0681352706783,86.94817898481038,86.98799133300781,26743900,0.0,0.0
2022-11-10 05:00:00+00:00,91.90469166304018,94.10428007181585,91.21794959067762,93.72606658935547,42371200,0.0,0.0
2022-11-11 05:00:00+00:00,94.26352043796018,96.9010294170545,93.7161177852531,96.27400207519531,30569100,0.0,0.0
2022-11-14 05:00:00+00:00,95.04980072844313,96.72188129630366,94.66462406346555,95.57730102539062,24170100,0.0,0.0
2022-11-15 05:00:00+00:00,98.2048560816514,99.94660637385905,96.56263285888416,98.25462341308594,31831000,0.0,0.0
2022-11-16 05:00:00+00:00,97.55792499499024,99.37930009689765,97.44048501981244,98.52335357666016,24660200,0.0,0.0
2022-11-17 05:00:00+00:00,96.72188272400106,99.01104329961711,96.64225803068271,98.03565979003906,21818700,0.0,0.0
2022-11-18 05:00:00+00:00,98.54326142602511,98.69255583325732,96.28395812703593,97.3389663696289,24969900,0.0,0.0
2022-11-21 05:00:00+00:00,97.10008271869822,98.25461792127615,95.21899311572922,95.37824249267578,18696900,0.0,0.0
2022-11-22 05:00:00+00:00,95.70669500233242,97.08814471273037,93.96494469164605,96.87117767333984,18868900,0.0,0.0
2022-11-23 05:00:00+00:00,96.88112244359954,98.6019755918307,96.88112244359954,98.3541488647461,17568900,0.0,0.0
2022-11-25 05:00:00+00:00,98.00082036612558,98.47358723308106,97.07023049977272,97.13990020751953,8567800,0.0,0.0
2022-11-28 05:00:00+00:00,96.7417908889169,97.36882589453009,95.43796872988996,95.79627227783203,19974500,0.0,0.0
2022-11-29 05:00:00+00:00,95.54744709465885,95.93560799100659,93.94503617653454,94.9900894165039,20220000,0.0,0.0
2022-11-30 05:00:00+00:00,94.67160172693039,100.97175598144531,94.22371849607283,100.97175598144531,39888100,0.0,0.0
2022-12-01 05:00:00+00:00,100.92198830705709,102.10637332378369,100.19542628394152,100.80255126953125,21771500,0.0,0.0
2022-12-02 05:00:00+00:00,98.90155884558654,100.67316646508776,98.70249711711934,100.35467529296875,18821500,0.0,0.0
2022-12-05 05:00:00+00:00,99.3444594140396,101.27033510130242,98.88662883486676,99.39920043945312,19955500,0.0,0.0
2022-12-06 05:00:00+00:00,99.20014019910097,99.7375954766375,96.30386228470965,96.85126495361328,20877600,0.0,0.0
2022-12-07 05:00:00+00:00,96.31381244818569,96.85126774119126,94.57704342607123,94.70145416259766,26647900,0.0,0.0
2022-12-08 05:00:00+00:00,95.23891359060963,95.4180653627231,93.3578237801328,93.50711059570312,25593200,0.0,0.0
2022-12-09 05:00:00+00:00,93.45734520237579,94.04456022391321,92.5814887723829,92.63125610351562,21885300,0.0,0.0
2022-12-12 05:00:00+00:00,92.65115669345715,93.43245973529034,91.4667716883068,93.11894226074219,27380900,0.0,0.0
2022-12-13 05:00:00+00:00,97.60767558763845,99.32952331838757,94.93035442471616,95.39813995361328,34788500,0.0,0.0
2022-12-14 05:00:00+00:00,95.08960633117948,96.76168678046346,93.4971505683919,94.86068725585938,26452900,0.0,0.0
2022-12-15 05:00:00+00:00,93.09904594020067,93.58673391521872,90.0037061191262,90.77007293701172,28298800,0.0,0.0
2022-12-16 05:00:00+00:00,90.77007233795585,91.31748262813915,89.58568726358575,90.43167877197266,48485500,0.0,0.0
2022-12-19 05:00:00+00:00,90.45157662118169,90.77006779404601,88.5057985273253,88.729736328125,23020500,0.0,0.0
2022-12-20 05:00:00+00:00,88.31172250685827,89.35676816069653,87.62497279617249,89.20747375488281,21976800,0.0,0.0
2022-12-21 05:00:00+00:00,89.3070015196909,90.48641280696336,88.49086743686348,89.82454681396484,20336400,0.0,0.0
2022-12-22 05:00:00+00:00,88.51077281665269,88.75959428441642,86.53015605941337,87.84393310546875,23656100,0.0,0.0
2022-12-23 05:00:00+00:00,87.20694872455337,89.67525337496662,87.20694872455337,89.3866195678711,17815000,0.0,0.0
2022-12-27 05:00:00+00:00,88.88897945070303,89.07808619766787,87.12235308968214,87.51548767089844,15470900,0.0,0.0
2022-12-28 05:00:00+00:00,87.08751213877628,88.10270036774263,85.96284185850402,86.05241394042969,17879600,0.0,0.0
2022-12-29 05:00:00+00:00,86.61973815394637,88.9437300202411,86.57992580329147,88.53068542480469,18280700,0.0,0.0
2022-12-30 05:00:00+00:00,86.95314356044646,88.41124123570317,86.61972372187232,88.31171417236328,19190300,0.0,0.0
2023-01-03 05:00:00+00:00,89.4065374171645,91.11843044134119,88.60035064579858,89.27714538574219,20738500,0.0,0.0
2023-01-04 05:00:00+00:00,90.58096963247291,90.8098811314599,87.38610288413852,88.29180908203125,27046500,0.0,0.0
2023-01-05 05:00:00+00:00,87.65482124958022,87.7941606559298,86.15193754574908,86.36094665527344,23136100,0.0,0.0
2023-01-06 05:00:00+00:00,86.94816078459799,88.05292853717987,85.16659844118601,87.74439239501953,26612600,0.0,0.0
2023-01-09 05:00:00+00:00,88.7745203696875,90.40181484744842,88.1624217030434,88.38138580322266,22996700,0.0,0.0
2023-01-10 05:00:00+00:00,86.31119588121177,89.05320584713402,86.29128591056448,88.8193130493164,22855600,0.0,0.0
2023-01-11 05:00:00+00:00,89.63544729709926,92.01418003236891,89.31695610724726,91.82508087158203,25998800,0.0,0.0
2023-01-12 05:00:00+00:00,91.9644106394932,92.18337473330077,90.14303577928821,91.47672271728516,22754200,0.0,0.0
2023-01-13 05:00:00+00:00,91.0965267592125,92.54168533315664,90.50134622261136,92.36253356933594,18630700,0.0,0.0
2023-01-17 05:00:00+00:00,92.34262015914376,92.53172690097314,90.41176317583279,91.72554779052734,22935800,0.0,0.0
2023-01-18 05:00:00+00:00,92.5018710679812,93.14681132961738,90.96912991895344,91.34733581542969,19641600,0.0,0.0
2023-01-19 05:00:00+00:00,90.95917575103884,93.95498836892797,90.94922076610231,93.46730041503906,28707700,0.0,0.0
2023-01-20 05:00:00+00:00,95.49768476346605,98.95132825740284,95.4578800073093,98.8119888305664,53704800,0.0,0.0
2023-01-23 05:00:00+00:00,98.66268325500256,100.92198637945205,98.2844773668706,100.73287963867188,31791800,0.0,0.0
2023-01-24 05:00:00+00:00,99.08071071236088,100.61344425937016,98.23471165395418,98.7423095703125,27391400,0.0,0.0
2023-01-25 05:00:00+00:00,96.74178003875029,97.2593329248107,94.81292016231012,96.27400207519531,31000900,0.0,0.0
2023-01-26 05:00:00+00:00,97.8166942324974,98.74231039669573,96.36357777137192,98.69255065917969,24542100,0.0,0.0
2023-01-27 05:00:00+00:00,98.58306655785783,101.10113854540126,98.50344186737202,100.23523712158203,29020400,0.0,0.0
2023-01-30 05:00:00+00:00,98.27950879283037,98.94037249402334,97.06027749227827,97.48825073242188,24365100,0.0,0.0
2023-01-31 05:00:00+00:00,97.39867375748366,99.439012784611,97.3290040518145,99.39920043945312,22306800,0.0,0.0
2023-02-01 05:00:00+00:00,99.26980775877634,101.70826262782808,97.95603075102244,100.95184326171875,26392600,0.0,0.0
2023-02-02 05:00:00+00:00,106.28658258212454,108.30701175196808,106.03776110616492,108.287109375,46622600,0.0,0.0
2023-02-03 05:00:00+00:00,103.02204578439452,107.51077973262802,102.81303665630321,104.72398376464844,36823400,0.0,0.0
2023-02-06 05:00:00+00:00,102.20092808008586,104.20642851928456,101.72816880613156,102.98223114013672,25573000,0.0,0.0
2023-02-07 05:00:00+00:00,103.1414711292283,108.15771278413196,103.05985695958798,107.53068542480469,33738800,0.0,0.0
2023-02-08 05:00:00+00:00,102.20590877068695,103.0917125905503,97.99087248930825,99.5285873413086,73546000,0.0,0.0
2023-02-09 05:00:00+00:00,100.06604084700814,100.13571055317259,93.41753102694793,95.0099868774414,97798600,0.0,0.0
2023-02-10 05:00:00+00:00,95.28866774690057,96.56263245463339,94.08437274682724,94.4128189086914,49325300,0.0,0.0
2023-02-13 05:00:00+00:00,94.5621171557461,94.90051072287851,93.60664358607762,94.55216217041016,43116600,0.0,0.0
2023-02-14 05:00:00+00:00,94.21376939358002,94.72634103796074,92.21324255629635,94.50239562988281,42513100,0.0,0.0
2023-02-15 05:00:00+00:00,94.29337495584576,96.88111652786327,93.91516908391556,96.64225006103516,36964500,0.0,0.0
2023-02-16 05:00:00+00:00,95.08961708845939,97.41858248123923,94.52230442149285,95.32848358154297,35642100,0.0,0.0
2023-02-17 05:00:00+00:00,94.62182931370424,95.29862402303579,93.00946343733028,94.14408874511719,31095100,0.0,0.0
2023-02-21 05:00:00+00:00,92.80045871080388,92.97463678728393,91.56630627413868,91.61607360839844,28367200,0.0,0.0
2023-02-22 05:00:00+00:00,91.500611925036,91.9246062085135,90.44163234565723,91.36724853515625,29891100,0.0,0.0
2023-02-23 05:00:00+00:00,91.6956789343809,91.6956789343809,89.58567787714253,90.64067840576172,32423700,0.0,0.0
2023-02-24 05:00:00+00:00,89.20746604839424,89.70510896249682,88.4410993017847,88.92878723144531,31295600,0.0,0.0
2023-02-27 05:00:00+00:00,89.66529983697802,90.02360335546858,89.18756687460962,89.67525482177734,22724300,0.0,0.0
2023-02-28 05:00:00+00:00,89.11790156382462,91.0188937091269,89.09799159324385,89.87432098388672,30546900,0.0,0.0
2023-03-01 05:00:00+00:00,89.73497970341688,90.77007034929314,89.42643591324207,90.08332824707031,26323900,0.0,0.0
2023-03-02 05:00:00+00:00,89.43638491738555,92.04403651471844,89.34680524447734,91.87483215332031,23328600,0.0,0.0
2023-03-03 05:00:00+00:00,92.3028023669873,93.66634663777482,92.22318527450915,93.57676696777344,30242500,0.0,0.0
2023-03-06 05:00:00+00:00,93.91517507539227,95.8460320884577,93.85546035323266,95.12942504882812,28288200,0.0,0.0
2023-03-07 05:00:00+00:00,94.97017390075743,95.63701359724607,93.40160698664005,93.72606658935547,24101500,0.0,0.0
2023-03-08 05:00:00+00:00,93.95996386717117,95.786312576485,93.95996386717117,94.20381164550781,25395200,0.0,0.0
2023-03-09 05:00:00+00:00,94.04455763819666,95.46781670437458,91.91962782028254,92.22319030761719,24438900,0.0,0.0
2023-03-10 05:00:00+00:00,92.06393685634582,92.74073150670257,90.37195402716799,90.58096313476562,32850100,0.0,0.0
2023-03-13 04:00:00+00:00,90.138066045361,92.64120936758242,89.51601238489984,91.2279052734375,31508600,0.0,0.0
2023-03-14 04:00:00+00:00,92.63124939918194,94.38295453895668,92.3426156050454,93.8056869506836,32303900,0.0,0.0
2023-03-15 04:00:00+00:00,93.09904359014584,96.79155335178928,92.60140064232174,96.09485626220703,38367300,0.0,0.0
2023-03-16 04:00:00+00:00,96.11475752771521,101.48930282075987,95.41806044618829,100.59354400634766,54499500,0.0,0.0
2023-03-17 04:00:00+00:00,100.36461638769899,103.00212527534774,100.27504431057966,101.97698211669922,76140300,0.0,0.0
2023-03-20 04:00:00+00:00,100.5835843660484,102.09642309224357,100.31486053087639,101.4494857788086,26033900,0.0,0.0
2023-03-21 04:00:00+00:00,101.49925285490033,105.46048622824132,101.37981582099496,105.34104919433594,33122800,0.0,0.0
2023-03-22 04:00:00+00:00,104.64435994502796,107.00319028480114,103.71874374521104,103.72869873046875,32336900,0.0,0.0
2023-03-23 04:00:00+00:00,105.39082807571704,106.59611789679786,104.91309507458631,105.75908660888672,31385800,0.0,0.0
2023-03-24 04:00:00+00:00,105.24152165516549,105.6595474752362,104.2462358240578,105.56001281738281,25236200,0.0,0.0
2023-03-27 04:00:00+00:00,104.8235058717345,104.90313056250179,102.14618449375519,102.57415771484375,25393400,0.0,0.0
2023-03-28 04:00:00+00:00,102.51444752600926,102.51444752600926,99.80726866765536,100.8821792602539,24913500,0.0,0.0
2023-03-29 04:00:00+00:00,102.23576606997473,102.33529313857,100.55373051502896,101.41963195800781,26148300,0.0,0.0
2023-03-30 04:00:00+00:00,100.96179848515672,101.13099525628078,99.81721824541872,100.84236145019531,25009800,0.0,0.0
2023-03-31 04:00:00+00:00,101.23052199061706,103.69883421774004,100.96179815461913,103.50972747802734,28108000,0.0,0.0
2023-04-03 04:00:00+00:00,102.185997622408,104.45524817267045,101.89736381123552,104.41544342041016,20719900,0.0,0.0
2023-04-04 04:00:00+00:00,104.34577187778977,105.59983425918185,104.10690538390568,104.62445831298828,20377200,0.0,0.0
2023-04-05 04:00:00+00:00,105.61974389106048,106.03776215237406,103.61125157152395,104.45525360107422,21864200,0.0,0.0
2023-04-06 04:00:00+00:00,105.27138513441434,109.11318927328242,104.32089288146136,108.38663482666016,34684200,0.0,0.0
2023-04-10 04:00:00+00:00,106.88375189410401,107.46101953690977,105.10218922688338,106.4458236694336,19741500,0.0,0.0
2023-04-11 04:00:00+00:00,106.41596751793713,106.71455632786862,104.78369923541715,105.61974334716797,18721300,0.0,0.0
2023-04-12 04:00:00+00:00,106.8837523483541,107.07982227374721,104.475162289288,104.72398376464844,22761600,0.0,0.0
2023-04-13 04:00:00+00:00,105.96809206602205,107.75462845227459,105.93823470366691,107.67998504638672,21650700,0.0,0.0
2023-04-14 04:00:00+00:00,107.18233993044869,109.06342965518762,107.08280526669972,108.9439926147461,20758700,0.0,0.0
2023-04-17 04:00:00+00:00,104.93298882408622,106.20695351358656,104.82350677169838,105.91831970214844,29043400,0.0,0.0
2023-04-18 04:00:00+00:00,106.49559310303333,106.54536043624745,104.28605715267598,104.62445831298828,17641400,0.0,0.0
2023-04-19 04:00:00+00:00,103.72371218206571,105.22659595576813,103.31067523267343,104.52491760253906,16732000,0.0,0.0
2023-04-20 04:00:00+00:00,104.15667233264995,106.38412117363356,104.14671734735809,105.4007797241211,22515300,0.0,0.0
2023-04-21 04:00:00+00:00,105.58987261863996,106.13728287577679,104.9877289292179,105.41072845458984,22379000,0.0,0.0
2023-04-24 04:00:00+00:00,105.550072136337,106.81408188109054,104.86332243931781,106.27662658691406,21410900,0.0,0.0
2023-04-25 04:00:00+00:00,106.10742347663711,106.93351254210845,104.06708447751939,104.11685180664062,31408100,0.0,0.0
2023-04-26 04:00:00+00:00,105.06237906029263,106.51549558916905,102.78317339716249,103.95761108398438,37068200,0.0,0.0
2023-04-27 04:00:00+00:00,104.73393388158743,108.63545261146601,103.92774717536115,107.859130859375,38235200,0.0,0.0
2023-04-28 04:00:00+00:00,107.29182062110233,107.77950857486836,105.54011535071814,107.7098388671875,23957900,0.0,0.0
2023-05-01 04:00:00+00:00,107.21218734497685,108.1676607995734,106.99322325453072,107.20223236083984,20926300,0.0,0.0
2023-05-02 04:00:00+00:00,107.15248065461844,107.22215036194098,104.00737365336475,105.48040008544922,20343100,0.0,0.0
2023-05-03 04:00:00+00:00,105.71927041933552,107.62026255605073,105.12210039290142,105.61974334716797,17116300,0.0,0.0
2023-05-04 04:00:00+00:00,105.65954585651426,105.79888526326037,104.20642188314228,104.71401977539062,19780600,0.0,0.0
2023-05-05 04:00:00+00:00,104.82350171166144,105.93822455787861,104.24523937756305,105.71427917480469,20705300,0.0,0.0
2023-05-08 04:00:00+00:00,105.29626277265363,107.9088880816198,105.29128907712789,107.729736328125,17266000,0.0,0.0
2023-05-09 04:00:00+00:00,108.26719646482212,110.07364276113574,107.21716956104675,107.43115997314453,24782400,0.0,0.0
2023-05-10 04:00:00+00:00,108.03828967429801,112.97490692724274,107.96861996362168,111.75070190429688,47533500,0.0,0.0
2023-05-11 04:00:00+00:00,115.31382448672181,117.88166392012744,114.388208299956,116.34892272949219,57115100,0.0,0.0
2023-05-12 04:00:00+00:00,116.44844406803567,117.70250636108216,116.00056847437612,117.36410522460938,31272500,0.0,0.0
2023-05-15 04:00:00+00:00,115.940852412348,118.23498671652519,115.93090502061266,116.40863800048828,22107900,0.0,0.0
2023-05-16 04:00:00+00:00,116.27925344035776,120.62864796060592,116.27925344035776,119.52388000488281,32370100,0.0,0.0
2023-05-17 04:00:00+00:00,119.61345113066413,121.70354985109103,118.89684411944845,120.9073257446289,26659600,0.0,0.0
2023-05-18 04:00:00+00:00,120.98693911239828,123.3159118270961,120.91726941031143,122.93769836425781,27014500,0.0,0.0
2023-05-19 04:00:00+00:00,123.61450199846229,125.88275782763722,122.14148316339876,122.66898345947266,30251300,0.0,0.0
2023-05-22 04:00:00+00:00,122.92775897390055,126.4510718375126,122.86803665863356,125.2766342163086,29760200,0.0,0.0
2023-05-23 04:00:00+00:00,124.34106956129973,124.82875753308413,122.46993477628996,122.70880126953125,24477900,0.0,0.0
2023-05-24 04:00:00+00:00,121.30544058223454,122.17134203333526,120.18077026904467,121.06657409667969,23087900,0.0,0.0
2023-05-25 04:00:00+00:00,124.61974038390088,125.38611474082295,122.32063249999149,123.7637939453125,33812700,0.0,0.0
2023-05-26 04:00:00+00:00,123.48014388390779,125.40601961234306,122.70879581601918,124.83870697021484,25154700,0.0,0.0
2023-05-30 04:00:00+00:00,125.69465238976777,125.78422447247827,122.3106789411819,124.05242919921875,27230700,0.0,0.0
2023-05-31 04:00:00+00:00,123.11686019993697,124.31120781084275,122.5196901911984,122.78842163085938,41548800,0.0,0.0
2023-06-01 04:00:00+00:00,122.91779764652478,124.45053870652681,122.71874352171541,123.78369903564453,25017700,0.0,0.0
2023-06-02 04:00:00+00:00,123.90313145245369,126.14750586980081,123.76379204305104,124.6396484375,19362400,0.0,0.0
2023-06-05 04:00:00+00:00,124.02257636414632,127.3866399659389,123.79365726648493,126.03305053710938,22672500,0.0,0.0
2023-06-06 04:00:00+00:00,126.0031848613752,128.27244293769493,125.37615752060624,127.30701446533203,19450100,0.0,0.0
2023-06-07 04:00:00+00:00,126.97359541514106,128.93929113866884,122.05190695268048,122.3604507446289,34179300,0.0,0.0
2023-06-08 04:00:00+00:00,122.0071145659302,123.14672111234258,121.4348282416394,122.09171295166016,24815000,0.0,0.0
2023-06-09 04:00:00+00:00,121.98222771652439,123.69910183143158,121.84288830914471,122.290771484375,20304500,0.0,0.0
2023-06-12 04:00:00+00:00,122.81329413601297,124.16190980405125,121.77322224504714,123.7637939453125,22255700,0.0,0.0
2023-06-13 04:00:00+00:00,125.05767192050398,125.26668104339029,123.26118060940287,123.84342193603516,19287700,0.0,0.0
2023-06-14 04:00:00+00:00,123.21638776054809,124.20171859784494,121.58411962047784,123.79364776611328,24659600,0.0,0.0
2023-06-15 04:00:00+00:00,123.2960141474699,125.56527237038758,122.55950471008445,125.19701385498047,24517100,0.0,0.0
2023-06-16 04:00:00+00:00,126.1027204892562,126.1027204892562,123.20644246891663,123.47516632080078,56686800,0.0,0.0
2023-06-20 04:00:00+00:00,122.95264154792456,124.58490974007022,122.25096319883583,123.26615142822266,22698000,0.0,0.0
2023-06-21 04:00:00+00:00,122.65405787486884,122.82823594386119,120.29025387430032,120.68836975097656,22612000,0.0,0.0
2023-06-22 04:00:00+00:00,120.09118996670323,123.35074493293604,119.03618184029152,123.28605651855469,20781900,0.0,0.0
2023-06-23 04:00:00+00:00,121.46468758352954,122.85808930986228,121.28553582452349,122.4400634765625,29542900,0.0,0.0
2023-06-26 04:00:00+00:00,120.89340133145787,122.14148767141154,118.42906789873011,118.52859497070312,23185000,0.0,0.0
2023-06-27 04:00:00+00:00,117.2844919140977,119.3298048313246,116.35888327651695,118.44898223876953,27221700,0.0,0.0
2023-06-28 04:00:00+00:00,117.40391419306142,120.69830782110898,117.04561069106751,120.50920867919922,19753100,0.0,0.0
2023-06-29 04:00:00+00:00,119.5238843768014,120.34002613379077,118.64803548699471,119.44426727294922,18517500,0.0,0.0
2023-06-30 04:00:00+00:00,120.52912656583602,121.4547427995369,120.31016244272391,120.39974212646484,23865800,0.0,0.0
2023-07-03 04:00:00+00:00,119.75279459109923,120.44949165700562,119.14069591223657,119.99166107177734,13888300,0.0,0.0
2023-07-05 04:00:00+00:00,119.49401840420481,122.78841977763858,119.49401840420481,122.0519027709961,17830300,0.0,0.0
2023-07-06 04:00:00+00:00,120.071298104992,120.57889607285775,118.68785122232768,120.35993194580078,17732500,0.0,0.0
2023-07-07 04:00:00+00:00,120.32009561091418,121.17604197691115,119.52386396096378,119.5736312866211,20982400,0.0,0.0
2023-07-10 04:00:00+00:00,118.5086871355719,118.5086871355719,116.0901421902162,116.31906127929688,32960100,0.0,0.0
2023-07-11 04:00:00+00:00,116.20957942944025,117.66766957312922,115.28396327359579,117.15509796142578,18286600,0.0,0.0
2023-07-12 04:00:00+00:00,118.73760776216187,120.38977836381497,118.43901896269959,119.05609893798828,22059600,0.0,0.0
2023-07-13 04:00:00+00:00,120.9670400962163,124.74414798012141,120.48929955905058,124.24153137207031,31535900,0.0,0.0
2023-07-14 04:00:00+00:00,124.54012446300305,126.49088395541509,124.31121295367358,125.10743713378906,20482800,0.0,0.0
2023-07-17 04:00:00+00:00,125.46573724803083,126.67998725250087,123.91309368476946,124.47045135498047,20675300,0.0,0.0
2023-07-18 04:00:00+00:00,124.31617920879273,124.40077759573606,122.71874965477905,123.49507141113281,21071200,0.0,0.0
2023-07-19 04:00:00+00:00,124.2017369452188,124.87853170767161,121.8926738015732,122.20121002197266,22313800,0.0,0.0
2023-07-20 04:00:00+00:00,121.544308847439,124.11214052954203,118.12549684226903,118.96651458740234,27541700,0.0,0.0
2023-07-21 04:00:00+00:00,120.30020122789568,120.72817443932317,118.50868369321594,119.74283599853516,56498100,0.0,0.0
2023-07-24 04:00:00+00:00,121.35122355348278,122.76850657721761,120.80779226175079,121.30543518066406,22276100,0.0,0.0
2023-07-25 04:00:00+00:00,121.30543734958512,123.10690991179244,120.95708881880307,122.21115112304688,31820800,0.0,0.0
2023-07-26 04:00:00+00:00,129.74544880702894,130.75068193044498,128.10323342174286,129.0487518310547,46216900,0.0,0.0
2023-07-27 04:00:00+00:00,131.17869177075232,132.97020952527186,128.57103224428454,129.25778198242188,35931600,0.0,0.0
2023-07-28 04:00:00+00:00,130.35257361676403,133.43796546264164,130.3028062927618,132.38294982910156,26971000,0.0,0.0
2023-07-31 04:00:00+00:00,132.38297875797917,133.1991205267683,131.5071374489387,132.48251342773438,18381900,0.0,0.0
2023-08-01 04:00:00+00:00,130.23812501712436,132.29339271729313,130.13362425570162,131.26824951171875,22154300,0.0,0.0
2023-08-02 04:00:00+00:00,129.22790930176964,129.8051769090741,127.24729261428382,128.0335693359375,22705800,0.0,0.0
2023-08-03 04:00:00+00:00,127.76485562425611,129.15826509998956,127.17266684819903,128.16297912597656,15018100,0.0,0.0
2023-08-04 04:00:00+00:00,128.98906739563424,131.30807033426711,127.71012128321605,127.93405151367188,20509500,0.0,0.0
2023-08-07 04:00:00+00:00,128.8994710547359,131.43745312948764,128.81984636055205,131.31802368164062,17621000,0.0,0.0
2023-08-08 04:00:00+00:00,130.3625441113529,131.31802526623122,129.516560200799,131.21849060058594,16836000,0.0,0.0
2023-08-09 04:00:00+00:00,131.566844978883,131.8455238147228,128.8945047788988,129.5364532470703,17745200,0.0,0.0
2023-08-10 04:00:00+00:00,131.34787376182086,132.02168422066035,129.42199808776857,129.59617614746094,17855700,0.0,0.0
2023-08-11 04:00:00+00:00,128.5929268909368,129.82509741665174,128.14306178737075,129.55636596679688,15191500,0.0,0.0
2023-08-14 04:00:00+00:00,129.2378800426798,131.28816656444948,128.9790959893854,131.2085418701172,17526200,0.0,0.0
2023-08-15 04:00:00+00:00,130.9696685447909,131.3677920187556,129.20702109553514,129.65589904785156,14769200,0.0,0.0
2023-08-16 04:00:00+00:00,128.6705548060566,130.28092356169924,127.85442829776723,128.50135803222656,17548400,0.0,0.0
2023-08-17 04:00:00+00:00,129.8350539000376,131.866432962945,129.23789142025993,129.8450164794922,23665600,0.0,0.0
2023-08-18 04:00:00+00:00,128.45159153409708,129.21796590382195,126.40130507846943,127.50607299804688,23619400,0.0,0.0
2023-08-21 04:00:00+00:00,127.24730158221088,128.6506507612952,126.56055947050106,128.32220458984375,21851100,0.0,0.0
2023-08-22 04:00:00+00:00,128.5212708756986,130.3326832848051,128.31723544734945,129.07862854003906,15569400,0.0,0.0
2023-08-23 04:00:00+00:00,130.23315609872296,133.43797766580917,129.89474737667268,132.58203125,26497000,0.0,0.0
2023-08-24 04:00:00+00:00,134.09189440607807,134.33374512421491,129.6857615865114,129.80519104003906,18680400,0.0,0.0
2023-08-25 04:00:00+00:00,129.52650330500572,130.78055804159237,127.43639689050404,130.07391357421875,20678100,0.0,0.0
2023-08-28 04:00:00+00:00,131.45735783387545,132.61189307300702,130.23316048190944,131.16871643066406,16715500,0.0,0.0
2023-08-29 04:00:00+00:00,132.37103108273348,136.64777154543356,132.35311059131993,134.85128784179688,30803300,0.0,0.0
2023-08-30 04:00:00+00:00,134.93089557234842,136.60296833218854,134.38447252149422,136.2844696044922,21773400,0.0,0.0
2023-08-31 04:00:00+00:00,136.40392586245238,137.74755261910067,136.17501437416826,136.7025146484375,28147900,0.0,0.0
2023-09-01 04:00:00+00:00,137.77742661928508,137.92672862373806,135.29917432606396,136.15512084960938,16665700,0.0,0.0
2023-09-05 04:00:00+00:00,135.79680506470848,136.72241362411103,134.92094864878234,136.06553649902344,17730200,0.0,0.0
2023-09-06 04:00:00+00:00,136.36909153343186,136.83189581359818,134.05505494574317,134.73184204101562,15814300,0.0,0.0
2023-09-07 04:00:00+00:00,133.96547420196575,135.93613582551458,133.32849190006834,135.55792236328125,16976000,0.0,0.0
2023-09-08 04:00:00+00:00,135.22947547388424,136.8667248513154,135.22947547388424,136.55320739746094,17810700,0.0,0.0
2023-09-11 04:00:00+00:00,136.73237945806582,137.6122148514715,135.9062903528029,137.09068298339844,17180800,0.0,0.0
2023-09-12 04:00:00+00:00,136.48354358551512,136.9911338649846,135.28918850253046,135.4285430908203,15212900,0.0,0.0
2023-09-13 04:00:00+00:00,135.2593431795185,137.05086077654903,134.293914674087,136.851806640625,16394900,0.0,0.0
2023-09-14 04:00:00+00:00,137.73760028150744,138.89213544619693,136.41386835443595,138.33477783203125,19064600,0.0,0.0
2023-09-15 04:00:00+00:00,138.14568371340093,138.70304137845025,136.53331025452835,137.64804077148438,48947600,0.0,0.0
2023-09-18 04:00:00+00:00,136.98119960666872,139.27034496584977,136.98119960666872,138.304931640625,16233600,0.0,0.0
2023-09-19 04:00:00+00:00,137.5982694908963,138.51891194439125,136.85180509944482,138.175537109375,15479100,0.0,0.0
2023-09-20 04:00:00+00:00,138.17555389492696,138.18550128741956,133.88587376750613,133.95553588867188,21473500,0.0,0.0
2023-09-21 04:00:00+00:00,131.76588103190238,132.5621126765059,130.4720065077786,130.74073791503906,22042700,0.0,0.0
2023-09-22 04:00:00+00:00,131.05925230852196,132.3829845020388,129.89476951877987,130.63128662109375,17348700,0.0,0.0
2023-09-25 04:00:00+00:00,130.1535569422465,131.59671863226157,129.41703982100032,131.5469512939453,14650000,0.0,0.0
2023-09-26 04:00:00+00:00,130.2968551990528,130.78553788592035,127.58569747453306,128.83975219726562,20378800,0.0,0.0
2023-09-27 04:00:00+00:00,128.82980455895424,131.09905511203914,128.77008983706102,130.8402862548828,18764200,0.0,0.0
2023-09-28 04:00:00+00:00,130.0738959906491,133.54743350900674,130.0738959906491,132.5023956298828,18201400,0.0,0.0
2023-09-29 04:00:00+00:00,133.44792242163658,134.2541014929729,130.70093906988754,131.2284393310547,23224200,0.0,0.0
2023-10-02 04:00:00+00:00,131.5320048044671,134.72189788558038,131.44243271973966,134.5327911376953,19210400,0.0,0.0
2023-10-03 04:00:00+00:00,134.29390587074533,134.60245722608684,132.1888861207244,132.67160034179688,19628700,0.0,0.0
2023-10-04 04:00:00+00:00,133.02991253441417,135.9261980501909,132.8009858506282,135.6276092529297,22848000,0.0,0.0
2023-10-05 04:00:00+00:00,135.48826213537708,135.85651302517516,133.82115536674453,135.3489227294922,15922900,0.0,0.0
2023-10-06 04:00:00+00:00,134.3038772759261,138.5298632526382,134.3038772759261,138.0760040283203,20819300,0.0,0.0
2023-10-09 04:00:00+00:00,137.33950053589038,139.31016227556893,136.05557327888786,138.84237670898438,16599100,0.0,0.0
2023-10-10 04:00:00+00:00,138.85231362756124,140.07652607085404,137.77740316330343,138.5437774658203,19554900,0.0,0.0
2023-10-11 04:00:00+00:00,139.19071296588902,141.54953524468698,139.18075038917712,141.031982421875,20146300,0.0,0.0
2023-10-12 04:00:00+00:00,141.48984173895988,141.70880584347444,138.7926103716341,139.62864685058594,18173100,0.0,0.0
2023-10-13 04:00:00+00:00,139.98696129217092,140.67371102020667,137.3196022644556,137.92672729492188,19438700,0.0,0.0
2023-10-16 04:00:00+00:00,139.07130123157899,140.2407652575972,138.66324553499976,139.82772827148438,17345600,0.0,0.0
2023-10-17 04:00:00+00:00,139.369866867257,140.5841167364959,137.87595104832158,140.32534790039062,17424000,0.0,0.0
2023-10-18 04:00:00+00:00,140.08648451213176,141.32064444330823,138.05112675496449,138.6234130859375,18304900,0.0,0.0
2023-10-19 04:00:00+00:00,139.14097082318807,140.34029214619687,137.94663078943668,138.3248291015625,21831200,0.0,0.0
2023-10-20 04:00:00+00:00,137.9366677320261,138.38454334477072,135.60272110702797,136.09539794921875,24953900,0.0,0.0
2023-10-23 04:00:00+00:00,135.58778295096647,138.3646388922732,134.47306769281525,137.24990844726562,20780700,0.0,0.0
2023-10-24 04:00:00+00:00,138.50397627049855,140.0466723056404,138.0959054455976,139.45944213867188,26535200,0.0,0.0
2023-10-25 04:00:00+00:00,129.15825302346772,129.4866991866048,125.49559308439838,126.07286071777344,58796100,0.0,0.0
2023-10-26 04:00:00+00:00,123.883228825173,124.86855967349787,121.74336276593957,122.85808563232422,33907400,0.0,0.0
2023-10-27 04:00:00+00:00,123.44530280374534,123.85337364723375,120.88741847208745,122.81827545166016,37367700,0.0,0.0
2023-10-30 04:00:00+00:00,123.87328393415967,125.95343544281683,123.29601628166832,125.1572036743164,24165600,0.0,0.0
2023-10-31 04:00:00+00:00,125.67474865303717,125.96338247846661,123.34080956999632,124.7093276977539,21123400,0.0,0.0
2023-11-01 04:00:00+00:00,124.74912943118413,127.13781707865934,124.33609247029821,126.96862030029297,26536600,0.0,0.0
2023-11-02 04:00:00+00:00,128.9492376152502,129.476737922561,127.50607611059127,127.97386169433594,24091700,0.0,0.0
2023-11-03 04:00:00+00:00,128.48145214340522,130.1137203986835,128.40182744962854,129.7554168701172,19517900,0.0,0.0
2023-11-06 05:00:00+00:00,129.60614003545646,130.93981958842548,129.3174985999452,130.83033752441406,15360400,0.0,0.0
2023-11-07 05:00:00+00:00,131.35781491857486,132.651689488922,130.52177849595893,131.7758331298828,19223800,0.0,0.0
2023-11-08 05:00:00+00:00,131.73603894887614,132.91046899102855,131.5369848113588,132.6317901611328,15093600,0.0,0.0
2023-11-09 05:00:00+00:00,132.73132418834552,133.32850178489792,130.89003925468984,131.06919860839844,17976500,0.0,0.0
2023-11-10 05:00:00+00:00,130.9099521994189,133.63704101159271,130.2530598656544,133.4280242919922,20872900,0.0,0.0
2023-11-13 05:00:00+00:00,132.73131569610345,133.47778005060607,132.14410071540684,133.00999450683594,16409900,0.0,0.0
2023-11-14 05:00:00+00:00,135.01051377531735,136.5930297519878,134.46311873042313,134.7915496826172,22317300,0.0,0.0
2023-11-15 05:00:00+00:00,135.99585992196248,136.19491405749716,134.69203786932476,135.73709106445312,15840900,0.0,0.0
2023-11-16 05:00:00+00:00,136.31435494103724,138.22530192598109,135.43849854453342,138.046142578125,17615100,0.0,0.0
2023-11-17 05:00:00+00:00,137.17032063082542,137.34946481698145,134.84133990278568,136.29446411132812,25565300,0.0,0.0
2023-11-20 05:00:00+00:00,134.86123125772718,137.77244537575424,134.85128386660017,137.2698211669922,19569400,0.0,0.0
2023-11-21 05:00:00+00:00,137.28973511598127,138.30989705634093,137.0558423294347,137.96652221679688,17648100,0.0,0.0
2023-11-22 05:00:00+00:00,138.44427834593247,140.43485019742334,138.34474367861472,139.3599395751953,17306400,0.0,0.0
2023-11-24 05:00:00+00:00,138.8821899210185,139.01855271753246,136.82195597377654,137.56842041015625,8828600,0.0,0.0
2023-11-27 05:00:00+00:00,136.9214675331127,138.9717537424646,136.89159498878962,137.39920043945312,17886400,0.0,0.0
2023-11-28 05:00:00+00:00,136.9811989266767,138.00634215617256,136.39396872231362,137.96652221679688,17046900,0.0,0.0
2023-11-29 05:00:00+00:00,138.32980921817492,139.0115776189309,135.65248775987334,135.75698852539062,21014700,0.0,0.0
2023-11-30 05:00:00+00:00,135.75697017831132,136.31434295507702,132.1639880145796,133.28866577148438,29913500,0.0,0.0
2023-12-01 05:00:00+00:00,132.69151306152344,132.87065721976913,131.5290047636909,132.69151306152344,24258400,0.0,0.0
2023-12-04 05:00:00+00:00,130.67506191191268,130.83031714371106,128.7899781887193,130.01419067382812,24117100,0.0,0.0
2023-12-05 05:00:00+00:00,129.75541788842193,132.91047236815325,129.118435520067,131.76589965820312,19235100,0.0,0.0
2023-12-06 05:00:00+00:00,132.27348093316925,132.68155176893464,130.69098010591114,130.81040954589844,16360600,0.0,0.0
2023-12-07 05:00:00+00:00,135.95606292142094,139.34002897902553,135.58779680348442,137.79733276367188,38419400,0.0,0.0
2023-12-08 05:00:00+00:00,135.02048893776958,137.33950690889154,134.93091685154977,135.99586486816406,22990900,0.0,0.0
2023-12-11 05:00:00+00:00,133.18914605167143,134.15455925506814,132.26352240911257,134.0649871826172,24502900,0.0,0.0
2023-12-12 05:00:00+00:00,132.6417436184086,133.90574565749662,132.20381543387006,133.00999450683594,26584000,0.0,0.0
2023-12-13 05:00:00+00:00,133.91074156374572,134.14463436116208,132.32325931493529,133.3384552001953,25414500,0.0,0.0
2023-12-14 05:00:00+00:00,134.13467327691998,134.39842340990367,130.4421562282918,132.5720672607422,29619100,0.0,0.0
2023-12-15 05:00:00+00:00,132.29338431319312,134.19438380154608,132.00475811864672,133.20904541015625,58569400,0.0,0.0
2023-12-18 05:00:00+00:00,133.2289700836682,137.72766656691908,133.1393979982521,136.54327392578125,25699800,0.0,0.0
2023-12-19 05:00:00+00:00,137.3494552026944,138.11582960360928,136.8020449163266,137.44898986816406,20661000,0.0,0.0
2023-12-20 05:00:00+00:00,139.6684570902229,142.4035035415894,138.75279598350446,139.00161743164062,33507300,0.0,0.0
2023-12-21 05:00:00+00:00,140.10640274129122,141.36045752902064,139.81080573991832,141.1315460205078,18101500,0.0,0.0
2023-12-22 05:00:00+00:00,141.4599956331026,142.5747110270623,141.3853370380521,142.04721069335938,18494700,0.0,0.0
2023-12-26 05:00:00+00:00,142.3059627052774,143.26642506638242,141.82822976260738,142.146728515625,11170100,0.0,0.0
2023-12-27 05:00:00+00:00,142.1567013282817,142.6443969359828,140.38608060750633,140.77325439453125,17288400,0.0,0.0
2023-12-28 05:00:00+00:00,141.18131869674727,141.59933697514373,140.16413329255334,140.61399841308594,12192500,0.0,0.0
2023-12-29 05:00:00+00:00,140.016818773746,140.7682645183707,139.24049695536024,140.26564025878906,14872700,0.0,0.0
2024-01-02 05:00:00+00:00,138.9419195505414,139.95213414491474,137.0906871446073,138.902099609375,20071900,0.0,0.0
2024-01-03 05:00:00+00:00,137.94662090327196,140.4248728786553,137.7774089492218,139.6983184814453,18974300,0.0,0.0
2024-01-04 05:00:00+00:00,139.19073184994926,139.97201969823868,137.3593943485074,137.38925170898438,18253300,0.0,0.0
2024-01-05 05:00:00+00:00,137.69979542310543,138.15562893957002,136.2048771424727,136.74232482910156,15433200,0.0,0.0
2024-01-08 05:00:00+00:00,137.34946612153567,139.97702051812547,137.23003666296398,139.86753845214844,17645300,0.0,0.0
2024-01-09 05:00:00+00:00,139.3997249840765,142.1268135094218,139.13099356909962,141.887939453125,19579700,0.0,0.0
2024-01-10 05:00:00+00:00,141.8481513461947,143.8436892574364,141.78843662182845,143.1221160888672,16641900,0.0,0.0
2024-01-11 05:00:00+00:00,144.21195284389037,145.9686318269066,141.54457876966245,142.9927215576172,17471100,0.0,0.0
2024-01-12 05:00:00+00:00,143.65954754323806,144.05767097207072,142.68417171959598,143.56002807617188,13995200,0.0,0.0
2024-01-16 05:00:00+00:00,142.7538424377146,145.15248498546094,142.38161257583326,143.40078735351562,19198900,0.0,0.0
2024-01-17 05:00:00+00:00,142.23631011659492,142.7339530613565,139.84761486962495,142.21640014648438,17884500,0.0,0.0
2024-01-18 05:00:00+00:00,142.76382226063944,144.89871492300549,142.6742501680011,144.3065185546875,18876800,0.0,0.0
2024-01-19 05:00:00+00:00,145.61528626488587,147.34210778973952,145.1126772471203,147.27244567871094,27170900,0.0,0.0
2024-01-22 05:00:00+00:00,148.00897303488966,149.3078138461343,146.88429510685154,147.01368713378906,21829200,0.0,0.0
2024-01-23 05:00:00+00:00,147.02362953102596,148.15825481226227,146.49612923631082,147.97909545898438,14113600,0.0,0.0
2024-01-24 05:00:00+00:00,149.5815054429125,150.85548531754347,149.133629842608,149.6412353515625,19245000,0.0,0.0
2024-01-25 05:00:00+00:00,151.02468856484268,154.03044106087503,150.50713564235818,152.9157257080078,21495100,0.0,0.0
2024-01-26 05:00:00+00:00,152.14935645979352,153.3835164900002,152.07969434131007,153.0650177001953,19494500,0.0,0.0
2024-01-29 05:00:00+00:00,152.9157216297378,154.46836516892455,152.19911458290434,154.1100616455078,20909300,0.0,0.0
2024-01-30 05:00:00+00:00,153.28397240673996,154.3091156448154,152.05479374151358,152.32850646972656,26578900,0.0,0.0
2024-01-31 05:00:00+00:00,144.70461881649027,144.90367296245176,140.8827245413415,141.1315460205078,43908600,0.0,0.0
2024-02-01 05:00:00+00:00,143.012637923415,143.93824654999406,141.5893711442408,142.03726196289062,25526900,0.0,0.0
2024-02-02 05:00:00+00:00,140.22582554692482,143.20173576400992,137.51864676692574,142.8633270263672,42116900,0.0,0.0
2024-02-05 05:00:00+00:00,143.36096137339672,145.9785679131842,143.23158454517412,144.24676513671875,29254400,0.0,0.0
2024-02-06 05:00:00+00:00,145.27192807232922,146.04824981356242,143.8387140310197,144.72451782226562,21517700,0.0,0.0
2024-02-07 05:00:00+00:00,145.4311677284784,146.30702416148435,144.52546912091884,145.988525390625,21436100,0.0,0.0
2024-02-08 05:00:00+00:00,146.27717948532216,146.9141618954231,145.72976916722166,146.5260009765625,18241300,0.0,0.0
2024-02-09 05:00:00+00:00,147.25255272851453,149.98462297837207,146.73499978408023,149.51185607910156,21877700,0.0,0.0
2024-02-12 05:00:00+00:00,148.835033446871,149.88008658545624,147.85965760472433,148.0288543701172,17236100,0.0,0.0
2024-02-13 05:00:00+00:00,145.38141905454472,147.34211831038104,144.42593790601492,145.67999267578125,18138500,0.0,0.0
2024-02-14 05:00:00+00:00,146.6752921416363,147.1331303812992,144.8688456318203,146.44638061523438,16651800,0.0,0.0
2024-02-15 05:00:00+00:00,143.77901228707154,144.07758591691123,141.21117276244362,143.26145935058594,26724300,0.0,0.0
2024-02-16 05:00:00+00:00,143.53018313134746,143.79889938383792,140.85286168995205,141.0917205810547,21849700,0.0,0.0
2024-02-20 05:00:00+00:00,140.2755779732981,142.65330800872974,140.13623857384684,141.52963256835938,18625600,0.0,0.0
2024-02-21 05:00:00+00:00,141.9675710448689,143.30125042031312,141.24101663688162,143.1619110107422,16499600,0.0,0.0
2024-02-22 05:00:00+00:00,145.43114992765635,145.51077461062508,143.33109637327877,144.6349334716797,23024700,0.0,0.0
2024-02-23 05:00:00+00:00,144.28660367721258,145.2669609338235,144.10744431116856,144.60508728027344,14519400,0.0,0.0
2024-02-26 05:00:00+00:00,142.77375737709573,143.16191826534566,138.08596935645082,138.09591674804688,33513000,0.0,0.0
2024-02-27 05:00:00+00:00,138.7528254228512,139.82773612928725,137.84711151462372,139.4395751953125,22364000,0.0,0.0
2024-02-28 05:00:00+00:00,138.44426039590113,138.62340454961648,135.99585065379915,136.78211975097656,30628700,0.0,0.0
2024-02-29 05:00:00+00:00,137.6977814659761,139.29022945994205,136.92145984171114,139.12103271484375,35485000,0.0,0.0
2024-03-01 05:00:00+00:00,138.95186334114246,139.3400242297367,137.32457638258526,137.4290771484375,28522000,0.0,0.0
2024-03-04 05:00:00+00:00,135.89633296388092,135.9859202387782,132.23368806448792,133.56736755371094,43571500,0.0,0.0
2024-03-05 05:00:00+00:00,132.1142471825488,133.38821183618217,130.92985460920454,133.1493377685547,28447600,0.0,0.0
2024-03-06 05:00:00+00:00,133.6071926793538,134.1048356591366,131.32797932730784,131.9351043701172,23175200,0.0,0.0
2024-03-07 05:00:00+00:00,133.25882080682047,135.17973037946277,132.0346234732147,134.6024627685547,24107300,0.0,0.0
2024-03-08 05:00:00+00:00,134.39843325406335,138.32980946619315,134.16454046339086,135.6475067138672,26472400,0.0,0.0
2024-03-11 04:00:00+00:00,136.42385428799162,139.32012489936827,136.42385428799162,138.2850341796875,22536400,0.0,0.0
2024-03-12 04:00:00+00:00,137.59825537019339,139.61868423409845,137.55845062228457,138.9617919921875,19019700,0.0,0.0
2024-03-13 04:00:00+00:00,139.39973986924898,141.51970368304296,139.34997253718265,140.1063995361328,19637000,0.0,0.0
2024-03-14 04:00:00+00:00,141.62916958863315,144.0477067453202,140.81800924770826,143.6595458984375,36117900,0.0,0.0
2024-03-15 04:00:00+00:00,142.73394628866993,143.659554832315,140.46469578318113,141.49978637695312,41025900,0.0,0.0
2024-03-18 04:00:00+00:00,148.6658637397066,152.20907944072047,147.44166622207743,147.78005981445312,47676700,0.0,0.0
2024-03-19 04:00:00+00:00,148.2776873792264,148.91466974023234,146.31697296442448,147.22268676757812,17748400,0.0,0.0
2024-03-20 04:00:00+00:00,148.08857668370393,149.05400518452484,146.9688800892644,148.97438049316406,17730000,0.0,0.0
2024-03-21 04:00:00+00:00,149.6113717776666,150.59171373115205,147.31224877611422,148.038818359375,19843900,0.0,0.0
2024-03-22 04:00:00+00:00,149.5317488047315,151.84080403684533,149.38244681787967,151.05453491210938,19226300,0.0,0.0
2024-03-25 04:00:00+00:00,150.2384000856177,150.74201145898448,148.09854152495535,150.4374542236328,15114700,0.0,0.0
2024-03-26 04:00:00+00:00,150.5270250736556,152.47777667499716,150.31800838008408,150.98484802246094,19312700,0.0,0.0
2024-03-27 04:00:00+00:00,151.42779033201487,151.9702193710295,149.4222896811463,151.2237548828125,16622000,0.0,0.0
2024-03-28 04:00:00+00:00,151.28346744318867,151.9503072206797,150.61662766569765,151.542236328125,21105600,0.0,0.0
2024-04-01 04:00:00+00:00,151.11425439135942,156.25988048029402,150.93509503886602,155.76223754882812,24469800,0.0,0.0
2024-04-02 04:00:00+00:00,154.02049278342562,155.25465276475865,152.7365806566567,155.1352081298828,17598100,0.0,0.0
2024-04-03 04:00:00+00:00,154.18968157696656,155.8120023671829,153.40540191838465,155.63284301757812,17266200,0.0,0.0
2024-04-04 04:00:00+00:00,154.34895226600653,155.44375773660943,151.16404015365256,151.2237548828125,24184800,0.0,0.0
2024-04-05 04:00:00+00:00,150.96495390021258,154.1100609031813,150.36877863435,153.2143096923828,16289800,0.0,0.0
2024-04-08 04:00:00+00:00,153.2889482511509,155.91650226489386,153.26407217985934,155.4039306640625,16641500,0.0,0.0
2024-04-09 04:00:00+00:00,156.6082316080211,159.1362509369547,155.90157198567948,157.39450073242188,21538100,0.0,0.0
2024-04-10 04:00:00+00:00,157.1357273972165,157.41440620703668,155.46363935143927,156.91676330566406,16339200,0.0,0.0
2024-04-11 04:00:00+00:00,157.59356552547138,160.36045910838484,157.18549466223584,160.03201293945312,17841700,0.0,0.0
2024-04-12 04:00:00+00:00,158.65354275354042,160.93772200076836,157.8523449185831,158.43955993652344,16968200,0.0,0.0
2024-04-15 04:00:00+00:00,159.5244244018962,160.0718346896375,155.41388873477973,155.59304809570312,21140900,0.0,0.0
2024-04-16 04:00:00+00:00,154.90628390086408,156.48878470454247,154.3190689138674,155.26458740234375,15413200,0.0,0.0
2024-04-17 04:00:00+00:00,156.44899335301892,157.9329619598977,155.39895882932524,156.1404571533203,16237800,0.0,0.0
2024-04-18 04:00:00+00:00,156.1852460490335,157.73788965449194,155.47362026100805,156.7177276611328,14016100,0.0,0.0
2024-04-19 04:00:00+00:00,157.00634522902195,157.24521930392896,153.18445115165247,154.9859161376953,20063900,0.0,0.0
2024-04-22 04:00:00+00:00,155.2745415611511,158.43457720422234,154.92620062224327,157.2053985595703,17243900,0.0,0.0
2024-04-23 04:00:00+00:00,157.84237520917472,159.72346480936866,157.2203215690728,159.16610717773438,16115400,0.0,0.0
2024-04-24 04:00:00+00:00,158.340026580058,160.6291871352953,158.0713103277153,160.34056091308594,19485700,0.0,0.0
2024-04-25 04:00:00+00:00,152.63704010672708,157.53384471581393,152.04783561586922,157.2053985595703,36197800,0.0,0.0
2024-04-26 04:00:00+00:00,175.16037649944792,175.58834216017274,170.59200253322018,172.8712158203125,56500800,0.0,0.0
2024-04-29 04:00:00+00:00,169.96497073841974,170.5720957211152,166.27245351182466,167.10848999023438,35914600,0.0,0.0
2024-04-30 04:00:00+00:00,166.59094976939298,169.06920180643567,163.72452167301353,163.86386108398438,29420800,0.0,0.0
2024-05-01 04:00:00+00:00,165.39659955094953,168.01420626410095,164.12263484487258,164.78948974609375,25223200,0.0,0.0
2024-05-02 04:00:00+00:00,165.8842928390392,167.73552515030133,164.9089169463527,167.66586303710938,17041100,0.0,0.0
2024-05-03 04:00:00+00:00,168.74076974533335,169.04932114032962,164.20226833832118,168.19337463378906,22767100,0.0,0.0
2024-05-06 04:00:00+00:00,168.42226348516482,169.09905053623592,167.09853155507523,169.02938842773438,15147900,0.0,0.0
2024-05-07 04:00:00+00:00,169.31803249892306,172.65224633966483,169.1986030506817,172.16455078125,21102400,0.0,0.0
2024-05-08 04:00:00+00:00,169.9450480790918,171.09858090402184,169.71812607859013,170.35311889648438,14569900,0.0,0.0
2024-05-09 04:00:00+00:00,170.3431678671801,171.62709512370475,169.12891791013897,170.77114868164062,11937700,0.0,0.0
2024-05-10 04:00:00+00:00,168.89006596861205,170.53228162077622,167.11845829029107,169.4872283935547,18740500,0.0,0.0
2024-05-13 04:00:00+00:00,165.06518671425982,170.14412768572356,164.9785912490824,170.0943603515625,19648600,0.0,0.0
2024-05-14 04:00:00+00:00,170.78109802770155,171.96549063762274,169.61661538741166,171.11949157714844,18729500,0.0,0.0
2024-05-15 04:00:00+00:00,171.48774932095938,173.2255205444955,171.21901789802692,173.060302734375,20958200,0.0,0.0
2024-05-16 04:00:00+00:00,173.77692289985708,175.5087106331646,173.22951262162755,174.60299682617188,17247300,0.0,0.0
2024-05-17 04:00:00+00:00,174.722435954081,176.65825905676155,174.15511572356067,176.4542236328125,16546400,0.0,0.0
2024-05-20 04:00:00+00:00,176.47414073902465,179.1016949111226,176.3895499420499,177.6187286376953,17495100,0.0,0.0
2024-05-21 04:00:00+00:00,177.55899348782262,178.97231279047915,176.474135532202,178.69361877441406,14706000,0.0,0.0
2024-05-22 04:00:00+00:00,177.55898166062008,178.00886190082392,175.94662351519383,177.16087341308594,16189400,0.0,0.0
2024-05-23 04:00:00+00:00,177.93720584610716,179.06188373408688,173.71718830847908,174.2347412109375,14928400,0.0,0.0
2024-05-24 04:00:00+00:00,175.6878860636416,176.46818687286654,174.37410127570018,175.498779296875,11400600,0.0,0.0
2024-05-28 04:00:00+00:00,174.91155073890857,177.6684817663742,174.85182082753647,177.18080139160156,15655300,0.0,0.0
2024-05-29 04:00:00+00:00,175.97650563997246,177.389809860529,175.42909533243267,176.563720703125,15023800,0.0,0.0
2024-05-30 04:00:00+00:00,175.8570710684257,175.8570710684257,172.41337511409716,172.7418212890625,18844000,0.0,0.0
2024-05-31 04:00:00+00:00,172.58255029510445,173.59774605548205,170.16401310971617,173.13992309570312,28085200,0.0,0.0
2024-06-03 04:00:00+00:00,173.06031536329505,175.03097717260903,171.63704864383791,173.59776306152344,20742800,0.0,0.0
2024-06-04 04:00:00+00:00,173.6276105780023,174.3641275618965,172.40341325539,174.30441284179688,14066600,0.0,0.0
2024-06-05 04:00:00+00:00,175.70279368634698,177.13102647161713,174.46365245832024,176.2352752685547,15233900,0.0,0.0
2024-06-06 04:00:00+00:00,176.59355525115092,177.867535069039,176.37460634328087,177.5092315673828,14255800,0.0,0.0
2024-06-07 04:00:00+00:00,177.61872166754497,178.5741875907091,174.9612950507807,175.12054443359375,14716300,0.0,0.0
2024-06-10 04:00:00+00:00,175.81804276819278,177.830812412341,173.7554643619359,175.99740600585938,17122200,0.2,0.0
2024-06-11 04:00:00+00:00,177.08348570749644,177.75108423529036,174.81165288916708,177.5518035888672,14402400,0.0,0.0
2024-06-12 04:00:00+00:00,179.10622257947298,181.42787947273285,177.14327694877989,178.91690063476562,18600400,0.0,0.0
2024-06-13 04:00:00+00:00,177.2030457535148,177.87064426133762,176.0272793318939,176.10699462890625,15956900,0.0,0.0
2024-06-14 04:00:00+00:00,175.22219861523934,178.08988193795201,175.22219861523934,177.73117065429688,12361600,0.0,0.0
2024-06-17 04:00:00+00:00,176.3461379133103,179.27561067019667,175.85790258992213,178.1396942138672,15272900,0.0,0.0
2024-06-18 04:00:00+00:00,178.14965455035454,178.26923510757547,174.99100977195764,175.8180389404297,15640300,0.0,0.0
2024-06-20 04:00:00+00:00,176.0771288124205,178.09985725433654,175.82802417470535,177.07354736328125,16753200,0.0,0.0
2024-06-21 04:00:00+00:00,177.8507453258578,181.85832853145462,177.42227746039913,179.61439514160156,59728000,0.0,0.0
2024-06-24 04:00:00+00:00,180.6307370908269,181.4278748991179,179.58449466770367,180.14248657226562,18198300,0.0,0.0
2024-06-25 04:00:00+00:00,180.49623069074562,185.08473355620472,180.45636543703452,184.91534423828125,18917700,0.0,0.0
2024-06-26 04:00:00+00:00,183.5402622680096,185.26406180555398,183.33102292285417,184.70606994628906,13375700,0.0,0.0
2024-06-27 04:00:00+00:00,184.98010536766324,186.82845731487285,184.78579647406917,186.1907501220703,13025700,0.0,0.0
2024-06-28 04:00:00+00:00,185.05484233965822,185.9117628453365,182.6684158097748,182.76307678222656,23032400,0.0,0.0
2024-07-01 04:00:00+00:00,183.8192649768011,184.67618542202868,182.07553275022136,183.82923889160156,11815900,0.0,0.0
2024-07-02 04:00:00+00:00,182.8128970182058,186.2804290197841,182.4043617984991,185.941650390625,12555500,0.0,0.0
2024-07-03 04:00:00+00:00,185.63276432631835,186.94802880286505,184.72103291035663,186.71885681152344,7409100,0.0,0.0
2024-07-05 04:00:00+00:00,186.6491104769195,191.5714048253656,186.6491104769195,191.27249145507812,14303400,0.0,0.0
2024-07-08 04:00:00+00:00,190.67963062540326,190.99250141053892,188.6419566291613,189.79779052734375,12097600,0.0,0.0
2024-07-09 04:00:00+00:00,191.06324032448242,192.16926542683404,189.54868000321284,189.7579345703125,10198500,0.0,0.0
2024-07-10 04:00:00+00:00,190.06682303638334,192.61765188536268,189.9372837700379,191.96998596191406,12052900,0.0,0.0
2024-07-11 04:00:00+00:00,190.65470480345505,191.7208798554092,186.15090430376924,186.62918090820312,16452000,0.0,0.0
2024-07-12 04:00:00+00:00,186.25053618384166,188.01420111013582,185.4733310036047,186.1110382080078,14449100,0.0,0.0
2024-07-15 04:00:00+00:00,185.82208288068784,189.21985825223288,185.82208288068784,187.5159912109375,12186000,0.0,0.0
2024-07-16 04:00:00+00:00,188.28323149134974,189.65827857329185,184.45697320018698,184.8356170654297,12760100,0.0,0.0
2024-07-17 04:00:00+00:00,184.0185620689277,184.5665952870992,180.96952387855154,181.9659423828125,17376600,0.0,0.0
2024-07-18 04:00:00+00:00,182.88264501899772,183.39082818525517,177.57174778728617,178.578125,17877200,0.0,0.0
2024-07-19 04:00:00+00:00,179.7239833410327,181.31825887509234,178.21939701881587,178.74749755859375,14485900,0.0,0.0
2024-07-22 04:00:00+00:00,181.69691040759497,183.63992334392967,181.2485099418617,182.69332885742188,16303900,0.0,0.0
2024-07-23 04:00:00+00:00,183.18155927979657,184.55662156919473,182.6733913574331,182.9424285888672,23772600,0.0,0.0
2024-07-24 04:00:00+00:00,174.7618344929483,177.31266333834552,172.94836078735528,173.7454833984375,31250700,0.0,0.0
2024-07-25 04:00:00+00:00,173.62590413013808,174.57249855802573,168.4445315527349,168.55413818359375,28967900,0.0,0.0
2024-07-26 04:00:00+00:00,168.1655559201212,169.23171581795833,165.27096136954532,168.07586669921875,25150100,0.0,0.0
2024-07-29 04:00:00+00:00,169.8893413710137,171.54339960461624,169.1121362162633,170.51708984375,13768900,0.0,0.0
2024-07-30 04:00:00+00:00,171.2145849810346,172.33056878553097,169.51070273282616,171.24447631835938,13681400,0.0,0.0
2024-07-31 04:00:00+00:00,174.29351108109944,175.27997080668484,171.10497512525495,172.52984619140625,15650200,0.0,0.0
2024-08-01 04:00:00+00:00,171.36403381575482,175.05077889023,169.89929753739804,171.8323516845703,17177800,0.0,0.0
2024-08-02 04:00:00+00:00,167.58762038247167,169.60038989475044,165.7940641440123,167.79685974121094,18907800,0.0,0.0
2024-08-05 04:00:00+00:00,156.8063740057358,165.3456878229132,156.0391427100353,160.06466674804688,34907800,0.0,0.0
2024-08-06 04:00:00+00:00,160.36857505755367,161.76854176630374,157.56365468246898,159.9650115966797,36146500,0.0,0.0
2024-08-07 04:00:00+00:00,162.65535811810648,164.19979459850455,159.66610267866855,160.1742706298828,19334200,0.0,0.0
2024-08-08 04:00:00+00:00,161.7625449521268,164.90724730098054,161.4496741925987,163.25318908691406,15733600,0.0,0.0
2024-08-09 04:00:00+00:00,161.06607082428397,164.92719246706665,160.35362004988897,164.7976531982422,13549200,0.0,0.0
2024-08-12 04:00:00+00:00,165.40048221300762,166.10295907223568,162.96424691360264,163.36280822753906,12435000,0.0,0.0
2024-08-13 04:00:00+00:00,164.5933665366997,165.94350917516414,164.17985960166163,165.335693359375,12717600,0.0,0.0
2024-08-14 04:00:00+00:00,163.62187659072688,164.36919041099168,158.9586304461226,161.44967651367188,22515900,0.0,0.0
2024-08-15 04:00:00+00:00,161.62904857869057,162.93435435683165,160.9116260556583,162.58560180664062,18392500,0.0,0.0
2024-08-16 04:00:00+00:00,162.82474029317686,166.35205486717328,162.49592038476501,164.1499786376953,16853100,0.0,0.0
2024-08-19 04:00:00+00:00,166.40188000248637,167.8666163302166,165.49513557024594,167.79685974121094,13100800,0.0,0.0
2024-08-20 04:00:00+00:00,168.1356603745316,169.79967741743286,168.05594507135712,168.35487365722656,12622500,0.0,0.0
2024-08-21 04:00:00+00:00,166.39191015680808,168.03599439629477,165.9734162631958,167.0296173095703,15269600,0.0,0.0
2024-08-22 04:00:00+00:00,168.43456638911738,168.81321026159983,164.43893391865004,164.8972930908203,19123800,0.0,0.0
2024-08-23 04:00:00+00:00,165.95348442898648,167.34846408100543,165.06667267788774,166.830322265625,14281600,0.0,0.0
2024-08-26 04:00:00+00:00,167.55273721213987,168.7733558511077,165.72431793652402,167.3285369873047,11990300,0.0,0.0
2024-08-27 04:00:00+00:00,167.0097091779591,167.6424294663076,165.56490536104474,165.78411865234375,13718200,0.0,0.0
2024-08-28 04:00:00+00:00,166.18266038398477,166.79047621925304,162.69519596618224,163.91082763671875,15208700,0.0,0.0
2024-08-29 04:00:00+00:00,165.46525036551398,167.02963467718953,161.40185288464895,162.8147735595703,17133800,0.0,0.0
2024-08-30 04:00:00+00:00,163.63183445295118,164.68803554745267,162.8247379639128,164.51864624023438,18498800,0.0,0.0
2024-09-03 04:00:00+00:00,162.73008178971705,162.794851421707,157.2896303563664,158.04193115234375,26533100,0.0,0.0
2024-09-04 04:00:00+00:00,157.5088470400444,159.82551694837377,156.87612678333463,157.2447967529297,17410700,0.0,0.0
2024-09-05 04:00:00+00:00,157.2148967624086,160.43831095253145,156.95583344724037,158.03196716308594,14139500,0.0,0.0
2024-09-06 04:00:00+00:00,158.1216466586556,158.64974722214538,151.39083514674604,151.58514404296875,24999100,0.0,0.0
2024-09-09 04:00:00+00:00,153.28128945081107,154.28899143236174,147.86360676197722,149.2005615234375,28057700,0.2,0.0
2024-09-10 04:00:00+00:00,151.10622848372844,151.95430520263582,149.20355939783312,149.66949462890625,20401800,0.0,0.0
2024-09-11 04:00:00+00:00,150.74703500975997,152.13387922005617,148.36246071366355,151.80462646484375,18991500,0.0,0.0
2024-09-12 04:00:00+00:00,154.4585967034471,155.25678384046466,153.15157268835566,155.1869354248047,21024100,0.0,0.0
2024-09-13 04:00:00+00:00,156.0070756210139,158.91345784103444,155.755648728388,158.01051330566406,16733900,0.0,0.0
2024-09-16 04:00:00+00:00,157.9706143292006,158.8785524071565,157.25224741303262,158.62911987304688,14157600,0.0,0.0
2024-09-17 04:00:00+00:00,159.7266123117633,161.22320750164613,159.0481631332768,159.9161834716797,12064800,0.0,0.0
2024-09-18 04:00:00+00:00,160.48489453662953,161.26312280572637,159.29759326798978,160.44497680664062,16756500,0.0,0.0
2024-09-19 04:00:00+00:00,164.4458917934048,164.6155040932057,162.15310375152245,162.86947631835938,17548200,0.0,0.0
2024-09-20 04:00:00+00:00,164.14655838906322,164.37603204660826,162.8095885003916,164.2662811279297,46362700,0.0,0.0
2024-09-23 04:00:00+00:00,164.96469605302332,166.23181758098326,162.58012165110702,162.69985961914062,15648400,0.0,0.0
2024-09-24 04:00:00+00:00,163.87717066392423,164.176492741931,161.6622086004887,163.2685546875,18774100,0.0,0.0
2024-09-25 04:00:00+00:00,162.60008202800464,163.84424554390736,162.40551734323734,162.6200408935547,13607900,0.0,0.0
2024-09-26 04:00:00+00:00,164.65540300026643,165.12433738176023,163.1288771112858,163.4581298828125,18234500,0.0,0.0
2024-09-27 04:00:00+00:00,163.5379529228678,166.59100475314528,163.4581326837826,164.91481018066406,13604300,0.0,0.0
2024-09-30 04:00:00+00:00,164.40596785707794,166.9801133920327,164.26628624932783,166.8105010986328,14070100,0.0,0.0
2024-10-01 04:00:00+00:00,168.47670815509065,170.05312356675083,165.5234203103271,168.03770446777344,18629500,0.0,0.0
2024-10-02 04:00:00+00:00,167.37919706037525,168.49666513124245,165.87263008138385,166.9302215576172,12745000,0.0,0.0
2024-10-03 04:00:00+00:00,165.4436153407923,167.52886763193206,164.994624608732,166.83045959472656,11004300,0.0,0.0
2024-10-04 04:00:00+00:00,168.95561168385737,169.1651417037373,166.58102439541923,168.17738342285156,11422100,0.0,0.0
2024-10-07 04:00:00+00:00,168.7560635386529,169.51433291164238,163.7574413654542,164.016845703125,14034700,0.0,0.0
2024-10-08 04:00:00+00:00,165.0544764190507,165.72296895610333,163.9370236242508,165.32386779785156,11723900,0.0,0.0
2024-10-09 04:00:00+00:00,164.48078878674917,165.8825983372775,160.75426631287192,162.6898651123047,19666400,0.0,0.0
2024-10-10 04:00:00+00:00,161.7420223125794,163.93803021658485,161.27308796158508,162.80958557128906,12900500,0.0,0.0
2024-10-11 04:00:00+00:00,162.95925941151893,164.89485824555993,162.1311415998337,164.1465606689453,10946000,0.0,0.0
2024-10-14 04:00:00+00:00,164.53567829588263,167.23951840464235,164.40596850811767,165.972412109375,9981800,0.0,0.0
2024-10-15 04:00:00+00:00,166.7606093878907,168.70618005069358,165.67308722562564,166.52114868164062,14829300,0.0,0.0
2024-10-16 04:00:00+00:00,165.65313140202477,166.90029405802036,164.8409837085831,166.3615264892578,9968500,0.0,0.0
2024-10-17 04:00:00+00:00,167.00006177752527,167.54880112943871,163.99688456312464,164.13656616210938,15113400,0.0,0.0
2024-10-18 04:00:00+00:00,164.49575467157797,165.99234980298428,164.3760319327944,164.67535400390625,13091300,0.0,0.0
2024-10-21 04:00:00+00:00,164.20642828942988,165.8427051102763,163.93204336640198,165.4236602783203,11384000,0.0,0.0
2024-10-22 04:00:00+00:00,164.32614701705697,167.08986370041146,164.29621633151714,166.44134521484375,11958600,0.0,0.0
2024-10-23 04:00:00+00:00,166.05221433986773,167.2195719618869,163.26156615464373,164.1066436767578,12754300,0.0,0.0
2024-10-24 04:00:00+00:00,164.21640128996543,164.67536385635017,162.40054033844325,164.1565399169922,12764400,0.0,0.0
2024-10-25 04:00:00+00:00,164.98963532280627,167.0200044057247,164.85493202249762,166.61094665527344,14566400,0.0,0.0
2024-10-28 04:00:00+00:00,170.20277852548895,170.21874866254464,165.41367087628183,167.9578857421875,20858300,0.0,0.0
2024-10-29 04:00:00+00:00,169.00051981297196,171.46990807993288,168.27717457229605,170.7515411376953,28916100,0.0,0.0
2024-10-30 04:00:00+00:00,181.9959609227769,183.37281818194802,175.34608092530422,175.7401885986328,49698300,0.0,0.0
2024-10-31 04:00:00+00:00,174.32341036482913,178.0150088186449,172.1683096199305,172.2980194091797,32801900,0.0,0.0
2024-11-01 04:00:00+00:00,171.15062135368265,173.42546007693375,169.92341754541656,172.2581024169922,21752900,0.0,0.0
2024-11-04 05:00:00+00:00,170.85131368500362,171.52976286876077,169.1002924275085,170.29257202148438,16194000,0.0,0.0
2024-11-05 05:00:00+00:00,170.44224972306222,171.70637216526382,169.98328713827703,171.02093505859375,12518300,0.0,0.0
2024-11-06 05:00:00+00:00,174.951970133578,178.23449529525598,174.64266103018528,177.92520141601562,27061500,0.0,0.0
2024-11-07 05:00:00+00:00,178.70343886419374,182.16556352998285,178.48393702420717,181.86624145507812,16730400,0.0,0.0
2024-11-08 05:00:00+00:00,181.58687825588632,181.93608988065503,179.16240141973364,179.4517364501953,15021500,0.0,0.0
2024-11-11 05:00:00+00:00,179.6612647183404,181.67169024189303,179.58144448419563,181.55694580078125,12503400,0.0,0.0
2024-11-12 05:00:00+00:00,180.96828610388522,183.60727119420463,180.57917198310966,182.9038848876953,14065800,0.0,0.0
2024-11-13 05:00:00+00:00,181.73652736364141,182.20048341961808,179.7111365260688,180.08030700683594,13969700,0.0,0.0
2024-11-14 05:00:00+00:00,179.34199500809183,180.03542477204525,175.6304376208683,176.94744873046875,17925800,0.0,0.0
2024-11-15 05:00:00+00:00,175.24132810697984,175.48078883073978,172.35289497475256,173.49530029296875,21708900,0.0,0.0
2024-11-18 05:00:00+00:00,174.55788351993363,176.50844782695492,174.0240942257961,176.39869689941406,18725400,0.0,0.0
2024-11-19 05:00:00+00:00,174.8372399080373,179.7610356628362,174.7185067341715,179.17237854003906,15392900,0.0,0.0
2024-11-20 05:00:00+00:00,178.42407007919522,178.7034332806034,174.93201483744025,176.92747497558594,15729800,0.0,0.0
2024-11-21 05:00:00+00:00,175.05673923346154,175.18145549789298,164.93476294944196,168.85585021972656,38839400,0.0,0.0
2024-11-22 05:00:00+00:00,166.780582207106,167.88306980424588,165.33387647649843,166.19192504882812,24497000,0.0,0.0
2024-11-25 05:00:00+00:00,167.60867641516356,170.07307085416926,167.0200041158874,169.04539489746094,21395700,0.0,0.0
2024-11-26 05:00:00+00:00,169.10527192731251,171.10571032835793,169.0453953359282,170.23269653320312,14937500,0.0,0.0
2024-11-27 05:00:00+00:00,170.29256940350413,170.75153195687213,169.2848674640083,170.43226623535156,12433400,0.0,0.0
2024-11-29 05:00:00+00:00,169.67398022072197,170.48213917467183,168.36695621133114,170.10301208496094,9250700,0.0,0.0
2024-12-02 05:00:00+00:00,169.93339092253962,173.20594429747393,169.88350137476908,172.58734130859375,16593400,0.0,0.0
2024-12-03 05:00:00+00:00,172.72702217174466,173.92431041652506,172.11840622950385,172.62725830078125,15721500,0.0,0.0
2024-12-04 05:00:00+00:00,172.38780811245044,176.02951694382102,172.3578774269222,175.69029235839844,18239800,0.0,0.0
2024-12-05 05:00:00+00:00,176.91749908162544,177.30661319063742,173.6149998407543,173.91432189941406,16145500,0.0,0.0
2024-12-06 05:00:00+00:00,173.4853249211239,176.4376080962673,173.15607214175068,176.0894012451172,13319500,0.0,0.0
2024-12-09 05:00:00+00:00,175.51503437960727,177.83738550391604,175.20039040791823,176.89846801757812,19887800,0.2,0.0
2024-12-10 05:00:00+00:00,184.32500888640666,187.8160268138949,182.46212570826387,186.31773376464844,34317400,0.0,0.0
2024-12-11 05:00:00+00:00,186.4875414177299,196.66594813117683,186.04803967773574,196.4861602783203,41664500,0.0,0.0
2024-12-12 05:00:00+00:00,196.0766124040666,196.48115029218562,193.06004491560958,193.40965270996094,25197800,0.0,0.0
2024-12-13 05:00:00+00:00,192.490704487651,194.11883919838084,191.0423423812578,191.16221618652344,18883200,0.0,0.0
2024-12-16 05:00:00+00:00,194.14382959225733,200.41168291616427,193.88911488994594,197.93450927734375,32248600,0.0,0.0
2024-12-17 05:00:00+00:00,198.30407475927043,202.64913062417182,196.46617230830898,196.8956756591797,24129500,0.0,0.0
2024-12-18 05:00:00+00:00,196.60601529827326,198.46389928471683,189.0646039194836,189.93360900878906,27638400,0.0,0.0
2024-12-19 05:00:00+00:00,193.06005888438943,194.37856412730645,189.30434300339118,189.484130859375,26981200,0.0,0.0
2024-12-20 05:00:00+00:00,186.7971764103249,193.91406813278797,186.1579053424554,192.74041748046875,45319700,0.0,0.0
2024-12-23 05:00:00+00:00,193.80919155814604,196.26639877064787,191.411928868106,195.7669677734375,15235900,0.0,0.0
2024-12-24 05:00:00+00:00,195.94676829861982,197.44506138722352,194.97587425527323,197.34518432617188,6809800,0.0,0.0
2024-12-26 05:00:00+00:00,196.5161262135814,197.93450850289778,195.6471058614473,196.87571716308594,7907900,0.0,0.0
2024-12-27 05:00:00+00:00,196.24642603002408,196.5760523318792,191.75354348102763,193.81918334960938,14693000,0.0,0.0
2024-12-30 05:00:00+00:00,190.64781342319387,193.55948963491522,190.14338320337714,192.47073364257812,12209500,0.0,0.0
2024-12-31 05:00:00+00:00,192.2260050490995,193.03008164381478,189.36425993005457,190.22328186035156,14355200,0.0,0.0
2025-01-02 05:00:00+00:00,191.26709343340778,192.9801381301293,188.49525744007033,190.41307067871094,17545200,0.0,0.0
2025-01-03 05:00:00+00:00,192.5056946331138,194.27866867483587,191.13225931471843,192.9102325439453,12875000,0.0,0.0
2025-01-06 05:00:00+00:00,194.92792600382484,199.33291137103032,194.83803207586362,197.7347412109375,19483300,0.0,0.0
2025-01-07 05:00:00+00:00,198.04438263544472,201.909973886113,195.7170322333306,196.4861602783203,16966800,0.0,0.0
2025-01-08 05:00:00+00:00,193.72928457657076,197.41508784704052,193.52951522204586,195.1676483154297,14335300,0.0,0.0
2025-01-10 05:00:00+00:00,195.19761966253236,197.39511312065048,191.38197456331892,192.95018005371094,20753800,0.0,0.0
2025-01-13 05:00:00+00:00,191.13224951636064,192.27095158503425,188.4453083016719,192.0711669921875,13169100,0.0,0.0
2025-01-14 05:00:00+00:00,192.28094273517524,193.050070773715,189.42419669059564,190.8325958251953,13651200,0.0,0.0
2025-01-15 05:00:00+00:00,194.12884726518368,197.57491832048342,193.11000369739423,196.75584411621094,12894900,0.0,0.0
2025-01-16 05:00:00+00:00,195.60214951346643,196.75583391247915,194.0788910490422,194.1887664794922,13449600,0.0,0.0
2025-01-17 05:00:00+00:00,197.82462632303964,198.58375597214695,195.0877388983694,197.3251953125,22109100,0.0,0.0
2025-01-21 05:00:00+00:00,200.28182025394423,203.6080326445683,199.21304580682195,199.40283203125,19005200,0.0,0.0
2025-01-22 05:00:00+00:00,200.32178068082086,201.88998612293432,198.9733108604717,199.8023681640625,15477400,0.0,0.0
2025-01-23 05:00:00+00:00,199.75242873857272,201.71020506522237,196.59603624015026,199.35289001464844,15170800,0.0,0.0
2025-01-24 05:00:00+00:00,199.6225872950207,202.33949329722083,199.5566528889042,201.6702423095703,12732400,0.0,0.0
2025-01-27 05:00:00+00:00,193.96901973467803,198.44391735433535,192.48070982544095,193.54949951171875,24970200,0.0,0.0
2025-01-28 05:00:00+00:00,194.42848935993928,197.00555524376668,192.39081751116362,196.8457489013672,15939200,0.0,0.0
2025-01-29 05:00:00+00:00,197.14539841120728,198.2341696318412,194.96788645279017,196.9556121826172,12287800,0.0,0.0
2025-01-30 05:00:00+00:00,199.53266972822976,203.00672387191645,199.24500307805343,202.3994140625,14571500,0.0,0.0
2025-01-31 05:00:00+00:00,203.48317837651163,206.8443546537246,203.34833748699367,205.3660430908203,17087300,0.0,0.0
2025-02-03 05:00:00+00:00,201.98487391595285,204.9864590771122,201.43051282665638,202.40939331054688,16719500,0.0,0.0
2025-02-04 05:00:00+00:00,204.2672790849399,208.46249643839946,204.02754671792735,207.4736328125,28285400,0.0,0.0
2025-02-05 05:00:00+00:00,192.88026299205453,194.32860987902825,189.69389069585742,193.0800323486328,43666400,0.0,0.0
2025-02-06 05:00:00+00:00,190.77265967243562,193.60942410647172,190.2732286703268,193.0900115966797,20816600,0.0,0.0
2025-02-07 05:00:00+00:00,192.52066571940506,192.79534667048466,184.88936071436743,186.92703247070312,29565700,0.0,0.0
2025-02-10 05:00:00+00:00,188.84484651111416,189.77379609286592,187.39649966530655,187.98582458496094,16606000,0.0,0.0
2025-02-11 05:00:00+00:00,186.62239876540912,188.58515904568145,185.86825303657443,186.8571319580078,13028100,0.0,0.0
2025-02-12 05:00:00+00:00,185.0192095241481,186.61739486850084,183.42103942122037,185.21897888183594,17632300,0.0,0.0
2025-02-13 05:00:00+00:00,185.7184056239068,187.77607416088287,184.66961270981918,187.66619873046875,12729300,0.0,0.0
2025-02-14 05:00:00+00:00,186.6174008565631,187.93589085274974,185.89821895267022,186.6573486328125,12714200,0.0,0.0
2025-02-18 05:00:00+00:00,187.226695076443,187.56630449733623,183.3710871600107,185.58856201171875,19796000,0.0,0.0
2025-02-19 05:00:00+00:00,185.9731213052312,187.1467872178663,185.2889032654933,186.91705322265625,13120500,0.0,0.0
2025-02-20 05:00:00+00:00,186.28777222741775,186.90706182083724,184.38994042998203,186.4276123046875,12063800,0.0,0.0
2025-02-21 05:00:00+00:00,187.07686090508184,187.25666399411273,180.92388244913036,181.3733673095703,19520800,0.0,0.0
2025-02-24 05:00:00+00:00,183.59084088624112,184.87936617572134,180.67416563965807,180.9838104248047,18734000,0.0,0.0
2025-02-25 05:00:00+00:00,179.94998624296272,180.55429349830055,176.56884378749382,177.16815185546875,20832500,0.0,0.0
2025-02-26 05:00:00+00:00,176.74364576328153,177.87734865828276,173.3924527442382,174.50119018554688,23637200,0.0,0.0
2025-02-27 05:00:00+00:00,175.73978676984865,176.38904098824568,169.55882503535227,170.0163116455078,25930500,0.0,0.0
2025-02-28 05:00:00+00:00,170.1062040953664,172.30369747869378,168.19837398997922,172.02401733398438,30049800,0.0,0.0
2025-03-03 05:00:00+00:00,173.5323013294071,174.80086041257175,167.4492350449917,168.46807861328125,24122000,0.0,0.0
2025-03-04 05:00:00+00:00,167.74889040520628,174.9656593689528,167.34933645157065,172.41357421875,30711400,0.0,0.0
2025-03-05 05:00:00+00:00,172.12391841048589,175.55000797862252,170.73548550793336,174.79087829589844,18848000,0.0,0.0
2025-03-06 05:00:00+00:00,172.35364986457097,176.52888591983762,172.31169022063378,174.0117645263672,19082400,0.0,0.0
2025-03-07 05:00:00+00:00,173.0448614517929,176.69868829805844,172.05398592128185,175.5500030517578,16395300,0.0,0.0
2025-03-10 04:00:00+00:00,170.16000366210938,170.4499969482422,165.56500244140625,167.80999755859375,28990700,0.2,0.0
2025-03-11 04:00:00+00:00,166.67999267578125,168.65499877929688,163.24000549316406,165.97999572753906,23705900,0.0,0.0
2025-03-12 04:00:00+00:00,168.47000122070312,169.52999877929688,165.47999572753906,169.0,19880100,0.0,0.0
2025-03-13 04:00:00+00:00,167.97999572753906,168.1199951171875,164.07000732421875,164.72999572753906,15206200,0.0,0.0
2025-03-14 04:00:00+00:00,165.31500244140625,168.25,164.50999450683594,167.6199951171875,18611100,0.0,0.0
2025-03-17 04:00:00+00:00,167.3249969482422,168.4600067138672,165.80999755859375,166.57000732421875,17839100,0.0,0.0
2025-03-18 04:00:00+00:00,165.9600067138672,166.44000244140625,158.8000030517578,162.6699981689453,24616800,0.0,0.0
2025-03-19 04:00:00+00:00,163.9149932861328,168.13299560546875,163.0500030517578,166.27999877929688,24955700,0.0,0.0
2025-03-20 04:00:00+00:00,163.8249969482422,167.02999877929688,163.13999938964844,165.0500030517578,19981500,0.0,0.0
2025-03-21 04:00:00+00:00,163.3800048828125,166.47000122070312,163.02999877929688,166.25,29882100,0.0,0.0
2025-03-24 04:00:00+00:00,169.26499938964844,170.5,167.44000244140625,169.92999267578125,18742800,0.0,0.0
2025-03-25 04:00:00+00:00,171.17999267578125,172.91000366210938,170.5500030517578,172.7899932861328,13841600,0.0,0.0
2025-03-26 04:00:00+00:00,171.3000030517578,171.94000244140625,166.86099243164062,167.13999938964844,22498000,0.0,0.0
2025-03-27 04:00:00+00:00,166.7100067138672,167.44000244140625,163.85000610351562,164.0800018310547,21571200,0.0,0.0
2025-03-28 04:00:00+00:00,162.36000061035156,163.80999755859375,155.33900451660156,156.05999755859375,34866500,0.0,0.0
2025-03-31 04:00:00+00:00,154.80999755859375,157.1300048828125,152.2100067138672,156.22999572753906,33591600,0.0,0.0
2025-04-01 04:00:00+00:00,155.3000030517578,160.0800018310547,155.2550048828125,158.8800048828125,20111400,0.0,0.0
2025-04-02 04:00:00+00:00,156.9600067138672,160.27499389648438,156.52999877929688,158.86000061035156,17113300,0.0,0.0
2025-04-03 04:00:00+00:00,152.8350067138672,154.68699645996094,152.17999267578125,152.6300048828125,28416100,0.0,0.0
2025-04-04 04:00:00+00:00,149.89999389648438,153.08999633789062,147.5399932861328,147.74000549316406,39832200,0.0,0.0
2025-04-07 04:00:00+00:00,143.38999938964844,154.92999267578125,142.66000366210938,149.24000549316406,47823000,0.0,0.0
2025-04-08 04:00:00+00:00,153.5749969482422,154.44000244140625,145.2100067138672,146.5800018310547,35304400,0.0,0.0
2025-04-09 04:00:00+00:00,146.3300018310547,161.8699951171875,145.80999755859375,161.05999755859375,46479500,0.0,0.0
2025-04-10 04:00:00+00:00,158.75999450683594,160.02999877929688,152.1999969482422,155.3699951171875,35270500,0.0,0.0
2025-04-11 04:00:00+00:00,155.5850067138672,159.86000061035156,155.5850067138672,159.39999389648438,22582000,0.0,0.0
2025-04-14 04:00:00+00:00,162.30999755859375,164.02999877929688,159.9199981689453,161.47000122070312,18255900,0.0,0.0
2025-04-15 04:00:00+00:00,161.57000732421875,162.0500030517578,157.64500427246094,158.67999267578125,15690800,0.0,0.0
2025-04-16 04:00:00+00:00,155.47000122070312,158.17999267578125,153.91000366210938,155.5,16921500,0.0,0.0
2025-04-17 04:00:00+00:00,156.61000061035156,157.07000732421875,150.89999389648438,153.36000061035156,19513400,0.0,0.0
2025-04-21 04:00:00+00:00,150.96499633789062,151.05999755859375,148.39999389648438,149.86000061035156,16147800,0.0,0.0
2025-04-22 04:00:00+00:00,151.07000732421875,154.61000061035156,150.8699951171875,153.89999389648438,15910300,0.0,0.0
2025-04-23 04:00:00+00:00,157.91000366210938,160.02000427246094,156.35000610351562,157.72000122070312,18575700,0.0,0.0
2025-04-24 04:00:00+00:00,158.52499389648438,161.7100067138672,158.08999633789062,161.47000122070312,30787500,0.0,0.0
2025-04-25 04:00:00+00:00,167.10000610351562,168.24000549316406,163.0,163.85000610351562,35148100,0.0,0.0
2025-04-28 04:00:00+00:00,164.25999450683594,164.9499969482422,160.3800048828125,162.4199981689453,20871200,0.0,0.0
2025-04-29 04:00:00+00:00,162.0449981689453,162.67999267578125,159.38999938964844,162.05999755859375,15955200,0.0,0.0
