Date,Open,High,Low,Close,Volume,Dividends,Stock Splits
2019-01-02 05:00:00+00:00,128.38494261485786,136.86496629124613,127.95695175004107,135.04354858398438,28146200,0.0,0.0
2019-01-03 05:00:00+00:00,134.0581833041617,136.5265455865115,130.50492257513682,131.1220245361328,22717900,0.0,0.0
2019-01-04 05:00:00+00:00,133.38136668878082,137.352655455208,133.1225917908266,137.30288696289062,29002100,0.0,0.0
2019-01-07 05:00:00+00:00,136.9147283372574,138.21858093278348,135.2724742655454,137.40243530273438,20089300,0.0,0.0
2019-01-08 05:00:00+00:00,139.2338039857999,142.4685588998623,138.88543968940024,141.86141967773438,26263800,0.0,0.0
2019-01-09 05:00:00+00:00,142.27942664268605,144.02121749221544,140.6073147169991,143.5534210205078,22205900,0.0,0.0
2019-01-10 05:00:00+00:00,142.40883345315282,143.88188672668684,140.17933551404312,143.52357482910156,16125000,0.0,0.0
2019-01-11 05:00:00+00:00,142.47849770856254,144.67813759639466,141.90123177051925,143.12545776367188,12908000,0.0,0.0
2019-01-14 05:00:00+00:00,141.33388033662743,145.8824498316883,140.60730900703408,144.70797729492188,20520300,0.0,0.0
2019-01-15 05:00:00+00:00,145.32508562383688,149.9731775990295,145.30519037534233,148.2512969970703,24069000,0.0,0.0
2019-01-16 05:00:00+00:00,148.30104297354657,148.94798775727187,146.31042494705602,146.84788513183594,18025700,0.0,0.0
2019-01-17 05:00:00+00:00,146.26066626674154,148.30105291815846,145.81278021818937,147.60433959960938,15787900,0.0,0.0
2019-01-18 05:00:00+00:00,149.04754866281684,151.7149699567033,147.85318069261078,149.336181640625,31029600,0.0,0.0
2019-01-22 05:00:00+00:00,148.50013609805595,150.81920845795935,145.68340911638478,146.87779235839844,22378700,0.0,0.0
2019-01-23 05:00:00+00:00,147.5844339238035,148.10199891450284,142.3889191437845,143.62310791015625,20098400,0.0,0.0
2019-01-24 05:00:00+00:00,143.9615147410241,145.75307424712892,141.85146420450752,145.14593505859375,20955500,0.0,0.0
2019-01-25 05:00:00+00:00,146.78819802131503,149.1271807394284,145.8526049340697,148.31101989746094,22237200,0.0,0.0
2019-01-28 05:00:00+00:00,147.35552515766815,148.26126014423653,145.52415993599186,146.7782440185547,15508500,0.0,0.0
2019-01-29 05:00:00+00:00,147.39530996503288,147.40527277510418,142.75716626052758,143.51361083984375,17632100,0.0,0.0
2019-01-30 05:00:00+00:00,145.534105832328,150.24191388219322,145.01654081940364,149.7144012451172,44613200,0.0,0.0
2019-01-31 05:00:00+00:00,164.82321290859653,170.87467960151153,164.22602130170495,165.90809631347656,77233600,0.0,0.0
2019-02-01 05:00:00+00:00,165.06207334956542,168.30679104696296,164.88292498422385,164.9326934814453,30806500,0.0,0.0
2019-02-04 05:00:00+00:00,164.9227195037694,168.50583844014102,162.85247469466714,168.45606994628906,20036000,0.0,0.0
2019-02-05 05:00:00+00:00,168.35652052074934,171.1732469679007,167.89868686044414,170.3571014404297,22557000,0.0,0.0
2019-02-06 05:00:00+00:00,170.39692282994076,171.66096969831568,168.47598346720895,169.6902618408203,13281200,0.0,0.0
2019-02-07 05:00:00+00:00,167.41098774748926,168.44611771734756,164.47482893703892,165.5995330810547,17517600,0.0,0.0
2019-02-08 05:00:00+00:00,163.69848981337972,166.58488014474156,163.43971491331934,166.54507446289062,12561400,0.0,0.0
2019-02-11 05:00:00+00:00,167.1123860613765,167.5105187999956,164.3056223933644,165.0122833251953,12811200,0.0,0.0
2019-02-12 05:00:00+00:00,166.07727796751814,167.55033119138346,163.72834787081916,164.26580810546875,16292300,0.0,0.0
2019-02-13 05:00:00+00:00,164.60422173726036,165.44027772576158,162.96195263069217,163.3003692626953,14205100,0.0,0.0
2019-02-14 05:00:00+00:00,162.42450920343256,164.09662135336103,161.488916134548,163.18093872070312,12755200,0.0,0.0
2019-02-15 05:00:00+00:00,163.73829779657606,163.92740895925232,160.10542558495243,161.73773193359375,15504400,0.0,0.0
2019-02-19 05:00:00+00:00,159.74710523487713,163.37997725411918,159.5779045159722,161.52870178222656,14345400,0.0,0.0
2019-02-20 05:00:00+00:00,161.4888961942387,162.9520017383714,160.49358712678574,161.7974395751953,11770700,0.0,0.0
2019-02-21 05:00:00+00:00,161.1703944461166,161.47895302279102,158.8413748089984,159.2892608642578,15607800,0.0,0.0
2019-02-22 05:00:00+00:00,159.82674740051291,161.6481649933597,159.55800967377485,161.13059997558594,15858500,0.0,0.0
2019-02-25 05:00:00+00:00,162.3050613731959,165.29098865749103,162.13584546233972,163.8477783203125,18737100,0.0,0.0
2019-02-26 05:00:00+00:00,163.56906801866356,165.46016412235352,163.031607871911,163.3600616455078,13784100,0.0,0.0
2019-02-27 05:00:00+00:00,162.13585408558868,163.1610212927436,159.65754402762937,162.04627990722656,12697500,0.0,0.0
2019-02-28 05:00:00+00:00,161.60832471047328,162.73302879076954,160.10541352053545,160.69264221191406,11114200,0.0,0.0
2019-03-01 05:00:00+00:00,161.83727452971726,162.3647871664073,160.9315395545655,161.51876831054688,11097800,0.0,0.0
2019-03-04 05:00:00+00:00,163.13114579643025,166.71426442004383,163.06148206088787,166.58486938476562,18894700,0.0,0.0
2019-03-05 05:00:00+00:00,166.5848677377532,171.07372118951184,165.7687222292947,170.4566192626953,28187900,0.0,0.0
2019-03-06 05:00:00+00:00,172.0889298122832,172.7558002449548,170.46658637731895,171.7007598876953,21531700,0.0,0.0
2019-03-07 05:00:00+00:00,170.6955172019317,170.93439686249698,166.82376526180786,168.33663940429688,18306500,0.0,0.0
2019-03-08 05:00:00+00:00,165.42036807500796,168.82432334763632,165.19145123623667,168.80442810058594,13184800,0.0,0.0
2019-03-11 04:00:00+00:00,170.79505139810647,173.48238298987562,170.77514096324853,171.26284790039062,18884000,0.0,0.0
2019-03-12 04:00:00+00:00,171.2827261020489,172.98471121354194,170.41681211205287,171.113525390625,12155300,0.0,0.0
2019-03-13 04:00:00+00:00,171.5116697823716,173.21363982246234,171.31259581448208,172.55673217773438,11973300,0.0,0.0
2019-03-14 04:00:00+00:00,168.96368471883545,170.3471639025749,167.37119910744767,169.37176513671875,18037400,0.0,0.0
2019-03-15 04:00:00+00:00,166.3758733963894,166.79390139742011,161.74767695249813,165.20140075683594,37135400,0.0,0.0
2019-03-18 04:00:00+00:00,162.802718965027,163.1311576076952,158.5328343637987,159.71725463867188,37524200,0.0,0.0
2019-03-19 04:00:00+00:00,160.72249865729984,163.05153334058028,160.06560623673366,160.8120880126953,25611500,0.0,0.0
2019-03-20 04:00:00+00:00,160.7424052385311,165.34072800835764,160.4836303631279,164.66392517089844,20211500,0.0,0.0
2019-03-21 04:00:00+00:00,164.11652875212837,165.6094925100241,162.98187690361615,165.3009490966797,16223000,0.0,0.0
2019-03-22 04:00:00+00:00,164.87294427156255,166.63464560887888,163.32026452499687,163.569091796875,16389200,0.0,0.0
2019-03-25 04:00:00+00:00,162.23538837147908,165.7587760132471,161.2400792403657,165.50994873046875,12631200,0.0,0.0
2019-03-26 04:00:00+00:00,166.56499395921668,168.6551340823663,165.56968479946568,166.8934326171875,15437900,0.0,0.0
2019-03-27 04:00:00+00:00,167.06264193855046,168.147525234885,164.01698327278595,165.0919189453125,10620300,0.0,0.0
2019-03-28 04:00:00+00:00,163.79803875771523,165.93794741611006,162.56384990926412,164.7734375,10443000,0.0,0.0
2019-03-29 04:00:00+00:00,165.60950051003078,166.40575092348175,164.03691011994883,165.90809631347656,13455500,0.0,0.0
2019-04-01 04:00:00+00:00,167.04271637465598,168.107689139708,166.49529337055887,167.90863037109375,10381500,0.0,0.0
2019-04-02 04:00:00+00:00,169.34189048207057,174.0795563534912,168.75466175517323,173.38284301757812,23946500,0.0,0.0
2019-04-03 04:00:00+00:00,173.6814403210659,177.12521653645277,172.1387081575625,172.72593688964844,27391100,0.0,0.0
2019-04-04 04:00:00+00:00,175.19430541992188,177.16501311109815,174.70659851193915,175.19430541992188,17847700,0.0,0.0
2019-04-05 04:00:00+00:00,176.05028367059762,176.1697159062194,174.27863463521825,174.89572143554688,9594100,0.0,0.0
2019-04-08 04:00:00+00:00,174.3881060249181,174.67673896819076,173.41269221725545,174.10940551757812,7297400,0.0,0.0
2019-04-09 04:00:00+00:00,174.79618147569983,178.3494422971531,174.72651773517563,176.7469940185547,19751000,0.0,0.0
2019-04-10 04:00:00+00:00,177.34415176571775,177.95129086812088,175.71184559999284,176.98585510253906,11701500,0.0,0.0
2019-04-11 04:00:00+00:00,177.40387836153258,177.56311625632148,176.16968975685737,176.6772918701172,8071000,0.0,0.0
2019-04-12 04:00:00+00:00,177.1650263113996,178.78738506393435,177.1152578171281,178.25987243652344,12329800,0.0,0.0
2019-04-15 04:00:00+00:00,177.66266689327645,179.65328500972774,176.04030826846116,178.80726623535156,10834800,0.0,0.0
2019-04-16 04:00:00+00:00,178.1603398750975,179.32484977136866,177.46362649962063,178.03094482421875,11215200,0.0,0.0
2019-04-17 04:00:00+00:00,178.75752122912067,179.89217300067355,177.52333247224087,177.9413604736328,9973700,0.0,0.0
2019-04-18 04:00:00+00:00,177.96127532671784,178.04090187951405,176.50811731580794,177.44371032714844,11655600,0.0,0.0
2019-04-22 04:00:00+00:00,177.41384404162125,180.81779928295586,177.41384404162125,180.58888244628906,13389900,0.0,0.0
2019-04-23 04:00:00+00:00,181.88276257400742,183.35581556421653,180.62866358006448,182.91787719726562,19954800,0.0,0.0
2019-04-24 04:00:00+00:00,183.6245853271154,184.27153018132606,180.7978958792481,181.72354125976562,37289900,0.0,0.0
2019-04-25 04:00:00+00:00,196.05600610707134,197.54896993862397,191.2188026853523,192.35345458984375,54148800,0.0,0.0
2019-04-26 04:00:00+00:00,191.597007854264,191.99512543206336,188.20300007020043,190.5917510986328,22075000,0.0,0.0
2019-04-29 04:00:00+00:00,190.0542668696842,194.49335207410897,189.75567110654336,193.86630249023438,19641300,0.0,0.0
2019-04-30 04:00:00+00:00,193.27908532226306,196.46407154922858,191.37804121013858,192.49278259277344,23494700,0.0,0.0
2019-05-01 04:00:00+00:00,193.86631801694696,195.2597447735882,192.10461654181202,192.12452697753906,15996600,0.0,0.0
2019-05-02 04:00:00+00:00,192.0946580685494,193.08996717771288,188.85990346376812,191.62686157226562,13209500,0.0,0.0
2019-05-03 04:00:00+00:00,193.46817162573882,195.23982046140083,192.80131640667145,194.5530548095703,14575400,0.0,0.0
2019-05-06 04:00:00+00:00,190.342919833072,193.36865284778966,189.65615411660735,192.9705352783203,13994900,0.0,0.0
2019-05-07 04:00:00+00:00,191.63678622691026,191.9950980707513,186.9687998216833,188.87979125976562,16253000,0.0,0.0
2019-05-08 04:00:00+00:00,188.50157337039045,189.82533618018647,187.66551744437515,188.65086364746094,12505700,0.0,0.0
2019-05-09 04:00:00+00:00,186.3218500889637,188.87980162313505,185.38625715720005,187.76504516601562,12967000,0.0,0.0
2019-05-10 04:00:00+00:00,187.36693827700608,189.10872920388397,183.72410332214784,187.45651245117188,12578500,0.0,0.0
2019-05-13 04:00:00+00:00,182.63921271067096,184.56015190872026,179.9916869632314,180.6884002685547,16833300,0.0,0.0
2019-05-14 04:00:00+00:00,181.66381387054747,182.62926487365488,177.26454964812933,179.8822021484375,17628100,0.0,0.0
2019-05-15 04:00:00+00:00,179.57367561278664,186.401497011794,179.17555802635854,185.396240234375,16746900,0.0,0.0
2019-05-16 04:00:00+00:00,184.18195192070448,187.6953918273591,184.18195192070448,186.11285400390625,12953100,0.0,0.0
2019-05-17 04:00:00+00:00,183.97293724739612,186.7000897503096,183.41556656060206,184.4307861328125,10485400,0.0,0.0
2019-05-20 04:00:00+00:00,181.0268285014773,183.36579583272658,180.51921112794926,181.86288452148438,10352000,0.0,0.0
2019-05-21 04:00:00+00:00,183.70422141272036,184.82891045128682,183.0274032775004,183.9530487060547,7502800,0.0,0.0
2019-05-22 04:00:00+00:00,183.86342449170687,185.86400527077356,182.74868328874703,184.45066833496094,9213800,0.0,0.0
2019-05-23 04:00:00+00:00,181.5642928851887,183.03734617123723,178.82719272925158,180.0215606689453,12768800,0.0,0.0
2019-05-24 04:00:00+00:00,181.47470964859104,182.76861451334628,179.98174600169153,180.21066284179688,8807700,0.0,0.0
2019-05-28 04:00:00+00:00,180.68840882925286,183.8435520671503,180.59883465444122,183.44541931152344,14843300,0.0,0.0
2019-05-29 04:00:00+00:00,182.63922545587087,183.69425070429963,180.49931690007384,181.3353729248047,12797700,0.0,0.0
2019-05-30 04:00:00+00:00,182.2211834402472,182.61930098698787,180.04145418189634,182.15150451660156,8581500,0.0,0.0
2019-05-31 04:00:00+00:00,179.434328427484,179.6931033334349,176.328968807225,176.63751220703125,15226500,0.0,0.0
2019-06-03 04:00:00+00:00,174.17908362486003,174.22885211476645,160.25470455796818,163.37997436523438,56059600,0.0,0.0
2019-06-04 04:00:00+00:00,162.942049343214,167.49060375091634,160.08550207597662,166.71426391601562,46044300,0.0,0.0
2019-06-05 04:00:00+00:00,166.69436830575017,167.92855709039114,163.85774640666835,167.38113403320312,19758300,0.0,0.0
2019-06-06 04:00:00+00:00,167.5105319553085,168.9039586818794,166.44554388147682,167.54039001464844,12446400,0.0,0.0
2019-06-07 04:00:00+00:00,169.3717589308213,173.05439980703665,168.04799591777066,172.53684997558594,16917300,0.0,0.0
2019-06-10 04:00:00+00:00,173.93027529273795,177.0256873804005,172.98473463044883,173.9999542236328,14767900,0.0,0.0
2019-06-11 04:00:00+00:00,177.64276401567483,179.13572766651606,175.9606892057732,177.26455688476562,15266600,0.0,0.0
2019-06-12 04:00:00+00:00,177.5432466082492,178.4290711221646,172.06904641979827,174.21890258789062,17699800,0.0,0.0
2019-06-13 04:00:00+00:00,174.70661006825563,177.19488288890213,173.79092749272317,176.63751220703125,12253600,0.0,0.0
2019-06-14 04:00:00+00:00,179.66323988421865,180.98700280755185,179.15563771143243,180.47940063476562,16773700,0.0,0.0
2019-06-17 04:00:00+00:00,184.1421159782311,188.61105893706437,183.54493967967477,188.12335205078125,29459900,0.0,0.0
2019-06-18 04:00:00+00:00,193.08998078786746,193.61749343792945,186.4015018878674,187.58592224121094,37571400,0.0,0.0
2019-06-19 04:00:00+00:00,186.12279606002886,187.21764211173704,183.68429187636377,186.6005401611328,21417100,0.0,0.0
2019-06-20 04:00:00+00:00,190.0542672578422,190.2632888486311,186.7597966075269,188.64093017578125,14635700,0.0,0.0
2019-06-21 04:00:00+00:00,187.8645895825595,191.0993441051731,187.8645895825595,190.24337768554688,22751200,0.0,0.0
2019-06-24 04:00:00+00:00,191.51738491747295,193.07006476230487,190.67138125187216,191.69654846191406,15509000,0.0,0.0
2019-06-25 04:00:00+00:00,191.9752197766105,192.23399466942982,187.24750165729102,187.95416259765625,16750300,0.0,0.0
2019-06-26 04:00:00+00:00,188.65087963810572,189.865157951906,186.43134460333138,186.7797088623047,12808600,0.0,0.0
2019-06-27 04:00:00+00:00,188.98929103201445,197.94707266014254,187.38684282216087,188.61106872558594,11159000,0.0,0.0
2019-06-28 04:00:00+00:00,189.65616115265155,192.2937243194633,189.04902196499893,192.09466552734375,16378900,0.0,0.0
2019-07-01 04:00:00+00:00,194.29430542637743,194.36396916937375,191.02967744932505,192.09466552734375,14181800,0.0,0.0
2019-07-02 04:00:00+00:00,192.09466310158754,194.0852813720703,191.80603013474087,194.0852813720703,9050000,0.0,0.0
2019-07-03 04:00:00+00:00,193.24921519032497,196.47400689926474,193.24921519032497,196.2749481201172,10246100,0.0,0.0
2019-07-05 04:00:00+00:00,195.25972951621904,196.14556918390923,193.25916371753186,195.47869873046875,11164100,0.0,0.0
2019-07-08 04:00:00+00:00,194.27437181425577,195.75737254775632,192.73163978175413,194.84169006347656,9723900,0.0,0.0
2019-07-09 04:00:00+00:00,194.0554269333392,198.52437050134316,193.9758003785689,198.27554321289062,14698600,0.0,0.0
2019-07-10 04:00:00+00:00,199.06181740287772,202.00793898281333,198.7333635816976,201.7790069580078,20571700,0.0,0.0
2019-07-11 04:00:00+00:00,202.30651747056885,202.84399287684622,199.27083693628398,200.28604125976562,13678500,0.0,0.0
2019-07-12 04:00:00+00:00,198.7433243890145,204.33697215639953,198.22577456422704,203.9089813232422,15366300,0.0,0.0
2019-07-15 04:00:00+00:00,203.29187739075684,204.3668130079934,200.873283642383,202.95347595214844,16030300,0.0,0.0
2019-07-16 04:00:00+00:00,202.93357281398212,204.50616302237094,202.14728530339357,202.88380432128906,12132700,0.0,0.0
2019-07-17 04:00:00+00:00,203.22220361336727,203.40136714771688,200.6443567036925,200.85337829589844,12083700,0.0,0.0
2019-07-18 04:00:00+00:00,199.2111156733508,201.5202401376113,198.44473858043352,199.83816528320312,11937900,0.0,0.0
2019-07-19 04:00:00+00:00,201.23157708029564,201.38088255059787,197.1408714514844,197.42950439453125,12098300,0.0,0.0
2019-07-22 04:00:00+00:00,198.97224262477,201.61976843310612,197.87739655749976,201.37094116210938,13589000,0.0,0.0
2019-07-23 04:00:00+00:00,201.8884954613412,203.2819373223804,200.01732466894592,201.41075134277344,14583700,0.0,0.0
2019-07-24 04:00:00+00:00,196.702944590898,203.8492567225235,196.2948642101998,203.69996643066406,32532500,0.0,0.0
2019-07-25 04:00:00+00:00,205.73038536718605,207.68119786123333,197.3299742379818,199.76849365234375,39889900,0.0,0.0
2019-07-26 04:00:00+00:00,199.2509267054153,201.92831055452586,195.32940650911294,198.81298828125,24434000,0.0,0.0
2019-07-29 04:00:00+00:00,198.0665330386966,198.6935827016922,194.38389199451527,195.02088928222656,16530800,0.0,0.0
2019-07-30 04:00:00+00:00,194.47343825083442,197.7778716475059,192.59230471920506,196.11569213867188,11903600,0.0,0.0
2019-07-31 04:00:00+00:00,196.02613555632766,197.82764270167056,191.77616120085966,193.3188934326172,14593500,0.0,0.0
2019-08-01 04:00:00+00:00,193.25917533664767,197.5390077080974,189.98461492393184,191.825927734375,17777000,0.0,0.0
2019-08-02 04:00:00+00:00,190.203576059906,191.71643496486885,187.18779068642343,188.13333129882812,15297000,0.0,0.0
2019-08-05 04:00:00+00:00,183.82362379837141,184.79902237740552,178.49871451096345,180.87750244140625,23086700,0.0,0.0
2019-08-06 04:00:00+00:00,182.8283398694297,184.91847996839795,182.23114830560314,183.6444854736328,18035700,0.0,0.0
2019-08-07 04:00:00+00:00,182.73874675293004,185.49574187303037,180.3699063657146,184.28146362304688,15833200,0.0,0.0
2019-08-08 04:00:00+00:00,185.74458724432688,189.44713846802614,183.18665064640405,189.2679901123047,14828900,0.0,0.0
2019-08-09 04:00:00+00:00,189.1087348502608,190.08413354601643,186.2422396936753,186.9688262939453,11058800,0.0,0.0
2019-08-12 04:00:00+00:00,185.97351090366547,186.71002991584524,183.594722768629,184.5004425048828,10930900,0.0,0.0
2019-08-13 04:00:00+00:00,184.64974592990143,190.4822577827006,184.50044045464,187.5659942626953,13577000,0.0,0.0
2019-08-14 04:00:00+00:00,184.92844892249008,185.11756009689063,178.46888686847365,178.8670196533203,18903700,0.0,0.0
2019-08-15 04:00:00+00:00,180.10118362821922,182.340629165648,179.18550105315822,181.73348999023438,12925900,0.0,0.0
2019-08-16 04:00:00+00:00,182.8880405853893,184.2317138972276,181.50456159334746,182.83827209472656,12654600,0.0,0.0
2019-08-19 04:00:00+00:00,185.1374235491546,186.62043944198254,183.98287663941997,185.2966766357422,9691200,0.0,0.0
2019-08-20 04:00:00+00:00,184.5800601394741,185.1274831539845,181.53441687883006,182.94775390625,10083400,0.0,0.0
2019-08-21 04:00:00+00:00,184.13219057433318,185.02796272386396,182.28091496971896,182.68899536132812,8398200,0.0,0.0
2019-08-22 04:00:00+00:00,182.5695293689954,183.24634741151215,179.06605249350972,181.18605041503906,10821400,0.0,0.0
2019-08-23 04:00:00+00:00,179.99168478836646,182.27095101556822,175.83130025312713,176.9161834716797,17323400,0.0,0.0
2019-08-26 04:00:00+00:00,178.55844313266266,179.6532891971141,177.4038961404909,179.51394653320312,8773600,0.0,0.0
2019-08-27 04:00:00+00:00,181.07657357746902,183.17667634309558,180.16089104662296,180.4495391845703,14399600,0.0,0.0
2019-08-28 04:00:00+00:00,179.6831531922032,181.09649031206425,178.08070491066854,180.90737915039062,9386100,0.0,0.0
2019-08-29 04:00:00+00:00,182.90794933015442,185.20711081775832,182.60935357614633,184.6995086669922,10128700,0.0,0.0
2019-08-30 04:00:00+00:00,185.90383547431205,185.92374590905166,182.59941710649227,184.79904174804688,10774500,0.0,0.0
2019-09-03 04:00:00+00:00,183.13688745967474,184.79905195273994,181.25575373401767,181.53443908691406,9779400,0.0,0.0
2019-09-04 04:00:00+00:00,183.78382084801504,186.869285159894,183.02739139279333,186.26214599609375,11308000,0.0,0.0
2019-09-05 04:00:00+00:00,187.64563870220826,190.46236550725288,187.05840993027658,190.0045166015625,13876700,0.0,0.0
2019-09-06 04:00:00+00:00,189.31774605243214,189.31774605243214,185.47585241109465,186.61050415039062,15226800,0.0,0.0
2019-09-09 04:00:00+00:00,186.84937506745874,188.09351145562178,184.97820426696552,187.87454223632812,14722400,0.0,0.0
2019-09-10 04:00:00+00:00,186.56072333131476,187.217630923081,183.68428089887075,185.2966766357422,15455900,0.0,0.0
2019-09-11 04:00:00+00:00,185.5853434228469,188.55136031966398,185.207121100956,187.60581970214844,11761700,0.0,0.0
2019-09-12 04:00:00+00:00,188.96937948597764,190.03435228703714,186.35171178792396,186.59059143066406,11419800,0.0,0.0
2019-09-13 04:00:00+00:00,186.45126283799212,187.08826007948636,185.6649601133152,186.31192016601562,11441100,0.0,0.0
2019-09-16 04:00:00+00:00,186.05312703680875,186.9090934899129,184.8985799966315,185.34646606445312,8444800,0.0,0.0
2019-09-17 04:00:00+00:00,185.78438639454836,187.43660302225166,184.6696299583865,187.19772338867188,9671100,0.0,0.0
2019-09-18 04:00:00+00:00,187.2076930532614,188.19305457218215,185.1374482134519,187.25746154785156,9681900,0.0,0.0
2019-09-19 04:00:00+00:00,187.7750241324273,190.20358083986184,187.2674067562529,189.24807739257812,10392700,0.0,0.0
2019-09-20 04:00:00+00:00,189.76563380811857,192.19419040569105,187.23754022715252,189.03904724121094,19934200,0.0,0.0
2019-09-23 04:00:00+00:00,188.45181723443682,189.20826185373613,184.34120106849136,185.9436492919922,13327600,0.0,0.0
2019-09-24 04:00:00+00:00,187.09819417682118,187.15791029089206,179.54380200263316,180.42962646484375,18546600,0.0,0.0
2019-09-25 04:00:00+00:00,180.5988466811004,182.55960696990235,177.035638013816,181.94252014160156,18068300,0.0,0.0
2019-09-26 04:00:00+00:00,180.47939976915816,180.5490635083618,176.8365648415665,179.26512145996094,16083300,0.0,0.0
2019-09-27 04:00:00+00:00,179.64333845293348,179.9120609654577,174.83599385070116,176.2692413330078,14656200,0.0,0.0
2019-09-30 04:00:00+00:00,177.03560733344855,177.83185757252483,176.02040308615616,177.24462890625,10740000,0.0,0.0
2019-10-01 04:00:00+00:00,178.30961927805242,178.99638498734498,174.05966035374882,174.98529052734375,17073000,0.0,0.0
2019-10-02 04:00:00+00:00,174.01982452677828,175.70189919197665,172.2780337506373,173.7809600830078,16151700,0.0,0.0
2019-10-03 04:00:00+00:00,174.74643355447506,178.99639266097572,172.81553138679055,178.53855895996094,16086300,0.0,0.0
2019-10-04 04:00:00+00:00,178.7077587346279,180.13104351186144,177.2645635222184,179.60353088378906,10430200,0.0,0.0
2019-10-07 04:00:00+00:00,179.15561859411926,180.33007591504213,177.2545747741068,178.8371124267578,9178300,0.0,0.0
2019-10-08 04:00:00+00:00,177.423785619308,179.52388832032804,176.88632541518453,176.9161834716797,9466900,0.0,0.0
2019-10-09 04:00:00+00:00,178.3195515470058,179.8722310478809,177.1052734374068,179.00631713867188,7556900,0.0,0.0
2019-10-10 04:00:00+00:00,179.47414925059118,180.75809134333625,178.32953464106544,179.1855010986328,8605000,0.0,0.0
2019-10-11 04:00:00+00:00,181.2955496651338,185.61520277706444,181.28560204135576,183.32598876953125,14930500,0.0,0.0
2019-10-14 04:00:00+00:00,183.33594015270683,183.7539681681342,181.71359658533171,182.42025756835938,7006000,0.0,0.0
2019-10-15 04:00:00+00:00,182.93781705373354,189.48695280561785,182.79847438612796,188.00393676757812,15039100,0.0,0.0
2019-10-16 04:00:00+00:00,187.43663211500595,188.8101484564496,186.02327971430014,188.66085815429688,10516900,0.0,0.0
2019-10-17 04:00:00+00:00,189.40731303850887,189.94477323685385,187.8844914247856,189.49688720703125,9603000,0.0,0.0
2019-10-18 04:00:00+00:00,189.33765417173728,190.59175341273507,183.0572559043437,184.97821044921875,16874200,0.0,0.0
2019-10-21 04:00:00+00:00,186.1626157001383,189.01916327208448,185.8739827306141,188.86985778808594,8122600,0.0,0.0
2019-10-22 04:00:00+00:00,189.108720673442,189.75566548507203,180.64859369594592,181.48464965820312,19537600,0.0,0.0
2019-10-23 04:00:00+00:00,181.1562151103538,185.50572647564948,181.1462674861302,185.27679443359375,12300400,0.0,0.0
2019-10-24 04:00:00+00:00,183.7539531280741,185.85405584451414,181.942498542821,185.50570678710938,11413500,0.0,0.0
2019-10-25 04:00:00+00:00,184.9582869543269,188.11341489491383,184.2217527725275,187.0086212158203,8061200,0.0,0.0
2019-10-28 04:00:00+00:00,186.32185868312075,188.6409306861893,184.21180827140668,188.51153564453125,13657900,0.0,0.0
2019-10-29 04:00:00+00:00,190.7907916610255,191.62684760686182,187.585895348109,188.4219512939453,13574900,0.0,0.0
2019-10-30 04:00:00+00:00,188.67079588719415,189.5566204036889,185.10758738623434,187.366943359375,28734600,0.0,0.0
2019-10-31 04:00:00+00:00,195.7772903868913,197.16076938214727,187.36693181052763,190.7509765625,42286500,0.0,0.0
2019-11-01 04:00:00+00:00,191.94536913115044,193.1994531501472,189.01915789961282,192.7117462158203,21711800,0.0,0.0
2019-11-04 05:00:00+00:00,193.63740936460545,196.44417343252107,192.9008750836281,193.80661010742188,16371300,0.0,0.0
2019-11-05 05:00:00+00:00,194.45352488059575,194.83174718075193,192.6918387910712,193.40846252441406,9942000,0.0,0.0
2019-11-06 05:00:00+00:00,193.1198364810582,193.4582379529475,190.45241520304222,190.65147399902344,10973000,0.0,0.0
2019-11-07 05:00:00+00:00,191.00977999653213,192.5326017601282,188.58122327395193,189.52676391601562,13473000,0.0,0.0
2019-11-08 05:00:00+00:00,189.10872247217333,191.43774204084735,188.81012671503822,189.9447784423828,10760800,0.0,0.0
2019-11-11 05:00:00+00:00,189.03907210645897,189.18837760118814,187.65559290369694,188.7205810546875,8631200,0.0,0.0
2019-11-12 05:00:00+00:00,189.10872179415176,194.14498321829487,188.84994690540836,193.55775451660156,17615500,0.0,0.0
2019-11-13 05:00:00+00:00,193.7866789756847,194.78198807693343,191.83588164207572,192.2837677001953,10860700,0.0,0.0
2019-11-14 05:00:00+00:00,192.0249730486965,193.119819108925,190.5519198662892,192.2439422607422,9040500,0.0,0.0
2019-11-15 05:00:00+00:00,193.3487432540643,194.3838732387254,192.47288155998007,194.184814453125,11524300,0.0,0.0
2019-11-18 05:00:00+00:00,193.64732498610246,197.6982400811823,192.1444137984909,196.4739990234375,16167200,0.0,0.0
2019-11-19 05:00:00+00:00,196.47401811135134,199.0618279495808,195.93655785826084,198.38502502441406,19056800,0.0,0.0
2019-11-20 05:00:00+00:00,197.64849946867503,198.65375627654615,194.513266428532,196.58351135253906,12355400,0.0,0.0
2019-11-21 05:00:00+00:00,196.493908478085,198.15607274923698,195.936537846706,197.0015106201172,12131000,0.0,0.0
2019-11-22 05:00:00+00:00,197.44943641669738,198.3651190232683,196.6929917337643,197.8873748779297,9959800,0.0,0.0
2019-11-25 05:00:00+00:00,198.58407593963173,200.02727109759064,198.31533823013774,198.85279846191406,15272300,0.0,0.0
2019-11-26 05:00:00+00:00,199.06181876298055,199.21110905216818,197.11100625673026,198.03665161132812,11735500,0.0,0.0
2019-11-27 05:00:00+00:00,198.96228920806448,202.18709625983678,198.48454507761335,201.0524444580078,12736600,0.0,0.0
2019-11-29 05:00:00+00:00,200.65433188938263,202.84400899475708,200.26616192609904,200.6941375732422,7985200,0.0,0.0
2019-12-02 05:00:00+00:00,201.18183844298255,201.23159174949927,197.12097538755344,198.7632293701172,11503400,0.0,0.0
2019-12-03 05:00:00+00:00,196.67309648531742,197.99684430602522,194.1649131446677,197.8873748779297,11595300,0.0,0.0
2019-12-04 05:00:00+00:00,199.06181986336279,199.09167792136535,197.12097015713732,197.7778778076172,8456300,0.0,0.0
2019-12-05 05:00:00+00:00,198.92247448917328,200.34575919196072,197.2802205725399,198.42481994628906,9740400,0.0,0.0
2019-12-06 05:00:00+00:00,199.55948001872795,200.62446807477446,199.12154157277283,200.10690307617188,12270600,0.0,0.0
2019-12-09 05:00:00+00:00,199.70877259445834,202.18709781708355,199.2708493307123,200.39553833007812,11954800,0.0,0.0
2019-12-10 05:00:00+00:00,200.7140370700888,201.10220701221758,199.21111060688355,199.927734375,9475700,0.0,0.0
2019-12-11 05:00:00+00:00,199.34051044559442,201.67949296546794,199.34051044559442,201.31121826171875,8036800,0.0,0.0
2019-12-12 05:00:00+00:00,201.4008093696665,202.70466190544602,193.1895090129482,195.8270721435547,23734800,0.0,0.0
2019-12-13 05:00:00+00:00,195.47869876042452,195.87683150785384,192.26385465939134,193.19944763183594,18798000,0.0,0.0
2019-12-16 05:00:00+00:00,194.3539990284115,198.1859296912046,193.8961501910895,196.99156188964844,14911500,0.0,0.0
2019-12-17 05:00:00+00:00,197.90728247570834,198.06653559649607,195.21000298322878,197.4593963623047,10175700,0.0,0.0
2019-12-18 05:00:00+00:00,199.15139600649061,203.3416540384189,199.15139600649061,201.5500946044922,23274400,0.0,0.0
2019-12-19 05:00:00+00:00,201.828771266301,205.33226343239056,201.5600335659583,205.0933837890625,16514600,0.0,0.0
2019-12-20 05:00:00+00:00,206.50673286749497,206.73566490088785,202.47572787643944,205.332275390625,27306900,0.0,0.0
2019-12-23 05:00:00+00:00,205.73039459101398,207.61152824340834,204.7151750237372,205.21282958984375,13348900,0.0,0.0
2019-12-24 05:00:00+00:00,205.33227908167865,205.81997084156072,204.03837415932344,204.15780639648438,6046300,0.0,0.0
2019-12-26 05:00:00+00:00,204.60570480688463,206.84515034569526,204.34691471369524,206.81527709960938,9350700,0.0,0.0
2019-12-27 05:00:00+00:00,207.69115865057015,207.9499335623513,205.6209137946839,207.12384033203125,10284200,0.0,0.0
2019-12-30 05:00:00+00:00,206.88495479230517,206.92476047482845,202.94352398517546,203.45114135742188,10524300,0.0,0.0
2019-12-31 05:00:00+00:00,203.04304933722213,204.5957290492589,202.64493178595515,204.2871856689453,8953500,0.0,0.0
2020-01-02 05:00:00+00:00,205.780143782338,208.80587657807078,205.30239969610878,208.79592895507812,12077100,0.0,0.0
2020-01-03 05:00:00+00:00,206.2380192300166,209.41304271631276,205.9792291267133,207.691162109375,11188400,0.0,0.0
2020-01-06 05:00:00+00:00,205.73038932587127,211.78187051732047,205.55124097651958,211.60272216796875,17058900,0.0,0.0
2020-01-07 05:00:00+00:00,211.82169766091124,213.57343627326793,210.75670959529046,212.06056213378906,14912400,0.0,0.0
2020-01-08 05:00:00+00:00,212.00084645795738,215.22565353344663,211.61267650150876,214.21043395996094,13475000,0.0,0.0
2020-01-09 05:00:00+00:00,216.51954106054566,217.35561227049277,215.26545702644307,217.27598571777344,12642800,0.0,0.0
2020-01-10 05:00:00+00:00,218.17174585240141,218.848563919665,216.40009691672174,217.03709411621094,12119400,0.0,0.0
2020-01-13 05:00:00+00:00,218.56988744950831,220.9287651891354,218.18171750264293,220.86904907226562,14463400,0.0,0.0
2020-01-14 05:00:00+00:00,220.57043548158845,221.336827689664,217.60441881471306,218.0323944091797,13288900,0.0,0.0
2020-01-15 05:00:00+00:00,219.57514961096498,220.64012249161075,219.1073531009804,220.11260986328125,10036500,0.0,0.0
2020-01-16 05:00:00+00:00,221.52595613683127,221.58567225354054,219.35617437738657,220.72970581054688,10015300,0.0,0.0
2020-01-17 05:00:00+00:00,220.98846156677308,221.24723644583165,219.49549802953655,221.0979461669922,15905900,0.0,0.0
2020-01-21 05:00:00+00:00,221.1178841782058,221.32689059464877,218.09213586052408,220.40126037597656,14275800,0.0,0.0
2020-01-22 05:00:00+00:00,221.26716085218317,221.7050992807162,220.2419937068497,220.2818145751953,12212800,0.0,0.0
2020-01-23 05:00:00+00:00,219.7144874693024,220.45102168291515,218.2414342292888,218.7291259765625,11195000,0.0,0.0
2020-01-24 05:00:00+00:00,219.76424815377564,220.73964680087644,215.09624613326204,216.91766357421875,11905800,0.0,0.0
2020-01-27 05:00:00+00:00,212.10038951526025,215.04649614408382,211.50319794030844,213.86207580566406,13810700,0.0,0.0
2020-01-28 05:00:00+00:00,215.12611757088712,217.71392741769657,212.5184124760095,216.76837158203125,13413800,0.0,0.0
2020-01-29 05:00:00+00:00,220.40124946328032,223.14829711100327,217.42526978783843,222.18284606933594,33181300,0.0,0.0
2020-01-30 05:00:00+00:00,205.56119177429653,210.43820039774826,203.7895427519186,208.547119140625,48775500,0.0,0.0
2020-01-31 05:00:00+00:00,207.45226437809475,207.71105445886414,200.11684131403348,200.96286010742188,31359900,0.0,0.0
2020-02-03 05:00:00+00:00,202.48569587200018,204.17771838927396,201.55010284120308,203.232177734375,15495600,0.0,0.0
2020-02-04 05:00:00+00:00,205.65076936637377,209.61211067296307,204.23743221196708,208.84571838378906,19628900,0.0,0.0
2020-02-05 05:00:00+00:00,211.5131407785573,211.7321100052707,207.73097818015233,209.12440490722656,12538200,0.0,0.0
2020-02-06 05:00:00+00:00,209.48269384442835,210.1993175647181,208.35798977479377,209.8609161376953,10567500,0.0,0.0
2020-02-07 05:00:00+00:00,209.31349299116846,211.82167601050796,208.94521832110308,211.33396911621094,12242500,0.0,0.0
2020-02-10 05:00:00+00:00,210.52779274637848,212.7970963619907,209.67182628173794,212.06056213378906,11856400,0.0,0.0
2020-02-11 05:00:00+00:00,209.20402115778077,209.87087642912405,205.54127578995926,206.2180938720703,25030800,0.0,0.0
2020-02-12 05:00:00+00:00,206.8749939679805,210.22918063657784,206.4270927417051,209.77133178710938,13813700,0.0,0.0
2020-02-13 05:00:00+00:00,208.53716838706288,213.32460276260556,208.19875174834357,212.1401824951172,15396600,0.0,0.0
2020-02-14 05:00:00+00:00,212.9961598689132,213.9217900962385,211.65248643036915,213.17530822753906,10741700,0.0,0.0
2020-02-18 05:00:00+00:00,212.5482417682695,216.95745338535107,212.3989363046925,216.77830505371094,15609200,0.0,0.0
2020-02-19 05:00:00+00:00,216.96742686751557,217.2958806788888,215.09624097989015,216.4697723388672,12135100,0.0,0.0
2020-02-20 05:00:00+00:00,215.50432734792386,217.7437727892913,211.951066624426,213.57342529296875,13109200,0.0,0.0
2020-02-21 05:00:00+00:00,212.47858437706003,213.2350290198585,207.85040309421998,209.19406127929688,14092300,0.0,0.0
2020-02-24 05:00:00+00:00,200.8533780258302,202.69469073574572,197.240401157955,199.7784423828125,23080100,0.0,0.0
2020-02-25 05:00:00+00:00,201.30127472961732,202.5454111618152,195.03082407389752,195.84698486328125,21433500,0.0,0.0
2020-02-26 05:00:00+00:00,196.2650004966838,200.2661472625583,194.57297809311262,196.2749481201172,16524500,0.0,0.0
2020-02-27 05:00:00+00:00,190.92020626447123,194.96115893741018,188.61108177295628,188.8599090576172,21682600,0.0,0.0
2020-02-28 05:00:00+00:00,181.84297925151697,191.83589165444653,180.9671175240087,191.56715393066406,32568900,0.0,0.0
2020-03-02 05:00:00+00:00,193.119810496198,195.64790394535578,187.96411699409967,195.5185089111328,24949000,0.0,0.0
2020-03-03 05:00:00+00:00,195.2995500509412,196.31476957098187,183.1070137486246,185.01800537109375,27984100,0.0,0.0
2020-03-04 05:00:00+00:00,188.28262662656724,190.93015256189528,185.51566845533966,190.8604736328125,23062500,0.0,0.0
2020-03-05 05:00:00+00:00,185.90383992419214,188.1034798056102,183.0273971175453,184.3013916015625,19333400,0.0,0.0
2020-03-06 05:00:00+00:00,177.49346157116247,182.91789276032495,175.43316458422404,180.24050903320312,24559600,0.0,0.0
2020-03-09 04:00:00+00:00,168.80444727372378,174.17911090682037,164.41513003394073,168.7049102783203,29949000,0.0,0.0
2020-03-10 04:00:00+00:00,173.8506487479301,177.45366303879118,168.70490222523648,177.35414123535156,24517800,0.0,0.0
2020-03-11 04:00:00+00:00,173.19372576711294,175.05496405492758,166.8735222862603,169.44142150878906,20373900,0.0,0.0
2020-03-12 04:00:00+00:00,158.79160088690318,165.81849561381748,153.61599680788407,153.74539184570312,43266300,0.0,0.0
2020-03-13 04:00:00+00:00,162.76289528996463,169.98883386112942,156.86071963923848,169.48123168945312,35028600,0.0,0.0
2020-03-16 04:00:00+00:00,151.60550220981705,158.38355532348754,142.42875031756859,145.32508850097656,39120400,0.0,0.0
2020-03-17 04:00:00+00:00,150.0328856174796,153.21787141166993,139.34326138391765,148.7190704345703,34255600,0.0,0.0
2020-03-18 04:00:00+00:00,139.09445920438958,147.48490838030915,136.45689592763517,146.27064514160156,37553100,0.0,0.0
2020-03-19 04:00:00+00:00,145.93221038975346,159.1797716276007,144.12075578707334,152.41168212890625,39862300,0.0,0.0
2020-03-20 04:00:00+00:00,155.2881366786974,158.5228913921021,147.30575310273773,149.0276336669922,32568400,0.0,0.0
2020-03-23 04:00:00+00:00,148.95796851406902,151.59553164206548,141.58272419240208,147.40528869628906,29830800,0.0,0.0
2020-03-24 04:00:00+00:00,154.4819309846351,160.55330733873305,151.85431558698232,160.224853515625,30440400,0.0,0.0
2020-03-25 04:00:00+00:00,158.17452843962602,162.22544397367818,152.3420162078243,155.4772491455078,35184300,0.0,0.0
2020-03-26 04:00:00+00:00,157.507671619343,163.23069918213113,156.28344562789644,162.57379150390625,26556800,0.0,0.0
2020-03-27 04:00:00+00:00,157.45790924208282,159.33904298483642,154.0240956084485,156.0545196533203,24879900,0.0,0.0
2020-03-30 04:00:00+00:00,158.43330719778598,165.96780494292827,157.31856578161563,165.1715545654297,22515200,0.0,0.0
2020-03-31 04:00:00+00:00,164.70374754892737,170.1281791701588,163.42975310094974,166.01756286621094,23676300,0.0,0.0
2020-04-01 04:00:00+00:00,160.86186245632155,163.37999342987356,157.29865382162922,158.85134887695312,19507600,0.0,0.0
2020-04-02 04:00:00+00:00,158.35368721548863,160.5931327375902,155.18859631356824,157.4479522705078,20886300,0.0,0.0
2020-04-03 04:00:00+00:00,156.4128259656046,157.16927063515496,150.12248007042623,153.45675659179688,25983300,0.0,0.0
2020-04-06 04:00:00+00:00,159.39875882501565,165.42038239099023,157.76645238014177,164.7734375,28453600,0.0,0.0
2020-04-07 04:00:00+00:00,170.98414664464016,172.57664730782005,165.23126115940093,168.0380401611328,31411900,0.0,0.0
2020-04-08 04:00:00+00:00,170.44667811396883,174.17908712376376,166.95314874819678,173.46246337890625,21664200,0.0,0.0
2020-04-09 04:00:00+00:00,175.07485549944573,176.2493280736442,170.76518068558494,174.36819458007812,23534300,0.0,0.0
2020-04-13 04:00:00+00:00,172.8553209791983,174.17908383883875,168.65511557107914,173.97006225585938,19355400,0.0,0.0
2020-04-14 04:00:00+00:00,178.1404264930003,180.3798720689149,175.7914963036636,177.334228515625,21011800,0.0,0.0
2020-04-15 04:00:00+00:00,174.3681978774768,177.35412507847326,172.00932024859716,176.1398468017578,17423000,0.0,0.0
2020-04-16 04:00:00+00:00,177.115270910848,177.2148079067495,171.70078637761372,175.42324829101562,23593200,0.0,0.0
2020-04-17 04:00:00+00:00,178.35937957242533,179.4343151740126,175.831301255752,178.39920043945312,20974800,0.0,0.0
2020-04-20 04:00:00+00:00,176.5777917677822,179.65329325390158,175.94079454877485,177.40390014648438,16110700,0.0,0.0
2020-04-21 04:00:00+00:00,174.4279169412668,174.55731198207238,167.55032752706842,169.99879455566406,24850500,0.0,0.0
2020-04-22 04:00:00+00:00,177.6129063309754,183.91321477323393,177.30436293910685,181.42494201660156,33242000,0.0,0.0
2020-04-23 04:00:00+00:00,183.216503812133,186.1725731002809,182.29085843732526,184.26158142089844,21426600,0.0,0.0
2020-04-24 04:00:00+00:00,182.3704800533545,189.51680720691496,179.98174431557817,189.17840576171875,28792000,0.0,0.0
2020-04-27 04:00:00+00:00,191.75626706778257,192.84115041097004,186.53089395987243,186.62046813964844,29197800,0.0,0.0
2020-04-28 04:00:00+00:00,187.77502961849112,188.31248988208242,181.70363767252206,182.052001953125,21731000,0.0,0.0
2020-04-29 04:00:00+00:00,190.0343657537774,195.98632531267825,189.10873554858563,193.27908325195312,45954500,0.0,0.0
2020-04-30 04:00:00+00:00,205.94936529373084,208.70637586217512,200.62447051048667,203.74974060058594,46230100,0.0,0.0
2020-05-01 04:00:00+00:00,200.6543269554362,206.30767553165344,198.11628563304635,201.32118225097656,30415600,0.0,0.0
2020-05-04 04:00:00+00:00,199.26087293125784,204.94409440774302,197.82762543939134,204.29713439941406,19250700,0.0,0.0
2020-05-05 04:00:00+00:00,206.04891009257037,209.3931495350647,205.53134506806654,206.0986785888672,21071200,0.0,0.0
2020-05-06 04:00:00+00:00,207.14370120986592,210.60738741432263,205.69055859582073,207.4920654296875,21857000,0.0,0.0
2020-05-07 04:00:00+00:00,210.16949064523843,210.6074291155417,208.05942485079666,210.26901245117188,15152000,0.0,0.0
2020-05-08 04:00:00+00:00,211.2444124843552,212.20986354293584,209.86093341905072,211.35389709472656,12506000,0.0,0.0
2020-05-11 04:00:00+00:00,209.90074145440502,213.99146257910334,209.3831764552827,212.17999267578125,12911900,0.0,0.0
2020-05-12 04:00:00+00:00,212.28947957287878,214.27015022686598,209.0149191879739,209.1144561767578,14704600,0.0,0.0
2020-05-13 04:00:00+00:00,208.44759969091066,209.79127319369093,201.16194420145328,204.13792419433594,20684600,0.0,0.0
2020-05-14 04:00:00+00:00,201.60982550231438,205.95932176831468,199.74860219163924,205.8398895263672,17178900,0.0,0.0
2020-05-15 04:00:00+00:00,204.3071080557419,210.34862653870135,203.1624934512638,209.8907928466797,19383200,0.0,0.0
2020-05-18 04:00:00+00:00,211.154826661047,213.63315187160842,209.9505111139863,212.18995666503906,20151900,0.0,0.0
2020-05-19 04:00:00+00:00,212.26957395711014,219.45570680460858,211.83163552739043,215.86264038085938,31843200,0.0,0.0
2020-05-20 04:00:00+00:00,222.45158424806226,230.2548039610948,222.14304085646398,228.8912353515625,50162900,0.0,0.0
2020-05-21 04:00:00+00:00,233.6189464600002,236.0873087047166,230.11545427616284,230.3045654296875,47782600,0.0,0.0
2020-05-22 04:00:00+00:00,230.42399970712026,234.8829953215454,227.66700448955004,233.8080596923828,33925600,0.0,0.0
2020-05-26 04:00:00+00:00,238.64526051695054,239.76994944134196,230.58325095646444,231.1107635498047,33178300,0.0,0.0
2020-05-27 04:00:00+00:00,227.99547602682463,229.4784769518686,220.09271888533493,228.0651397705078,34697600,0.0,0.0
2020-05-28 04:00:00+00:00,223.24782736063887,230.54344466366163,222.9492316023007,224.4023895263672,29377200,0.0,0.0
2020-05-29 04:00:00+00:00,224.14360325935553,226.42286957245176,221.83449407585033,224.03411865234375,23241500,0.0,0.0
2020-06-01 04:00:00+00:00,223.5364586695916,231.3496408839702,222.45157543655426,230.82212829589844,18223800,0.0,0.0
2020-06-02 04:00:00+00:00,229.85667749839604,231.90701173875053,225.4972189414253,231.62832641601562,20919000,0.0,0.0
2020-06-03 04:00:00+00:00,231.0212025473754,231.55866279468,227.45799404297122,229.08035278320312,15380300,0.0,0.0
2020-06-04 04:00:00+00:00,228.48316553183412,230.5434627575773,223.5563882878214,225.22850036621094,17041500,0.0,0.0
2020-06-05 04:00:00+00:00,225.64651724394463,230.26475054323444,224.25307548733176,229.68746948242188,16750400,0.0,0.0
2020-06-08 04:00:00+00:00,227.95565161195444,230.46383490259535,226.34325566157713,230.3145294189453,15466500,0.0,0.0
2020-06-09 04:00:00+00:00,230.43396122975577,238.64526109613027,229.32916754933692,237.5504150390625,27462900,0.0,0.0
2020-06-10 04:00:00+00:00,239.82969057798536,240.07851785626352,234.17632691815564,235.61952209472656,20720700,0.0,0.0
2020-06-11 04:00:00+00:00,228.8613909818437,231.79754997026913,222.50136604855385,223.37722778320312,26708200,0.0,0.0
2020-06-12 04:00:00+00:00,228.82155155387912,230.57330525554136,223.44688859355128,227.50775146484375,22091400,0.0,0.0
2020-06-15 04:00:00+00:00,224.0341335837579,232.67342492837398,223.74550061178724,231.4093780517578,15340300,0.0,0.0
2020-06-16 04:00:00+00:00,236.02760222600364,237.3414175437822,231.90702310957099,234.54458618164062,15236700,0.0,0.0
2020-06-17 04:00:00+00:00,233.89765824588127,236.475505387575,230.64299296169983,234.4251708984375,19578100,0.0,0.0
2020-06-18 04:00:00+00:00,233.88768086844843,235.0322802095869,231.06099160312036,234.83322143554688,15782500,0.0,0.0
2020-06-19 04:00:00+00:00,236.6745365134077,239.7002845838928,234.44505392169353,237.6698455810547,30081300,0.0,0.0
2020-06-22 04:00:00+00:00,237.44093171767489,239.57089254159123,235.79867781040153,238.09783935546875,18917800,0.0,0.0
2020-06-23 04:00:00+00:00,240.14818004688533,244.03984229896915,238.7348429378527,241.1036834716797,24017900,0.0,0.0
2020-06-24 04:00:00+00:00,240.06855330130904,242.07908194761006,231.58851546677465,232.9222412109375,20834900,0.0,0.0
2020-06-25 04:00:00+00:00,233.5194071975921,236.18684338031437,231.64823648888802,234.57443237304688,18704300,0.0,0.0
2020-06-26 04:00:00+00:00,231.54870716841384,231.9965932235573,214.3895729095091,215.06639099121094,76343900,0.0,0.0
2020-06-29 04:00:00+00:00,208.76608040823072,219.7144803342881,206.1384650334654,219.60499572753906,58514300,0.0,0.0
2020-06-30 04:00:00+00:00,219.55523817330223,226.43282793258098,217.44518766961858,226.00485229492188,33927100,0.0,0.0
2020-07-01 04:00:00+00:00,227.42813364168225,237.87887938889304,226.4925406400733,236.43568420410156,43399700,0.0,0.0
2020-07-02 04:00:00+00:00,237.8788691918039,238.87417826792023,231.51884480290894,232.32504272460938,30633600,0.0,0.0
2020-07-06 04:00:00+00:00,232.66345799323958,239.27231004394164,231.18045710150358,239.1528778076172,26206200,0.0,0.0
2020-07-07 04:00:00+00:00,238.2869683375528,246.488306051291,237.69973958129484,239.73016357421875,27887800,0.0,0.0
2020-07-08 04:00:00+00:00,236.9930511788035,245.83140087543913,235.48017708946685,242.43739318847656,29791300,0.0,0.0
2020-07-09 04:00:00+00:00,243.8507429563682,245.37356474842485,238.11776769140272,243.35308837890625,22174900,0.0,0.0
2020-07-10 04:00:00+00:00,242.54687872860399,244.3384381587484,238.19738279067388,243.92041015625,22982700,0.0,0.0
2020-07-13 04:00:00+00:00,245.85129618392398,248.97656616137195,237.30159462993635,237.87887573242188,24674900,0.0,0.0
2020-07-14 04:00:00+00:00,235.64938416002582,239.20264504411762,230.94157622737293,238.60545349121094,23378100,0.0,0.0
2020-07-15 04:00:00+00:00,240.41692466182906,243.67158978658026,236.93334268838524,239.1528778076172,19133600,0.0,0.0
2020-07-16 04:00:00+00:00,236.88355642971814,240.62591303028745,235.2213921209329,239.7998046875,18880700,0.0,0.0
2020-07-17 04:00:00+00:00,239.86950138566678,243.01468189523962,236.74423131120093,240.89466857910156,18152400,0.0,0.0
2020-07-20 04:00:00+00:00,238.9338957654093,244.89580263324785,234.53463144597885,244.2687530517578,20872200,0.0,0.0
2020-07-21 04:00:00+00:00,245.06499953856144,245.75176522431602,238.9538024784891,240.615966796875,19364200,0.0,0.0
2020-07-22 04:00:00+00:00,239.1329514235183,240.76525768900538,237.00299062358746,238.74478149414062,15427900,0.0,0.0
2020-07-23 04:00:00+00:00,238.5059174246869,241.28282304901907,230.66287708921092,231.50889587402344,21771800,0.0,0.0
2020-07-24 04:00:00+00:00,229.11021209725732,232.39473527850313,225.83563653996,229.62777709960938,18325800,0.0,0.0
2020-07-27 04:00:00+00:00,230.37425443256768,233.84787352398592,229.74720483023086,232.40467834472656,13163100,0.0,0.0
2020-07-28 04:00:00+00:00,233.5293811459508,233.8578349744444,228.75189438446205,229.04052734375,14170100,0.0,0.0
2020-07-29 04:00:00+00:00,230.05572463174246,232.6037132747854,229.2296163285791,232.1956329345703,13588300,0.0,0.0
2020-07-30 04:00:00+00:00,229.14005700163025,233.7881485703719,227.92577871229093,233.3999786376953,20615300,0.0,0.0
2020-07-31 04:00:00+00:00,254.61998043314145,254.6498384910685,247.83196510310646,252.4800567626953,53005100,0.0,0.0
2020-08-03 04:00:00+00:00,251.46484196312005,254.20194203082048,249.15573271244656,250.77809143066406,23124900,0.0,0.0
2020-08-04 04:00:00+00:00,250.3799462277608,251.61413493706954,246.269314925031,248.65806579589844,17183500,0.0,0.0
2020-08-05 04:00:00+00:00,249.01638879497116,251.08663356735158,246.60774256993932,247.95140075683594,13050100,0.0,0.0
2020-08-06 04:00:00+00:00,247.87175906116246,265.3493987315921,247.50349957267164,264.03558349609375,45241600,0.0,0.0
2020-08-07 04:00:00+00:00,262.8412225175767,277.5817787240025,262.1942776559139,267.1807861328125,72766400,0.0,0.0
2020-08-10 04:00:00+00:00,266.7826628147097,272.5753387604546,258.4718256568246,261.76629638671875,30248800,0.0,0.0
2020-08-11 04:00:00+00:00,258.9694803986292,264.672612547767,253.93321871958005,254.92852783203125,28238300,0.0,0.0
2020-08-12 04:00:00+00:00,257.7552006941737,262.66206730257227,256.89921906732263,258.6708984375,21415700,0.0,0.0
2020-08-13 04:00:00+00:00,260.3230765364428,263.91615809354823,258.35238400666503,260.0742492675781,17374000,0.0,0.0
2020-08-14 04:00:00+00:00,261.0795143399958,261.4179157718895,257.46653763046413,260.0145263671875,14792700,0.0,0.0
2020-08-17 04:00:00+00:00,261.268677789371,262.86117866221076,258.18321304344903,259.9349670410156,13351100,0.0,0.0
2020-08-18 04:00:00+00:00,259.7259112021232,263.906191026981,258.043836461771,261.109375,18690400,0.0,0.0
2020-08-19 04:00:00+00:00,260.1638626256813,266.65326708267753,260.1240417564759,261.35821533203125,23291500,0.0,0.0
2020-08-20 04:00:00+00:00,260.2733269275274,268.36519468579377,260.2335060591054,267.74810791015625,20299700,0.0,0.0
2020-08-21 04:00:00+00:00,267.4296194155612,269.22116374565314,265.17027856741726,265.75750732421875,15538600,0.0,0.0
2020-08-24 04:00:00+00:00,269.7984371667925,275.94943993573304,267.50920807883097,270.116943359375,23685600,0.0,0.0
2020-08-25 04:00:00+00:00,271.1321330658876,281.76202608150675,268.99222475343265,279.502685546875,42127200,0.0,0.0
2020-08-26 04:00:00+00:00,282.66779682087395,303.24085018663294,282.66779682087395,302.4844055175781,69015200,0.0,0.0
2020-08-27 04:00:00+00:00,298.75195998903666,299.8169479335092,290.6501299620831,291.8445129394531,30301300,0.0,0.0
2020-08-28 04:00:00+00:00,293.6162118942067,295.8357623290817,289.61507987369595,292.2825012207031,17157400,0.0,0.0
2020-08-31 04:00:00+00:00,292.5711584313831,295.4874071667124,290.18239199516563,291.8246765136719,17345100,0.0,0.0
2020-09-01 04:00:00+00:00,293.3275515681206,300.07574640110494,291.33693326488725,294.05413818359375,17295900,0.0,0.0
2020-09-02 04:00:00+00:00,297.478009831499,302.17587033269757,291.67534035600045,301.0810241699219,24341400,0.0,0.0
2020-09-03 04:00:00+00:00,294.6015141977818,296.20397755323415,282.2995089943307,289.7543640136719,32294100,0.0,0.0
2020-09-04 04:00:00+00:00,285.9025336723623,287.64432456505733,269.86811894847597,281.40374755859375,30333700,0.0,0.0
2020-09-08 04:00:00+00:00,270.00743271209274,277.98980020584395,268.1561724941728,269.88800048828125,24864000,0.0,0.0
2020-09-09 04:00:00+00:00,274.47637611822677,277.1736856148688,270.07712696126345,272.4360046386719,22918800,0.0,0.0
2020-09-10 04:00:00+00:00,274.21763528054476,277.8505076249428,265.7774027031436,266.8324279785156,24814700,0.0,0.0
2020-09-11 04:00:00+00:00,268.793203938526,270.1169822030005,261.40802657934574,265.359375,18913900,0.0,0.0
2020-09-14 04:00:00+00:00,269.6789907723276,275.3423015188059,264.4536184240403,264.9014892578125,24093800,0.0,0.0
2020-09-15 04:00:00+00:00,269.4003294236436,273.2322451870108,268.0367304321977,271.1421203613281,18478500,0.0,0.0
2020-09-16 04:00:00+00:00,266.0361787536034,271.1620145612476,260.56197868488323,262.2838439941406,29183400,0.0,0.0
2020-09-17 04:00:00+00:00,257.0684251812783,260.2733215991201,249.0163784562783,253.62466430664062,31281400,0.0,0.0
2020-09-18 04:00:00+00:00,257.18785732363517,257.98412280339227,248.87703571081616,251.34539794921875,28130800,0.0,0.0
2020-09-21 04:00:00+00:00,246.3788074978539,248.77750606956155,242.98481501511017,246.98594665527344,24709400,0.0,0.0
2020-09-22 04:00:00+00:00,252.12174514493194,254.12232615141394,247.0556254818363,253.55499267578125,30293100,0.0,0.0
2020-09-23 04:00:00+00:00,254.0626021641427,256.77979182708066,246.9859536672072,247.8518829345703,19641300,0.0,0.0
2020-09-24 04:00:00+00:00,245.34369641338654,251.056776190774,244.46781953382853,248.35948181152344,20006800,0.0,0.0
2020-09-25 04:00:00+00:00,248.230075786762,254.5502944511471,245.4531701660315,253.62466430664062,18351300,0.0,0.0
2020-09-28 04:00:00+00:00,258.18319498630234,258.3822689718947,253.6246923107249,255.6153106689453,18826300,0.0,0.0
2020-09-29 04:00:00+00:00,256.60063999657757,262.09473536563075,255.69490505880265,260.5619812011719,20200200,0.0,0.0
2020-09-30 04:00:00+00:00,260.7511200186499,264.8318635152906,258.8799338278093,260.6714782714844,20142500,0.0,0.0
2020-10-01 04:00:00+00:00,264.1052780170264,267.0712797207441,263.55783978269386,265.3792724609375,20009800,0.0,0.0
2020-10-02 04:00:00+00:00,259.9846736739717,263.9061938397875,257.96419747681665,258.72064208984375,16367600,0.0,0.0
2020-10-05 04:00:00+00:00,260.9700800610407,263.6275385712825,259.61644377679187,263.4085693359375,12822300,0.0,0.0
2020-10-06 04:00:00+00:00,260.55201480338883,264.4436770266366,257.0286120869795,257.4466552734375,18696900,0.0,0.0
2020-10-07 04:00:00+00:00,257.99403231366546,258.959483239664,253.62464168425487,256.9091491699219,23133400,0.0,0.0
2020-10-08 04:00:00+00:00,258.53153642046505,263.3786868343501,257.93434489090373,262.5227355957031,16312800,0.0,0.0
2020-10-09 04:00:00+00:00,263.2791517261419,263.5080837535246,260.94019964486534,263.2095031738281,14107800,0.0,0.0
2020-10-12 04:00:00+00:00,268.9325286264946,278.86569391831364,266.61344143402437,274.45648193359375,31019300,0.0,0.0
2020-10-13 04:00:00+00:00,276.2778826663997,277.7907719164177,272.10756554144547,274.84466552734375,18063300,0.0,0.0
2020-10-14 04:00:00+00:00,276.3177023990364,277.44240652125444,270.22641567899757,270.544921875,15577800,0.0,0.0
2020-10-15 04:00:00+00:00,266.3447184113569,267.77796593011686,262.433160979685,265.4688415527344,15416100,0.0,0.0
2020-10-16 04:00:00+00:00,266.12576657606246,270.0970403824918,264.05550652513386,264.68255615234375,16622700,0.0,0.0
2020-10-19 04:00:00+00:00,264.28439812867344,267.29022038040654,258.6609083413512,260.17376708984375,13587000,0.0,0.0
2020-10-20 04:00:00+00:00,261.82601016031515,268.4348771828247,261.64686181166746,266.3049011230469,18763200,0.0,0.0
2020-10-21 04:00:00+00:00,278.2486090558798,281.7222280886955,275.07357060274734,277.4225158691406,28998600,0.0,0.0
2020-10-22 04:00:00+00:00,278.557159619,281.1250741680907,273.74982991577525,276.81536865234375,16720000,0.0,0.0
2020-10-23 04:00:00+00:00,277.4921790945712,283.90197245570727,275.52148641560984,283.4541015625,17535200,0.0,0.0
2020-10-26 04:00:00+00:00,281.8317273689323,283.8920244882496,272.97348248625366,275.8100891113281,21322900,0.0,0.0
2020-10-27 04:00:00+00:00,277.4523416132517,283.17536826121864,275.0138224569588,281.9610900878906,16287200,0.0,0.0
2020-10-28 04:00:00+00:00,277.4822304436777,277.4822304436777,266.00631782044366,266.4143981933594,23121800,0.0,0.0
2020-10-29 04:00:00+00:00,275.2527427021206,282.26969067440155,272.4957471970667,279.5126647949219,32368100,0.0,0.0
2020-10-30 04:00:00+00:00,273.212316338939,275.4020082553577,257.8845640472668,261.875732421875,47247800,0.0,0.0
2020-11-02 05:00:00+00:00,263.35876341528666,269.20122229531967,256.13281046685813,260.1339416503906,27165700,0.0,0.0
2020-11-03 05:00:00+00:00,261.92556563886893,268.7832300468514,259.6562619391698,264.0555114746094,17961900,0.0,0.0
2020-11-04 05:00:00+00:00,279.68184474923083,287.5846010841984,277.3130043359313,286.03192138671875,35364400,0.0,0.0
2020-11-05 05:00:00+00:00,290.53074069652536,295.9850458838273,287.5945968691913,293.2976989746094,23823600,0.0,0.0
2020-11-06 05:00:00+00:00,292.57113633366833,293.2180812052693,286.70875086963366,292.0336608886719,13891000,0.0,0.0
2020-11-09 05:00:00+00:00,288.51024803193854,291.20752722619574,277.2234463234574,277.4623107910156,25117700,0.0,0.0
2020-11-10 05:00:00+00:00,271.81890900584,272.7146810804901,262.76159053010724,271.15203857421875,29067700,0.0,0.0
2020-11-11 05:00:00+00:00,272.18718479628217,277.09405144160837,271.20183849260155,275.1830749511719,14957000,0.0,0.0
2020-11-12 05:00:00+00:00,275.8797669856649,278.4377186434033,273.14266698112743,273.78961181640625,12899500,0.0,0.0
2020-11-13 05:00:00+00:00,276.4172254080379,276.4570462741308,271.8189025429995,275.6508483886719,10391200,0.0,0.0
2020-11-16 05:00:00+00:00,273.7597658538778,278.09932948386626,273.34175302621117,277.65142822265625,12970400,0.0,0.0
2020-11-17 05:00:00+00:00,276.3773816305941,276.3773816305941,272.0079911397804,273.7099609375,15040300,0.0,0.0
2020-11-18 05:00:00+00:00,273.23223989171385,276.0888024886714,270.5648188258452,270.6942138671875,12152900,0.0,0.0
2020-11-19 05:00:00+00:00,269.74866113351766,272.18718057635516,267.92725884670676,271.65966796875,12963700,0.0,0.0
2020-11-20 05:00:00+00:00,271.28144492468033,271.7193833571145,268.1462273454444,268.43487548828125,18114700,0.0,0.0
2020-11-23 05:00:00+00:00,269.6192890712651,269.6790051856263,263.2891075791746,267.1708068847656,20990800,0.0,0.0
2020-11-24 05:00:00+00:00,267.23049402848534,276.5167436724169,266.6134073307033,275.6209716796875,16930400,0.0,0.0
2020-11-25 05:00:00+00:00,276.8352977329993,278.8657065013396,271.37102992044345,274.2972412109375,12467000,0.0,0.0
2020-11-27 05:00:00+00:00,276.08885357047166,277.8206819841269,273.5309014512847,276.5068664550781,7808400,0.0,0.0
2020-11-30 05:00:00+00:00,274.73518333665197,276.3973629811554,269.73874234067944,275.6707763671875,16693300,0.0,0.0
2020-12-01 05:00:00+00:00,277.8504920902116,287.9429105727545,277.65141812037837,285.205810546875,20738900,0.0,0.0
2020-12-02 05:00:00+00:00,284.02139332383297,290.4112911809428,279.512644266161,286.1712646484375,17361600,0.0,0.0
2020-12-03 05:00:00+00:00,284.90721630536245,285.30533385151614,279.7515227027808,280.5278625488281,12921700,0.0,0.0
2020-12-04 05:00:00+00:00,278.9851617196769,282.13034249421014,277.9898525014484,278.38800048828125,10880300,0.0,0.0
2020-12-07 05:00:00+00:00,277.8803471574216,287.1367095410005,276.8950008785257,284.2403564453125,13007700,0.0,0.0
2020-12-08 05:00:00+00:00,284.66832885271003,285.0863416113504,280.22922896721013,282.070556640625,10747700,0.0,0.0
2020-12-09 05:00:00+00:00,282.329397822939,286.28077637305904,270.4752621725787,276.6163330078125,25189700,0.0,0.0
2020-12-10 05:00:00+00:00,274.2474932581633,277.4225318947047,270.5847324807346,275.820068359375,20065100,0.0,0.0
2020-12-11 05:00:00+00:00,273.2421984939375,275.18306333533354,268.9822768780611,272.26678466796875,14391400,0.0,0.0
2020-12-14 05:00:00+00:00,272.0876478298217,275.9195939963605,270.28614076214086,272.90380859375,16376900,0.0,0.0
2020-12-15 05:00:00+00:00,273.540791990355,274.7849283899252,266.2153314494091,274.2574157714844,23979500,0.0,0.0
2020-12-16 05:00:00+00:00,273.4711571007699,276.5565912263314,271.2317114696477,274.37689208984375,15885000,0.0,0.0
2020-12-17 05:00:00+00:00,275.77025988262596,279.12444620631015,272.3264690233632,273.1924133300781,16377800,0.0,0.0
2020-12-18 05:00:00+00:00,274.4763744909662,276.69592467766915,269.868118957792,275.1034240722656,26693200,0.0,0.0
2020-12-21 05:00:00+00:00,271.69948713418097,273.3815619312568,266.5338305117045,271.5103759765625,16553700,0.0,0.0
2020-12-22 05:00:00+00:00,270.22644485463616,270.22644485463616,263.38867558507343,265.8371276855469,17312900,0.0,0.0
2020-12-23 05:00:00+00:00,265.63804703983703,270.8932776109496,264.98113942164525,266.852294921875,14329000,0.0,0.0
2020-12-24 05:00:00+00:00,267.6186981893969,269.13155698779786,264.9512772654711,266.1456298828125,6702000,0.0,0.0
2020-12-28 05:00:00+00:00,267.4793892249142,275.9992336914656,264.413850201667,275.7006530761719,23299700,0.0,0.0
2020-12-29 05:00:00+00:00,275.65087485187087,279.1941729137728,274.984004372084,275.4816589355469,16383000,0.0,0.0
2020-12-30 05:00:00+00:00,276.6461927379094,276.7755574139895,270.4354429346406,270.5946960449219,11803800,0.0,0.0
2020-12-31 05:00:00+00:00,270.7240998035171,275.7902199379974,268.54437024646853,271.878662109375,12900400,0.0,0.0
2021-01-04 05:00:00+00:00,273.4910378759819,273.7100070966361,263.9559899025982,267.6784362792969,15106100,0.0,0.0
2021-01-05 05:00:00+00:00,267.0314622056163,271.1221676479237,266.95182047531745,269.6988830566406,9871600,0.0,0.0
2021-01-06 05:00:00+00:00,260.7710070140246,266.49403483971406,258.79035145155876,262.0748596191406,24354100,0.0,0.0
2021-01-07 05:00:00+00:00,264.65269578810233,270.3359025056691,263.53795440473635,267.4793701171875,15789800,0.0,0.0
2021-01-08 05:00:00+00:00,267.0513994328306,267.6884118776815,261.94545856026525,266.31488037109375,18528300,0.0,0.0
2021-01-11 05:00:00+00:00,259.25811720283696,262.23408159904403,254.6995846575814,255.6351776123047,30412300,0.0,0.0
2021-01-12 05:00:00+00:00,255.42617600130689,258.5016774369471,249.1258676545651,249.9121551513672,26383500,0.0,0.0
2021-01-13 05:00:00+00:00,250.37002054769732,252.75875644070985,248.0310379625794,250.4595947265625,19528900,0.0,0.0
2021-01-14 05:00:00+00:00,252.21132524701002,253.83368397453697,243.4625647536948,244.48773193359375,29739400,0.0,0.0
2021-01-15 05:00:00+00:00,246.7371168177972,252.66916566410885,246.00059781255973,250.18089294433594,24942900,0.0,0.0
2021-01-19 05:00:00+00:00,255.69490322853497,260.9700597144118,251.53451845577186,259.8752136230469,28028500,0.0,0.0
2021-01-20 05:00:00+00:00,267.6684913704016,269.05198571488916,262.3635067882512,266.2253112792969,25199900,0.0,0.0
2021-01-21 05:00:00+00:00,267.996944972937,272.3165829346263,266.2352283803753,271.5899963378906,20838700,0.0,0.0
2021-01-22 05:00:00+00:00,270.7340616704065,277.1637505134618,270.72409885872037,273.2123718261719,21954000,0.0,0.0
2021-01-25 05:00:00+00:00,276.8352971469543,278.78609454501253,270.2363927277571,276.7059020996094,19087000,0.0,0.0
2021-01-26 05:00:00+00:00,276.835296731814,284.05128794344364,276.50682770836573,280.7269287109375,19373600,0.0,0.0
2021-01-27 05:00:00+00:00,281.20464793942597,282.1203455756536,266.8622417379,270.8634033203125,35346200,0.0,0.0
2021-01-28 05:00:00+00:00,275.8797857733197,285.44472259889307,263.45834689190224,263.7569274902344,37758800,0.0,0.0
2021-01-29 05:00:00+00:00,264.05550044172963,265.309599667257,253.65453824202993,257.1181945800781,30389500,0.0,0.0
2021-02-01 05:00:00+00:00,258.302574303838,262.93078533795904,253.71421450798104,260.7809143066406,22914300,0.0,0.0
2021-02-02 05:00:00+00:00,262.76160968920584,267.5888650330022,262.0350230912574,265.8271484375,17320800,0.0,0.0
2021-02-03 05:00:00+00:00,264.3740027465401,267.93722639438874,262.6023537335994,265.399169921875,14223400,0.0,0.0
2021-02-04 05:00:00+00:00,265.7574788266206,266.9020781577991,262.76158887006744,265.2398986816406,16060000,0.0,0.0
2021-02-05 05:00:00+00:00,265.54845664984947,267.9073647395341,264.4237828774701,266.8423767089844,12454400,0.0,0.0
2021-02-08 05:00:00+00:00,267.48936326463235,268.59414196201845,263.7569535446607,265.32952880859375,13755200,0.0,0.0
2021-02-09 05:00:00+00:00,265.19014520169947,272.1075552356583,264.50337952856717,268.18603515625,14613400,0.0,0.0
2021-02-10 05:00:00+00:00,271.1719923664945,272.5156354308473,266.4641691122847,270.5946960449219,14687200,0.0,0.0
2021-02-11 05:00:00+00:00,270.6146067216081,272.29665116199936,267.2305314702786,269.12164306640625,12828600,0.0,0.0
2021-02-12 05:00:00+00:00,269.25100486620556,269.9079125124252,267.0812383336282,269.2311096191406,9097600,0.0,0.0
2021-02-16 05:00:00+00:00,269.52970164754623,275.3025128560429,268.7832197961873,272.6848449707031,15417200,0.0,0.0
2021-02-17 05:00:00+00:00,269.96765573516075,272.68486076629716,268.3154388301822,272.2867431640625,12763200,0.0,0.0
2021-02-18 05:00:00+00:00,268.3054911280868,270.67433173208707,264.7820882811947,268.1263427734375,15249100,0.0,0.0
2021-02-19 05:00:00+00:00,268.594091474346,269.00217183862065,258.92964889423274,260.3330383300781,25622600,0.0,0.0
2021-02-22 05:00:00+00:00,256.7399851091277,261.83596265492633,256.3219419376639,259.1087951660156,17434900,0.0,0.0
2021-02-23 05:00:00+00:00,258.28273270429423,266.2053852874172,253.7640357008201,264.6128845214844,21924600,0.0,0.0
2021-02-24 05:00:00+00:00,261.09943685353267,265.1304571495634,257.17794673350454,263.0701599121094,15736100,0.0,0.0
2021-02-25 05:00:00+00:00,261.069557227545,265.6878058976632,252.8483097667801,253.49526977539062,19053100,0.0,0.0
2021-02-26 05:00:00+00:00,255.26696051413182,264.3043549960572,255.26696051413182,256.41156005859375,26619500,0.0,0.0
2021-03-01 05:00:00+00:00,259.5965474990258,265.3991866510312,256.6902313300045,263.6673583984375,22157300,0.0,0.0
2021-03-02 05:00:00+00:00,264.5332593844024,265.4588895855385,257.43670042684397,257.7850646972656,15191700,0.0,0.0
2021-03-03 05:00:00+00:00,259.0690275823576,259.765725763843,253.90337065544898,254.2119140625,15513500,0.0,0.0
2021-03-04 05:00:00+00:00,255.26690209965963,265.23988740951495,252.31083313552108,256.4314270019531,31626500,0.0,0.0
2021-03-05 05:00:00+00:00,259.4471717922908,264.2047468894471,254.4108962443684,263.04022216796875,26820100,0.0,0.0
2021-03-08 05:00:00+00:00,264.30432126030314,264.33417931854143,253.85359082218721,254.11236572265625,18391800,0.0,0.0
2021-03-09 05:00:00+00:00,259.95483151383627,267.270359700702,258.5912628644361,264.4934387207031,22039700,0.0,0.0
2021-03-10 05:00:00+00:00,267.37982495599806,267.7082635620102,261.63687257313234,263.6573486328125,14210300,0.0,0.0
2021-03-11 05:00:00+00:00,266.8523226223486,276.59640774204075,266.56370483735765,272.59527587890625,21834000,0.0,0.0
2021-03-12 05:00:00+00:00,267.8775100939008,268.4746712640375,262.78150190481927,267.1409606933594,20600200,0.0,0.0
2021-03-15 04:00:00+00:00,267.81774422925423,274.6654753127633,267.2404783484054,272.4658508300781,16844800,0.0,0.0
2021-03-16 04:00:00+00:00,274.784908565087,280.81650933951283,273.5109141988186,277.96990966796875,22437700,0.0,0.0
2021-03-17 04:00:00+00:00,274.4166213697443,284.8872909355213,274.1180408353059,282.6777038574219,21315000,0.0,0.0
2021-03-18 04:00:00+00:00,278.55712452928117,283.8521756907627,276.9745868667159,277.31298828125,18728300,0.0,0.0
2021-03-19 04:00:00+00:00,279.9008031022258,291.42646815955004,279.8809078566682,288.74908447265625,38930500,0.0,0.0
2021-03-22 04:00:00+00:00,289.0875236052961,298.3040646861971,285.40486799749533,292.16302490234375,28273100,0.0,0.0
2021-03-23 04:00:00+00:00,291.7748303694648,296.6020851455431,288.4505019191398,289.26666259765625,23000900,0.0,0.0
2021-03-24 04:00:00+00:00,289.6349839764876,290.35160783223125,279.84114486427575,280.8165588378906,18675000,0.0,0.0
2021-03-25 04:00:00+00:00,279.66197776507255,286.7087532292756,276.4471182543603,277.4324645996094,24505600,0.0,0.0
2021-03-26 04:00:00+00:00,276.9944924323433,283.16542060226664,276.46697985850045,281.6923522949219,17629200,0.0,0.0
2021-03-29 04:00:00+00:00,284.4294811797683,291.8047255307527,283.36452348761327,289.455810546875,21718800,0.0,0.0
2021-03-30 04:00:00+00:00,288.4704196002147,291.09805017216587,285.3551276693987,286.6490173339844,17474500,0.0,0.0
2021-03-31 04:00:00+00:00,288.62969487110405,295.1091672513115,287.2561633642928,293.1484069824219,19498200,0.0,0.0
2021-04-01 04:00:00+00:00,297.0002126143272,300.9814487897858,295.2086684851394,297.2590026855469,17616000,0.0,0.0
2021-04-05 04:00:00+00:00,299.4785100081098,309.31213644226,299.26947326917536,307.46087646484375,28237000,0.0,0.0
2021-04-06 04:00:00+00:00,307.391248283219,309.88948375856984,303.8180923813874,304.8233642578125,17335200,0.0,0.0
2021-04-07 04:00:00+00:00,304.9029712736143,312.7758695180281,304.06691531506,311.6213073730469,22855200,0.0,0.0
2021-04-08 04:00:00+00:00,313.3730683592338,314.39823549157427,308.5955665742663,311.5516357421875,20894100,0.0,0.0
2021-04-09 04:00:00+00:00,309.9392375138211,313.26356615401016,308.87424952184057,310.9942626953125,15988600,0.0,0.0
2021-04-12 04:00:00+00:00,309.59086068585566,310.68570669039485,306.48550138165064,310.0785827636719,10881900,0.0,0.0
2021-04-13 04:00:00+00:00,310.7454655451713,312.9550531039266,307.86903785630517,308.3069763183594,14036900,0.0,0.0
2021-04-14 04:00:00+00:00,305.8584708942408,306.5850574639895,300.53359156772814,301.3995056152344,17421400,0.0,0.0
2021-04-15 04:00:00+00:00,304.9029692758996,308.68516187248946,302.6734867343622,306.37603759765625,14558300,0.0,0.0
2021-04-16 04:00:00+00:00,306.72439901532357,307.50073884849365,303.18107090239033,304.74371337890625,13059200,0.0,0.0
2021-04-19 04:00:00+00:00,303.57923016247355,306.25661399956397,299.15009263658635,300.82220458984375,14553500,0.0,0.0
2021-04-20 04:00:00+00:00,300.5733780097284,303.66880502943184,295.8158018435098,301.23028564453125,16796400,0.0,0.0
2021-04-21 04:00:00+00:00,300.53357592302353,300.56343397916174,295.99496914348543,300.0558166503906,14863500,0.0,0.0
2021-04-22 04:00:00+00:00,299.91649342940775,301.4990617106976,294.65132988452746,295.1290588378906,16375400,0.0,0.0
2021-04-23 04:00:00+00:00,297.3585600087054,301.17058054276225,295.7560965437511,299.7174377441406,17536800,0.0,0.0
2021-04-26 04:00:00+00:00,301.91704980967137,304.3655016183372,300.14540087910467,301.61846923828125,16172600,0.0,0.0
2021-04-27 04:00:00+00:00,302.8526570623467,303.90768229695817,299.69751379507915,302.14599609375,15309300,0.0,0.0
2021-04-28 04:00:00+00:00,305.9181835337125,309.4615117946956,303.9375281889594,305.659423828125,33907200,0.0,0.0
2021-04-29 04:00:00+00:00,328.57141837372023,330.25349309637005,320.1013286474889,327.96429443359375,56526800,0.0,0.0
2021-04-30 04:00:00+00:00,324.61010925199787,328.272839278608,322.9777878247175,323.5550537109375,26332400,0.0,0.0
2021-05-03 04:00:00+00:00,324.6399894534123,327.00879964754824,320.33028394858235,321.0668029785156,18719500,0.0,0.0
2021-05-04 04:00:00+00:00,318.5188245064735,320.6786587352525,311.65119741922877,316.8666076660156,24032600,0.0,0.0
2021-05-05 04:00:00+00:00,316.697410108755,319.5539424122972,313.0147542291022,313.5422668457031,15577600,0.0,0.0
2021-05-06 04:00:00+00:00,313.04462891590896,318.7377985778719,311.8004924545921,318.5188293457031,19012200,0.0,0.0
2021-05-07 04:00:00+00:00,320.86772893117893,321.4250995562532,317.2547523038582,317.58319091796875,15916700,0.0,0.0
2021-05-10 04:00:00+00:00,312.87545554264545,313.1043572208034,303.4000924448828,304.5347595214844,24239200,0.0,0.0
2021-05-11 04:00:00+00:00,299.3392465185739,305.4006759951659,298.28422118024974,305.0921325683594,18920100,0.0,0.0
2021-05-12 04:00:00+00:00,299.71744585471544,303.52946649192836,296.79123455641644,301.1307678222656,24645500,0.0,0.0
2021-05-13 04:00:00+00:00,304.64416373837474,307.41112152871244,301.3496933958135,303.8280334472656,18079200,0.0,0.0
2021-05-14 04:00:00+00:00,308.0879449702423,315.3636510611976,307.6300809775938,314.4579162597656,19245700,0.0,0.0
2021-05-17 04:00:00+00:00,312.0791501027351,314.1991633045271,310.11838999878535,313.9801940917969,15401300,0.0,0.0
2021-05-18 04:00:00+00:00,314.10960727070574,315.015342231373,308.3567216670497,308.5060119628906,14522400,0.0,0.0
2021-05-19 04:00:00+00:00,302.76308824187345,313.18397610154875,302.1460014380074,312.1189880371094,19106200,0.0,0.0
2021-05-20 04:00:00+00:00,312.10904396282405,317.7524604624887,311.6910311106569,317.1154479980469,17320200,0.0,0.0
2021-05-21 04:00:00+00:00,317.79225601249266,318.4292380517517,314.3285693555458,314.7466125488281,13600900,0.0,0.0
2021-05-24 04:00:00+00:00,316.71728034826964,324.4209929538615,316.5381320113637,323.107177734375,16445400,0.0,0.0
2021-05-25 04:00:00+00:00,325.5456890362261,327.6358442337782,323.2763854894499,326.25238037109375,16437000,0.0,0.0
2021-05-26 04:00:00+00:00,326.8097515540389,328.28278959364997,324.2916207267979,326.12298583984375,9686900,0.0,0.0
2021-05-27 04:00:00+00:00,326.4613388371056,332.2142234101729,325.2271654466818,331.1890563964844,20477700,0.0,0.0
2021-05-28 04:00:00+00:00,329.44732912018156,331.3085523734299,326.789840321142,327.18798828125,12037400,0.0,0.0
2021-06-01 04:00:00+00:00,328.6012638264931,329.86532570978346,325.10774985334245,327.5860595703125,11765900,0.0,0.0
2021-06-02 04:00:00+00:00,328.83022868917175,330.3132295435605,325.58551127009054,327.6059875488281,11654300,0.0,0.0
2021-06-03 04:00:00+00:00,324.2517690188537,325.8442695144331,321.9625704388723,324.51055908203125,12610800,0.0,0.0
2021-06-04 04:00:00+00:00,324.37121653770294,330.9004415405156,323.65459279961755,328.80035400390625,13289400,0.0,0.0
2021-06-07 04:00:00+00:00,327.93442884719076,336.10590744645873,327.3869906581949,335.0010986328125,20136700,0.0,0.0
2021-06-08 04:00:00+00:00,335.1205683383125,336.7130385142777,330.68146811826597,332.1147155761719,14580500,0.0,0.0
2021-06-09 04:00:00+00:00,334.16507351901566,335.2200987540202,328.45200890216927,328.7008361816406,13727900,0.0,0.0
2021-06-10 04:00:00+00:00,329.2383328532977,332.3735507020428,327.0088196307734,330.9004821777344,13240200,0.0,0.0
2021-06-11 04:00:00+00:00,331.0198700648531,331.26869732703784,327.3869981118403,329.7060852050781,13587900,0.0,0.0
2021-06-14 04:00:00+00:00,330.3430658764456,335.23999974134335,328.2628736178562,335.1902160644531,12250800,0.0,0.0
2021-06-15 04:00:00+00:00,335.4092441315154,338.3255232289716,333.4584465662976,335.1703796386719,15795200,0.0,0.0
2021-06-16 04:00:00+00:00,335.12057904228806,335.96656745988287,327.1780016572366,329.52691650390625,17232200,0.0,0.0
2021-06-17 04:00:00+00:00,328.93967760991745,336.39456303531813,328.60127617847024,334.93145751953125,17794100,0.0,0.0
2021-06-18 04:00:00+00:00,332.96076762784065,334.57316358557347,327.4567092616118,328.1136169433594,23039500,0.0,0.0
2021-06-21 04:00:00+00:00,329.53684875566665,331.35828121097006,326.1129834115264,330.7312316894531,11337500,0.0,0.0
2021-06-22 04:00:00+00:00,331.12941025409475,338.32550648922313,331.0398360737104,337.4396667480469,15345300,0.0,0.0
2021-06-23 04:00:00+00:00,337.758136054017,341.80905122369285,336.613536708315,338.9923095703125,14817800,0.0,0.0
2021-06-24 04:00:00+00:00,340.24641221158737,343.2820927302898,340.1866960972433,341.5701599121094,12329100,0.0,0.0
2021-06-25 04:00:00+00:00,340.9829551253618,342.5057768968075,338.0866018788034,339.7686767578125,14594400,0.0,0.0
2021-06-28 04:00:00+00:00,340.85351439432867,356.45998272522036,340.16674874881573,353.9717102050781,29156100,0.0,0.0
2021-06-29 04:00:00+00:00,354.5987779027242,355.0665744155192,347.41264466594663,350.2393493652344,21417300,0.0,0.0
2021-06-30 04:00:00+00:00,350.5180498190841,351.2645317094801,345.5415038831109,346.0789489746094,15107500,0.0,0.0
2021-07-01 04:00:00+00:00,345.19313292386886,353.0063159672879,344.87462670025764,352.7276306152344,17137000,0.0,0.0
2021-07-02 04:00:00+00:00,353.43428091031626,354.76799151004735,350.965903313761,353.0361633300781,11521300,0.0,0.0
2021-07-06 04:00:00+00:00,354.8276729157142,357.1069391231524,347.54200344985577,351.1251220703125,13488500,0.0,0.0
2021-07-07 04:00:00+00:00,353.59346834045317,354.81767891293856,348.358133528187,348.8458251953125,14218900,0.0,0.0
2021-07-08 04:00:00+00:00,344.1082061861982,346.6959853970699,340.9530631568389,344.028564453125,14406500,0.0,0.0
2021-07-09 04:00:00+00:00,343.70016238589756,349.064862900613,343.65037870382696,348.7762451171875,13018700,0.0,0.0
2021-07-12 04:00:00+00:00,349.5824177067287,352.52852406692165,347.9998799207811,351.50335693359375,10018600,0.0,0.0
2021-07-13 04:00:00+00:00,349.8511562729013,356.8083573136762,347.16380949457744,350.4383850097656,11456000,0.0,0.0
2021-07-14 04:00:00+00:00,352.8968138114406,353.5338262544163,345.1035564429687,345.99932861328125,13894200,0.0,0.0
2021-07-15 04:00:00+00:00,347.5917903348502,347.5917903348502,338.62404607792644,342.8441467285156,14781600,0.0,0.0
2021-07-16 04:00:00+00:00,343.29204019947133,344.3669605840488,338.54442707475414,339.55963134765625,11026100,0.0,0.0
2021-07-19 04:00:00+00:00,335.98650206877016,338.1960894981891,332.9707166937655,335.3694152832031,14372300,0.0,0.0
2021-07-20 04:00:00+00:00,337.2107121804647,341.8389238121627,332.93089518436625,340.05731201171875,11024300,0.0,0.0
2021-07-21 04:00:00+00:00,339.8980728083478,344.89451377838043,339.6492455222509,344.60589599609375,9279700,0.0,0.0
2021-07-22 04:00:00+00:00,345.05377893884514,349.8909973442293,343.5906732305134,349.5426330566406,12385400,0.0,0.0
2021-07-23 04:00:00+00:00,359.2170092598052,373.56934940555897,355.5144582100015,368.05535888671875,33694300,0.0,0.0
2021-07-26 04:00:00+00:00,367.84633443913236,372.6835525995639,366.49272860375424,370.71282958984375,14925200,0.0,0.0
2021-07-27 04:00:00+00:00,370.1654293485959,371.39960297387034,362.83993821529435,366.08465576171875,15705400,0.0,0.0
2021-07-28 04:00:00+00:00,372.8029861736175,375.77895075945287,365.2087726340715,371.52899169921875,29676900,0.0,0.0
2021-07-29 04:00:00+00:00,359.30658122562585,363.80536737432345,355.0665547855303,356.63916015625,33413200,0.0,0.0
2021-07-30 04:00:00+00:00,352.3394327379022,359.03787413124314,351.2844074879065,354.6286315917969,15976200,0.0,0.0
2021-08-02 04:00:00+00:00,356.4202175466499,357.71410730951123,349.09472630812814,350.299072265625,13180400,0.0,0.0
2021-08-03 04:00:00+00:00,351.0753773525266,352.1104769103076,346.06897397169024,349.59234619140625,12406100,0.0,0.0
2021-08-04 04:00:00+00:00,350.76687940124015,358.789069072342,349.86114439006076,357.23638916015625,14180600,0.0,0.0
2021-08-05 04:00:00+00:00,357.95299838700305,362.192994724439,355.2258306530038,361.2673645019531,10247200,0.0,0.0
2021-08-06 04:00:00+00:00,359.7047219794249,363.43713130483627,359.7047219794249,361.8048400878906,8925000,0.0,0.0
2021-08-09 04:00:00+00:00,362.0536350776019,364.0641484534068,359.0577450731845,359.9136962890625,7798900,0.0,0.0
2021-08-10 04:00:00+00:00,360.1327028314983,362.3920740821066,357.35581212283637,359.4360046386719,7469900,0.0,0.0
2021-08-11 04:00:00+00:00,360.4013992045629,360.660158892994,356.13151503961376,358.27142333984375,8400300,0.0,0.0
2021-08-12 04:00:00+00:00,356.76857238738023,361.2972168119755,355.4348314140079,360.9488525390625,7170700,0.0,0.0
2021-08-13 04:00:00+00:00,361.2673424723939,362.94941726845246,359.7843416445785,361.4763488769531,7195700,0.0,0.0
2021-08-16 04:00:00+00:00,360.81945771500585,365.2287002802001,355.70358454120833,364.84051513671875,11222100,0.0,0.0
2021-08-17 04:00:00+00:00,361.27730364045703,362.95937842886747,353.40440511067914,356.7685546875,12328700,0.0,0.0
2021-08-18 04:00:00+00:00,354.57885840222,358.17190958763973,353.4840123434971,353.7826232910156,10042400,0.0,0.0
2021-08-19 04:00:00+00:00,349.7018582268758,355.89268204149806,349.35349396712365,353.45416259765625,12004500,0.0,0.0
2021-08-20 04:00:00+00:00,352.93662103793287,358.3013214154006,351.6526637646161,357.6842346191406,8697700,0.0,0.0
2021-08-23 04:00:00+00:00,357.7539066078678,363.9745885050188,357.41550515759354,361.64556884765625,10942000,0.0,0.0
2021-08-24 04:00:00+00:00,361.95411275476704,366.23392975632663,360.1426428938778,363.7954406738281,9235100,0.0,0.0
2021-08-25 04:00:00+00:00,363.8850357201525,369.12034125792337,363.68596173797255,366.6619567871094,9684500,0.0,0.0
2021-08-26 04:00:00+00:00,366.65198237180823,367.70700762023694,362.42191856697195,362.6707458496094,7888700,0.0,0.0
2021-08-27 04:00:00+00:00,363.3873430532159,371.98679751732993,362.37210837469814,370.88201904296875,11219100,0.0,0.0
2021-08-30 04:00:00+00:00,370.81234948471433,379.7004523048969,368.7819104508178,378.8743591308594,13547300,0.0,0.0
2021-08-31 04:00:00+00:00,378.16767522953234,380.96449115266233,377.02304555417845,377.600341796875,12345400,0.0,0.0
2021-09-01 04:00:00+00:00,377.8093607283339,382.5271159315392,377.03302088002897,380.2578125,11567200,0.0,0.0
2021-09-02 04:00:00+00:00,379.7104160101812,379.9592432814854,372.3053139862149,373.51959228515625,14832900,0.0,0.0
2021-09-03 04:00:00+00:00,372.99209911797016,375.3907977832461,371.3597775534473,374.4950256347656,7509600,0.0,0.0
2021-09-07 04:00:00+00:00,374.1168321688053,381.1636080382466,371.3996270801506,380.38726806640625,10793800,0.0,0.0
2021-09-08 04:00:00+00:00,378.3767055286841,379.08336647443883,373.03190060030323,375.7988586425781,11067200,0.0,0.0
2021-09-09 04:00:00+00:00,375.86854046444216,378.04823943366733,374.80355244505876,376.2268371582031,9098900,0.0,0.0
2021-09-10 04:00:00+00:00,379.5710937509483,381.9897181393809,376.4856595969932,376.91363525390625,11549600,0.0,0.0
2021-09-13 04:00:00+00:00,379.88959737494787,379.9592763068309,372.5939945109352,374.7438659667969,13026300,0.0,0.0
2021-09-14 04:00:00+00:00,375.62964696424973,376.81406721910173,373.3503806283047,374.76373291015625,8711600,0.0,0.0
2021-09-15 04:00:00+00:00,375.23155448255073,375.78892518392354,365.945333355727,372.166015625,17940300,0.0,0.0
2021-09-16 04:00:00+00:00,371.04130554118336,371.8076826498412,367.9757363577028,371.3100280761719,11934200,0.0,0.0
2021-09-17 04:00:00+00:00,369.66774485550087,369.66774485550087,359.8938025108812,363.0091247558594,26299000,0.0,0.0
2021-09-20 04:00:00+00:00,357.6145213036562,359.3364168554097,348.1590855457727,354.03143310546875,19822800,0.0,0.0
2021-09-21 04:00:00+00:00,356.8183661212892,358.351150871113,353.5238949337777,355.80316162109375,11751900,0.0,0.0
2021-09-22 04:00:00+00:00,345.6011678721146,348.19890987911134,339.0918382649235,341.6000061035156,43692900,0.0,0.0
2021-09-23 04:00:00+00:00,343.7399666153922,348.0297771604864,341.3910515112491,344.337158203125,21806300,0.0,0.0
2021-09-24 04:00:00+00:00,341.62988512267395,352.6877849976096,340.7639710672077,351.3042907714844,18801900,0.0,0.0
2021-09-27 04:00:00+00:00,348.1690520636645,353.4839986802928,345.45184745582867,351.9213562011719,15205800,0.0,0.0
2021-09-28 04:00:00+00:00,346.3377022356965,347.9600608981267,337.33016719968083,339.0520324707031,21710300,0.0,0.0
2021-09-29 04:00:00+00:00,341.54034027057156,343.61060038209627,337.2903809914785,338.0169372558594,14452200,0.0,0.0
2021-09-30 04:00:00+00:00,338.8529988601151,341.19195097053165,336.56376968103655,337.7979736328125,16547100,0.0,0.0
2021-10-01 04:00:00+00:00,340.0075134751669,343.4015210153792,337.0514747258183,341.4009704589844,14905300,0.0,0.0
2021-10-04 04:00:00+00:00,333.9560697510419,334.3641501375341,321.18626703229666,324.69970703125,42885000,0.0,0.0
2021-10-05 04:00:00+00:00,327.0386733051586,333.6077198938345,324.6300421264469,331.39813232421875,35377900,0.0,0.0
2021-10-06 04:00:00+00:00,328.1932514441979,332.8115007901053,324.27173069985605,332.0749816894531,26443000,0.0,0.0
2021-10-07 04:00:00+00:00,335.4191626696661,337.25052774673,327.4367947183731,327.6756591796875,28307500,0.0,0.0
2021-10-08 04:00:00+00:00,329.95494323578305,331.83606171861595,327.16805941478225,328.50177001953125,15946100,0.0,0.0
2021-10-11 04:00:00+00:00,326.09310626528196,328.90981748917983,323.7839819981584,323.92333984375,14708200,0.0,0.0
2021-10-12 04:00:00+00:00,321.514671231213,322.8583444819086,315.88121853806587,322.2511901855469,31658700,0.0,0.0
2021-10-13 04:00:00+00:00,325.43623309816275,325.4660911576039,321.1464531033789,323.01763916015625,14761500,0.0,0.0
2021-10-14 04:00:00+00:00,326.81967569282114,328.9695469555759,325.56560690369787,326.9888916015625,14302200,0.0,0.0
2021-10-15 04:00:00+00:00,327.1381666772435,327.52635178102304,320.9971269345249,323.236572265625,21596400,0.0,0.0
2021-10-18 04:00:00+00:00,327.4069281434316,334.31437546469414,325.96371785354785,333.7669372558594,21585000,0.0,0.0
2021-10-19 04:00:00+00:00,338.05674014208074,340.85355636918456,335.69786236240606,338.3951416015625,18786300,0.0,0.0
2021-10-20 04:00:00+00:00,341.83894636646966,342.3664590112534,337.85770968902955,339.18145751953125,13639500,0.0,0.0
2021-10-21 04:00:00+00:00,338.68377502016017,340.7042512524541,336.21539754880064,340.2762756347656,16354400,0.0,0.0
2021-10-22 04:00:00+00:00,324.81910812324077,328.08372052774797,319.6036681497027,323.0872497558594,35224500,0.0,0.0
2021-10-25 04:00:00+00:00,318.79747485967215,328.01404633317867,318.2202089785061,327.14813232421875,38409000,0.0,0.0
2021-10-26 04:00:00+00:00,326.7201622101078,328.66099665515566,308.14769147973004,314.32855224609375,65654000,0.0,0.0
2021-10-27 04:00:00+00:00,312.7161310002302,317.7523920113969,310.5961180119463,310.75537109375,29971800,0.0,0.0
2021-10-28 04:00:00+00:00,311.5217921951883,323.9930142716743,306.6646788227235,315.4333801269531,50806800,0.0,0.0
2021-10-29 04:00:00+00:00,318.68800511359916,324.4707482272039,318.1007764227811,322.0521545410156,37059400,0.0,0.0
2021-11-01 04:00:00+00:00,324.51060836972124,331.8858529206723,324.470787498318,328.43212890625,31518900,0.0,0.0
2021-11-02 04:00:00+00:00,329.82555407541145,333.21956195362407,322.2810936380869,326.541015625,28353000,0.0,0.0
2021-11-03 04:00:00+00:00,325.95379086903824,330.59193525336303,321.6839363927019,330.0644226074219,20786500,0.0,0.0
2021-11-04 04:00:00+00:00,332.44323190531827,335.6879192065325,331.08959561370864,334.27459716796875,22495300,0.0,0.0
2021-11-05 04:00:00+00:00,338.7136244356057,345.1632380917071,338.0467843737886,339.52978515625,26872800,0.0,0.0
2021-11-08 05:00:00+00:00,342.8043970938723,343.17265662621725,336.752900341226,337.0315856933594,18342500,0.0,0.0
2021-11-09 05:00:00+00:00,338.40506910110867,339.708921496221,332.90101139805864,333.7967834472656,17556700,0.0,0.0
2021-11-10 05:00:00+00:00,330.93031321844114,331.62704173879837,323.98307513420957,326.10308837890625,21872600,0.0,0.0
2021-11-11 05:00:00+00:00,328.2728662117516,330.9004665335805,325.4660871610513,326.2026062011719,12376600,0.0,0.0
2021-11-12 05:00:00+00:00,328.63117160227716,340.2563753168981,328.2330540126251,339.29095458984375,25414300,0.0,0.0
2021-11-15 05:00:00+00:00,342.72476020032593,351.9910862579114,341.59012352716536,345.9296569824219,25076600,0.0,0.0
2021-11-16 05:00:00+00:00,342.21714093064026,345.02392009937563,339.27103427183937,341.3512268066406,18181100,0.0,0.0
2021-11-17 05:00:00+00:00,342.625171308437,345.6708145150928,338.50460771242905,339.17144775390625,13602800,0.0,0.0
2021-11-18 05:00:00+00:00,338.126424530338,340.85356187246754,333.72714473719753,337.10125732421875,17487200,0.0,0.0
2021-11-19 05:00:00+00:00,340.59480275569365,350.44835725064695,338.30557348956125,343.68023681640625,26488500,0.0,0.0
2021-11-22 05:00:00+00:00,347.4126332608795,352.1702095994419,338.9127153172373,339.4103698730469,27116800,0.0,0.0
2021-11-23 05:00:00+00:00,337.3400806224814,339.7984951297118,331.93555990548555,335.66796875,17225000,0.0,0.0
2021-11-24 05:00:00+00:00,334.4238820585881,340.176767862357,331.24884336742304,339.46014404296875,13566200,0.0,0.0
2021-11-26 05:00:00+00:00,334.22476346651024,336.16562824418753,330.3430642855771,331.5573425292969,14750700,0.0,0.0
2021-11-29 05:00:00+00:00,335.3096993511872,339.07196655746384,333.7370939537903,336.4443359375,16650900,0.0,0.0
2021-11-30 05:00:00+00:00,333.42855490149697,334.2347528580213,321.91282110354473,322.93798828125,25390000,0.0,0.0
2021-12-01 05:00:00+00:00,328.7406759781026,328.94968240005323,308.83449247431724,309.1430358886719,30329600,0.0,0.0
2021-12-02 05:00:00+00:00,309.9392013471042,313.1242021408998,305.75892197646846,308.9339599609375,24396200,0.0,0.0
2021-12-03 05:00:00+00:00,312.25836011620225,312.27825536501797,298.0950995436586,305.4006652832031,27471000,0.0,0.0
2021-12-06 05:00:00+00:00,306.684605106222,318.5984565303587,304.90299327018903,316.37890625,21758300,0.0,0.0
2021-12-07 05:00:00+00:00,320.061572217402,325.00825993202096,319.4942387092712,321.2957458496094,18794000,0.0,0.0
2021-12-08 05:00:00+00:00,323.4754828149364,331.1891289436003,321.5545433914668,329.0093994140625,19937700,0.0,0.0
2021-12-09 05:00:00+00:00,327.99417233043374,334.55325571472747,326.4613877975214,328.2728576660156,16879200,0.0,0.0
2021-12-10 05:00:00+00:00,331.0000022640614,333.4584170332668,324.8390363115673,328.20318603515625,14528000,0.0,0.0
2021-12-13 05:00:00+00:00,329.3975566337777,339.48997504686696,328.0439204719581,332.9209289550781,22948700,0.0,0.0
2021-12-14 05:00:00+00:00,326.5111274523815,334.1252661184989,326.11300990025524,332.1744384765625,20461000,0.0,0.0
2021-12-15 05:00:00+00:00,330.93031416613354,340.50518288372535,322.4602543483379,340.05731201171875,24681300,0.0,0.0
2021-12-16 05:00:00+00:00,337.38991901847066,342.844193921568,332.17447822592237,333.32904052734375,22635000,0.0,0.0
2021-12-17 05:00:00+00:00,331.23886647028985,335.528646392657,329.1984949025982,332.2242431640625,40012600,0.0,0.0
2021-12-20 05:00:00+00:00,328.23301463053303,328.3524468556564,321.01702407658814,323.92333984375,17901800,0.0,0.0
2021-12-21 05:00:00+00:00,324.878827765797,334.42383782546835,322.2313020714148,332.6322937011719,16116800,0.0,0.0
2021-12-22 05:00:00+00:00,332.23416350993966,332.9408548364397,326.72017299739485,328.89990234375,16764600,0.0,0.0
2021-12-23 05:00:00+00:00,328.55157640477813,335.0907652065078,326.81971772419405,333.6674499511719,13987700,0.0,0.0
2021-12-27 05:00:00+00:00,337.2604890897512,346.23816609001614,336.4244331043662,344.55609130859375,17795000,0.0,0.0
2021-12-28 05:00:00+00:00,345.0040276764297,351.05549415683265,343.5807428316595,344.595947265625,16637600,0.0,0.0
2021-12-29 05:00:00+00:00,345.2827079673855,348.04966624627264,340.0374395738821,341.3313293457031,10747000,0.0,0.0
2021-12-30 05:00:00+00:00,342.38633220808106,345.6011915528505,341.60999232095827,342.74462890625,10593300,0.0,0.0
2021-12-31 05:00:00+00:00,341.4109113837961,341.8289545642199,334.6925750604025,334.772216796875,12870500,0.0,0.0
2022-01-03 05:00:00+00:00,336.71303998747584,339.47999793579055,335.60826151998475,336.9519348144531,14537900,0.0,0.0
2022-01-04 05:00:00+00:00,338.3553561401792,341.48061106214226,330.31324123539184,334.9513854980469,15998000,0.0,0.0
2022-01-05 05:00:00+00:00,331.4578139547363,334.18498144796365,322.3208840261547,322.64935302734375,20564500,0.0,0.0
2022-01-06 05:00:00+00:00,321.30571745694516,337.57902865924433,321.20618046384953,330.9004821777344,27962800,0.0,0.0
2022-01-07 05:00:00+00:00,331.179137473067,335.4191639237884,327.33725895858873,330.2336120605469,14722000,0.0,0.0
2022-01-10 05:00:00+00:00,323.7839737712289,326.79975887665285,313.9503158269784,326.5310363769531,24942400,0.0,0.0
2022-01-11 05:00:00+00:00,325.24712091265417,333.0603037691717,323.75415719641865,332.801513671875,16226800,0.0,0.0
2022-01-12 05:00:00+00:00,333.607692747427,334.7921129918219,328.4818570203185,331.69671630859375,14104900,0.0,0.0
2022-01-13 05:00:00+00:00,333.4086439598992,334.0555887819827,324.2318930987002,324.9485168457031,14797100,0.0,0.0
2022-01-14 05:00:00+00:00,320.2805479506256,331.16923275584577,319.7032516194067,330.3431091308594,16868500,0.0,0.0
2022-01-18 05:00:00+00:00,321.7734652568294,322.68913255601507,316.1499753044664,316.6575622558594,22645600,0.0,0.0
2022-01-19 05:00:00+00:00,318.08085750203884,325.5656011075061,317.8320302358874,318.0908203125,20814700,0.0,0.0
2022-01-20 05:00:00+00:00,322.3806077915642,326.2822327844562,314.49777681784406,315.0750427246094,16925000,0.0,0.0
2022-01-21 05:00:00+00:00,313.33324553630445,316.81682727729714,301.61846873067253,301.74786376953125,28710700,0.0,0.0
2022-01-24 05:00:00+00:00,296.4428660138379,308.07803210989107,287.654299808725,307.2618713378906,38878100,0.0,0.0
2022-01-25 05:00:00+00:00,298.54299130702105,304.7935315459782,296.1840831100483,298.7420349121094,25108500,0.0,0.0
2022-01-26 05:00:00+00:00,305.5698245147957,306.0674790126866,289.48562749803085,293.2478942871094,28348800,0.0,0.0
2022-01-27 05:00:00+00:00,296.35330094552285,300.2947166950727,292.8796817138699,293.2579040527344,21629900,0.0,0.0
2022-01-28 05:00:00+00:00,294.2332494108696,300.4837888792717,291.6554026784193,300.294677734375,21871600,0.0,0.0
2022-01-31 05:00:00+00:00,299.26952229950456,312.3180399330912,297.91591655116565,311.79052734375,21579500,0.0,0.0
2022-02-01 05:00:00+00:00,313.08442626567705,318.160508721372,310.6558696456884,317.50360107421875,18023800,0.0,0.0
2022-02-02 05:00:00+00:00,326.2822298179943,326.4613781624903,315.3835832448128,321.4848327636719,58458300,0.0,0.0
2022-02-03 05:00:00+00:00,243.50236286244046,246.83665438976746,234.6441180338213,236.64468383789062,188119900,0.0,0.0
2022-02-04 05:00:00+00:00,233.86780880903885,241.47197064789933,229.03060538882042,235.9778594970703,89342200,0.0,0.0
2022-02-07 05:00:00+00:00,236.58496145505566,237.18215296828885,222.95917794011118,223.85496520996094,88613800,0.0,0.0
2022-02-08 05:00:00+00:00,219.81402623993864,224.71094531044156,215.13606120460983,219.14715576171875,94729700,0.0,0.0
2022-02-09 05:00:00+00:00,223.14829858041023,232.27528126211837,221.1676431788184,230.91171264648438,86563300,0.0,0.0
2022-02-10 05:00:00+00:00,227.19921136944953,233.897637326421,225.6365688004285,227.00015258789062,49310400,0.0,0.0
2022-02-11 05:00:00+00:00,227.38833449078115,229.33913191478965,217.74378642280095,218.52012634277344,46156900,0.0,0.0
2022-02-14 05:00:00+00:00,218.28123548400916,219.963310286744,213.772486492656,216.6787872314453,38184000,0.0,0.0
2022-02-15 05:00:00+00:00,219.43579002463667,220.1125928966594,214.05116435648173,219.9633026123047,42685500,0.0,0.0
2022-02-16 05:00:00+00:00,211.41361460358013,216.43992871555378,211.36384610995427,215.52423095703125,45817500,0.0,0.0
2022-02-17 05:00:00+00:00,213.01603891266416,216.4797100205745,206.18821848567626,206.7356414794922,38747500,0.0,0.0
2022-02-18 05:00:00+00:00,208.407760841007,209.76138175304652,204.21750306881063,205.1929168701172,37128400,0.0,0.0
2022-02-22 05:00:00+00:00,201.39083971802836,206.50672788629166,199.12153618422826,201.13206481933594,39852400,0.0,0.0
2022-02-23 05:00:00+00:00,203.20231041402806,205.96926850948455,197.12097117821287,197.5190887451172,44481400,0.0,0.0
2022-02-24 05:00:00+00:00,190.16375393246855,207.37265675064464,189.32769793464607,206.6261749267578,49957200,0.0,0.0
2022-02-25 05:00:00+00:00,203.97865464852086,210.32873173032027,202.2269008674937,209.49266052246094,37627600,0.0,0.0
2022-02-28 05:00:00+00:00,206.7058081894898,212.15015075015282,205.8598044784479,210.04010009765625,34239800,0.0,0.0
2022-03-01 05:00:00+00:00,208.88549190780765,210.7566776602831,201.27138424431539,202.53543090820312,27094900,0.0,0.0
2022-03-02 05:00:00+00:00,203.81937772129547,208.16887323228138,201.07233032286385,207.13375854492188,29452100,0.0,0.0
2022-03-03 05:00:00+00:00,208.03952192974566,208.09923804854606,200.47516634597315,202.0178985595703,27263500,0.0,0.0
2022-03-04 05:00:00+00:00,201.42071328250708,204.9242058378436,197.8575046065067,199.12155151367188,32130900,0.0,0.0
2022-03-07 05:00:00+00:00,199.8481002649138,199.9476372461916,186.40148027856287,186.59059143066406,38560600,0.0,0.0
2022-03-08 05:00:00+00:00,186.96882784277634,195.77730461091662,185.23698447345748,189.39736938476562,37508100,0.0,0.0
2022-03-09 05:00:00+00:00,194.8218001285263,198.16603916485604,193.010330356376,197.56884765625,31894700,0.0,0.0
2022-03-10 05:00:00+00:00,193.9260215700199,195.3592691052372,190.17371719450452,194.29429626464844,24853000,0.0,0.0
2022-03-11 05:00:00+00:00,191.73635375297826,192.6520363471014,185.79435692165998,186.72994995117188,34694500,0.0,0.0
2022-03-14 04:00:00+00:00,186.15266469481412,191.38798523225927,184.94834915671402,185.75454711914062,31010500,0.0,0.0
2022-03-15 04:00:00+00:00,189.90497028464154,191.37802343015676,185.037909624631,191.1291961669922,31721700,0.0,0.0
2022-03-16 04:00:00+00:00,193.78667159569645,202.77431122271875,193.60752325415578,202.67478942871094,40640300,0.0,0.0
2022-03-17 04:00:00+00:00,200.75385366120565,207.06411006322276,200.16662490429133,206.86505126953125,29499700,0.0,0.0
2022-03-18 04:00:00+00:00,205.73037290502543,215.78300015561803,205.03365962335903,215.47445678710938,52128000,0.0,0.0
2022-03-21 04:00:00+00:00,213.49379969667123,213.70282128783822,206.65603111174843,210.4979248046875,30142300,0.0,0.0
2022-03-22 04:00:00+00:00,210.37848187878498,218.43054412701295,209.19406160704162,215.6337127685547,31998800,0.0,0.0
2022-03-23 04:00:00+00:00,212.32928416116454,215.78300782359509,211.16477438030978,212.45867919921875,23717300,0.0,0.0
2022-03-24 04:00:00+00:00,213.99145398040548,219.63485468849314,213.78243238949347,218.54002380371094,31502300,0.0,0.0
2022-03-25 04:00:00+00:00,219.47559708553098,224.44219480152844,217.86320125551183,220.7794647216797,40039000,0.0,0.0
2022-03-28 04:00:00+00:00,221.0880102060458,222.98903900145544,218.51014815349424,222.54115295410156,26224100,0.0,0.0
2022-03-29 04:00:00+00:00,225.0095386805417,229.80692071243064,224.23318359942581,228.78175354003906,31417900,0.0,0.0
2022-03-30 04:00:00+00:00,227.83621420161512,230.06569690959634,225.64653717604276,226.78118896484375,25588000,0.0,0.0
2022-03-31 04:00:00+00:00,227.3783849836257,227.41820585668938,221.2174185709602,221.31695556640625,24192300,0.0,0.0
2022-04-01 04:00:00+00:00,223.49666180043877,226.2138513953719,221.65533388760468,223.79525756835938,19544800,0.0,0.0
2022-04-04 04:00:00+00:00,224.91994798989987,233.2506955517742,224.80051575683888,232.7928466796875,28054800,0.0,0.0
2022-04-05 04:00:00+00:00,232.98195450257984,235.74891256840743,229.9363111054611,230.75245666503906,29727200,0.0,0.0
2022-04-06 04:00:00+00:00,225.84558403958047,227.9158287214212,220.37138417103975,222.2525177001953,28995100,0.0,0.0
2022-04-07 04:00:00+00:00,222.87955820593345,224.4621112082165,217.5347532292296,221.90415954589844,21037200,0.0,0.0
2022-04-08 04:00:00+00:00,221.33684735095093,224.0739474357174,218.99786483999299,221.28707885742188,18375700,0.0,0.0
2022-04-11 04:00:00+00:00,217.39539249484497,219.5751216602391,214.2104066951137,215.44459533691406,20516600,0.0,0.0
2022-04-12 04:00:00+00:00,219.2068898590888,220.98848653242345,212.13024128563168,213.135498046875,20128800,0.0,0.0
2022-04-13 04:00:00+00:00,210.82639339420786,215.5939175844612,210.33868643879734,213.9815216064453,19231800,0.0,0.0
2022-04-14 04:00:00+00:00,213.8819738659461,213.9815108517496,209.01491292950467,209.19406127929688,18379500,0.0,0.0
2022-04-18 04:00:00+00:00,209.01491874732997,212.379068489933,207.32289625205593,209.78131103515625,16580800,0.0,0.0
2022-04-19 04:00:00+00:00,209.53246198267283,217.4053448952964,208.0195879993495,216.2906036376953,20089900,0.0,0.0
2022-04-20 04:00:00+00:00,212.60798854176196,213.1554116127415,197.98689467060916,199.4798583984375,43036500,0.0,0.0
2022-04-21 04:00:00+00:00,200.6543208386935,202.0178894471708,184.70946478807872,187.1877899169922,49954100,0.0,0.0
2022-04-22 04:00:00+00:00,189.47699822641022,191.81598080627415,182.41031236624798,183.24636840820312,36426800,0.0,0.0
2022-04-25 04:00:00+00:00,181.8728275197423,186.30194997557484,180.80785468050712,186.11285400390625,29281100,0.0,0.0
2022-04-26 04:00:00+00:00,185.75454469167235,186.31191536521624,178.65798585330194,180.10118103027344,31747400,0.0,0.0
2022-04-27 04:00:00+00:00,173.6117684834717,180.3599785214252,168.2072470658338,174.12933349609375,71062900,0.0,0.0
2022-04-28 04:00:00+00:00,201.96812219345097,207.55180689185846,191.99512068773245,204.7649383544922,100890600,0.0,0.0
2022-04-29 04:00:00+00:00,203.50089053975063,211.48325800922478,198.9622686149811,199.52960205078125,49193400,0.0,0.0
2022-05-02 04:00:00+00:00,200.2263324705438,210.8860997547867,200.0471841200379,210.13961791992188,49915300,0.0,0.0
2022-05-03 04:00:00+00:00,209.46281009229827,213.8919328254775,207.11387986263736,211.035400390625,41556300,0.0,0.0
2022-05-04 04:00:00+00:00,209.6618606437168,223.24783928231463,205.98918273782917,222.3620147705078,41375900,0.0,0.0
2022-05-05 04:00:00+00:00,217.7139023781137,219.13718699911635,205.19291297616215,207.30296325683594,41129200,0.0,0.0
2022-05-06 04:00:00+00:00,206.36737815973692,208.39781715980772,200.07703275813088,202.8141326904297,34747200,0.0,0.0
2022-05-09 04:00:00+00:00,198.9025581035472,201.6197627611841,194.66254699243777,195.2895965576172,36303200,0.0,0.0
2022-05-10 04:00:00+00:00,198.57413030842383,202.007959151225,193.27909333420237,196.7228546142578,34452500,0.0,0.0
2022-05-11 04:00:00+00:00,195.40902131796477,199.72865881096772,187.38683306318495,187.85462951660156,31153400,0.0,0.0
2022-05-12 04:00:00+00:00,186.18251098392093,197.12096305892135,183.91320753417187,190.34291076660156,38262200,0.0,0.0
2022-05-13 04:00:00+00:00,191.67663302715846,198.95234029762156,190.3827281278088,197.68829345703125,24549800,0.0,0.0
2022-05-16 04:00:00+00:00,196.1256590780549,204.4066228034296,195.01090257076893,199.10162353515625,27112600,0.0,0.0
2022-05-17 04:00:00+00:00,201.17187059607872,204.49621453506938,197.4295138444243,201.66952514648438,24872700,0.0,0.0
2022-05-18 04:00:00+00:00,199.06181944544653,200.05712854267378,190.7310871615623,191.33822631835938,23960000,0.0,0.0
2022-05-19 04:00:00+00:00,190.3030955043139,194.3739060489008,188.7106100681742,190.39266967773438,24446900,0.0,0.0
2022-05-20 04:00:00+00:00,194.05541046219443,196.98162155597763,186.9887099950689,192.63211059570312,31465600,0.0,0.0
2022-05-23 04:00:00+00:00,194.2743792709637,196.06593862949725,190.34291149267773,195.3094940185547,25059200,0.0,0.0
2022-05-24 04:00:00+00:00,179.70305509829623,182.81836215094546,175.28388041051807,180.42962646484375,50406300,0.0,0.0
2022-05-25 04:00:00+00:00,179.55374864716,184.5800624459455,178.47882822532142,182.96766662597656,28030200,0.0,0.0
2022-05-26 04:00:00+00:00,182.02212486885114,191.92544693032073,181.40502292734416,190.7310791015625,23056500,0.0,0.0
2022-05-27 04:00:00+00:00,190.46234125703288,194.41371941796862,188.9096615621262,194.21466064453125,22562700,0.0,0.0
2022-05-31 04:00:00+00:00,193.97581070281703,196.6731053355779,191.10931532736834,192.73167419433594,26131100,0.0,0.0
2022-06-01 04:00:00+00:00,195.5882055002462,198.59404353782838,184.13220207121236,187.755126953125,36623500,0.0,0.0
2022-06-02 04:00:00+00:00,187.56598388186393,199.99739914826284,186.84936016446258,197.92715454101562,31951600,0.0,0.0
2022-06-03 04:00:00+00:00,195.06067513561032,195.68772473485097,188.88976169072905,189.88507080078125,19465000,0.0,0.0
2022-06-06 04:00:00+00:00,193.08001599733524,195.99626434360303,187.5162266373198,193.3387908935547,30574200,0.0,0.0
2022-06-07 04:00:00+00:00,191.02967236446682,195.60810039740878,190.59174910834548,194.7322235107422,18828700,0.0,0.0
2022-06-08 04:00:00+00:00,193.75681498880314,201.08229035732788,193.49804009779297,195.7175750732422,22267200,0.0,0.0
2022-06-09 04:00:00+00:00,193.368647499835,198.514393638331,182.81836514135458,183.13687133789062,23501600,0.0,0.0
2022-06-10 04:00:00+00:00,182.18135868760842,182.24108998683536,174.19899117906937,174.7464141845703,27450800,0.0,0.0
2022-06-13 04:00:00+00:00,169.78976417362642,171.77043461528172,163.2605393517498,163.4894561767578,31749300,0.0,0.0
2022-06-14 04:00:00+00:00,165.2511584054928,165.96778212800888,160.60306701933558,162.96194458007812,27244300,0.0,0.0
2022-06-15 04:00:00+00:00,166.41567933900382,171.3524191827835,163.21078280553314,168.55560302734375,30008300,0.0,0.0
2022-06-16 04:00:00+00:00,162.95202427228188,164.30564539869255,158.8613028318742,160.11538696289062,26944100,0.0,0.0
2022-06-17 04:00:00+00:00,160.92157424527068,165.12178002530368,159.14992519347047,162.971923828125,31374200,0.0,0.0
2022-06-21 04:00:00+00:00,165.15164384807628,166.9730614578161,155.23837298611093,156.3133087158203,50724900,0.0,0.0
2022-06-22 04:00:00+00:00,157.63705777251027,160.03574112554074,154.71084663209396,155.11892700195312,47267800,0.0,0.0
2022-06-23 04:00:00+00:00,155.53696291287554,159.00063445324034,153.52643420602394,158.0053253173828,40499200,0.0,0.0
2022-06-24 04:00:00+00:00,160.9713374852641,169.45137532208366,160.54336185948108,169.36180114746094,68736000,0.0,0.0
2022-06-27 04:00:00+00:00,170.5163483567806,170.94432394491855,167.2218627479508,168.69493103027344,29174600,0.0,0.0
2022-06-28 04:00:00+00:00,169.10300512401122,170.49644693603452,159.85659053482593,159.92625427246094,27744500,0.0,0.0
2022-06-29 04:00:00+00:00,162.80273045220846,165.54977833156292,159.5679756054907,163.17098999023438,28595200,0.0,0.0
2022-06-30 04:00:00+00:00,161.3893634177571,164.4549172478533,157.7465436782428,160.49359130859375,35250600,0.0,0.0
2022-07-01 04:00:00+00:00,159.55799746344536,159.86654085076404,154.27290863624773,159.27931213378906,31423900,0.0,0.0
2022-07-05 04:00:00+00:00,157.39818685452104,167.46076287139942,156.28344547718694,167.4010467529297,28618600,0.0,0.0
2022-07-06 04:00:00+00:00,167.41100532878124,170.78510292796037,164.6838678255094,168.97364807128906,23085900,0.0,0.0
2022-07-07 04:00:00+00:00,168.65512600783367,171.90979105681865,166.99296161309277,171.3822784423828,24083400,0.0,0.0
2022-07-08 04:00:00+00:00,169.1826428402313,171.59128912909785,167.3612252972131,170.07843017578125,19249200,0.0,0.0
2022-07-11 04:00:00+00:00,166.2862834578215,166.70431141922256,161.15048532539075,162.11593627929688,21885600,0.0,0.0
2022-07-12 04:00:00+00:00,164.02694157042103,165.1317352711838,161.33961005665554,162.50411987304688,16639700,0.0,0.0
2022-07-13 04:00:00+00:00,159.40871745570726,164.206099671793,158.8612943845739,162.7230987548828,16555100,0.0,0.0
2022-07-14 04:00:00+00:00,160.46373708780524,161.82730571844314,156.54221673613603,157.30860900878906,23765200,0.0,0.0
2022-07-15 04:00:00+00:00,159.78690935880238,164.20608400267676,159.07030080986016,163.92739868164062,23342800,0.0,0.0
2022-07-18 04:00:00+00:00,165.9677820373673,170.88461111358544,164.86298839802592,166.44552612304688,23574300,0.0,0.0
2022-07-19 04:00:00+00:00,169.570803302963,175.66210520716854,168.71483688564845,174.95542907714844,25933700,0.0,0.0
2022-07-20 04:00:00+00:00,176.65740347669418,182.73874219808656,175.87110084583605,182.2311248779297,24784300,0.0,0.0
2022-07-21 04:00:00+00:00,179.78269719025255,182.98759387831657,178.0309433609232,182.31077575683594,27195800,0.0,0.0
2022-07-22 04:00:00+00:00,172.25814484053492,174.77627552596368,167.62000101541054,168.47596740722656,42583900,0.0,0.0
2022-07-25 04:00:00+00:00,168.20723807758844,169.76988065609982,164.03689051423166,165.86825561523438,26166300,0.0,0.0
2022-07-26 04:00:00+00:00,165.16159989819332,165.22131601619705,157.2090744611017,158.4034423828125,28468400,0.0,0.0
2022-07-27 04:00:00+00:00,161.82731408349076,170.06847278481447,161.2599957547192,168.78453063964844,43846600,0.0,0.0
2022-07-28 04:00:00+00:00,160.30449645193517,160.75238255206148,154.12363485832338,159.96609497070312,73214300,0.0,0.0
2022-07-29 04:00:00+00:00,156.95030912297085,159.38881360913717,154.4421257034106,158.35369873046875,42065400,0.0,0.0
2022-08-01 04:00:00+00:00,156.51234291833012,164.41509894301535,154.50181445163443,159.1797637939453,40596700,0.0,0.0
2022-08-02 04:00:00+00:00,157.56738213610367,161.47895481991452,157.26878636687042,159.43856811523438,27374500,0.0,0.0
2022-08-03 04:00:00+00:00,161.92683951716316,168.74469772334,160.81209818776804,168.0081787109375,31721900,0.0,0.0
2022-08-04 04:00:00+00:00,167.51051121404862,171.34244183125261,166.01754768306282,169.76986694335938,23938200,0.0,0.0
2022-08-05 04:00:00+00:00,166.20667860306156,170.8050019657225,165.02225829759746,166.32611083984375,25832700,0.0,0.0
2022-08-08 04:00:00+00:00,167.2119248175936,176.6773086657649,166.3460107811244,169.4513702392578,27299100,0.0,0.0
2022-08-09 04:00:00+00:00,168.15748421309797,168.73476536439048,165.81851673448895,167.7394561767578,18655100,0.0,0.0
2022-08-10 04:00:00+00:00,175.16445073930183,179.63337879589918,173.13401170798647,177.50341796875,30262100,0.0,0.0
2022-08-11 04:00:00+00:00,178.86701243504587,182.24110981599185,175.54266836138663,176.6574249267578,24079100,0.0,0.0
2022-08-12 04:00:00+00:00,179.96183318123636,180.60879319864185,178.07075199512173,179.65328979492188,21274000,0.0,0.0
2022-08-15 04:00:00+00:00,178.12051890328047,180.58888115906342,177.36407428579042,180.0414581298828,15878700,0.0,0.0
2022-08-16 04:00:00+00:00,178.59826999329016,180.14100215870383,176.20951900539458,178.6281280517578,21156700,0.0,0.0
2022-08-17 04:00:00+00:00,175.9308292341521,177.30436063789398,173.35298233666936,174.02980041503906,20118100,0.0,0.0
2022-08-18 04:00:00+00:00,173.52217679631798,174.93551383026298,171.05381459528806,173.84068298339844,18844500,0.0,0.0
2022-08-19 04:00:00+00:00,169.40161721404766,171.51168297574213,166.26639941236283,167.17213439941406,26240800,0.0,0.0
2022-08-22 04:00:00+00:00,164.71369746352707,164.71369746352707,161.49883834970646,162.28514099121094,19499700,0.0,0.0
2022-08-23 04:00:00+00:00,161.7178166398378,164.2757682901935,159.9461676751728,160.354248046875,18111800,0.0,0.0
2022-08-24 04:00:00+00:00,159.8466602679633,164.6838634867741,159.0205518266917,162.49417114257812,20891500,0.0,0.0
2022-08-25 04:00:00+00:00,164.40513228041598,168.08778770667038,163.2505853900674,167.98825073242188,15550500,0.0,0.0
2022-08-26 04:00:00+00:00,167.689686642503,170.1182434752563,160.91163354661174,161.0211181640625,24023600,0.0,0.0
2022-08-29 04:00:00+00:00,159.90635579730952,162.28514382198955,158.26408675064076,158.42333984375,20052700,0.0,0.0
2022-08-30 04:00:00+00:00,159.5978291634246,160.90168172720922,155.17865408293667,156.42279052734375,19567900,0.0,0.0
2022-08-31 04:00:00+00:00,166.28628921082225,167.05266623963342,161.3794077283267,162.1656951904297,40953000,0.0,0.0
2022-09-01 04:00:00+00:00,162.81267101337778,166.57493834921172,159.5978267422207,164.58432006835938,30145700,0.0,0.0
2022-09-02 04:00:00+00:00,166.66452215935502,167.14226632195155,158.47313171264273,159.56797790527344,22634200,0.0,0.0
2022-09-06 04:00:00+00:00,159.34899009107613,160.93152788640614,156.95029155870617,157.79629516601562,19339800,0.0,0.0
2022-09-07 04:00:00+00:00,157.01995133916657,160.20495247081288,156.07441077261387,159.6376190185547,16831200,0.0,0.0
2022-09-08 04:00:00+00:00,157.96551307438028,161.46899015231475,157.00006203771443,161.29978942871094,22530800,0.0,0.0
2022-09-09 04:00:00+00:00,162.48420422097,168.74469153277727,162.25528738934116,168.3565216064453,22086800,0.0,0.0
2022-09-12 04:00:00+00:00,166.60479209253228,170.5860285511026,166.49530748243313,168.1674346923828,23220400,0.0,0.0
2022-09-13 04:00:00+00:00,160.78221983126946,160.87180918948542,151.95383327619615,152.41168212890625,44444100,0.0,0.0
2022-09-14 04:00:00+00:00,152.61073585815754,152.81974225025758,148.35081441173244,150.75946044921875,43064200,0.0,0.0
2022-09-15 04:00:00+00:00,149.09729221745584,153.47664577135723,148.0024462353754,148.8484649658203,34606300,0.0,0.0
2022-09-16 04:00:00+00:00,147.35552892225996,147.88304157907592,143.61315664028953,145.60377502441406,40122800,0.0,0.0
2022-09-19 04:00:00+00:00,144.55868009903568,147.88300840996934,144.41933745088906,147.3256378173828,22169500,0.0,0.0
2022-09-20 04:00:00+00:00,145.09615023192904,148.141793455889,144.53877960103583,145.40469360351562,23217400,0.0,0.0
2022-09-21 04:00:00+00:00,145.70328172435356,148.89823024896384,141.3338758871614,141.45330810546875,38338600,0.0,0.0
2022-09-22 04:00:00+00:00,140.8860232277192,143.90180895146722,140.20920506029128,142.1500701904297,34418500,0.0,0.0
2022-09-23 04:00:00+00:00,140.75659941358248,141.95096719698088,138.2384688146207,139.7513427734375,31710700,0.0,0.0
2022-09-26 04:00:00+00:00,139.46272581109793,141.57279172663144,135.55116778882052,135.73031616210938,30497000,0.0,0.0
2022-09-27 04:00:00+00:00,137.27302338473746,138.7659869709527,133.49084592888337,133.76953125,30826500,0.0,0.0
2022-09-28 04:00:00+00:00,133.988508300892,141.36375249344968,133.64015922271042,140.9457244873047,32658500,0.0,0.0
2022-09-29 04:00:00+00:00,138.7062697424971,139.18401383382667,134.56578045174535,135.77011108398438,38985400,0.0,0.0
2022-09-30 04:00:00+00:00,135.41182332515547,140.32865333483252,134.86440021304725,135.04354858398438,33166400,0.0,0.0
2022-10-03 04:00:00+00:00,136.49668751865056,138.9650498008152,135.4615727510368,137.9597930908203,27723100,0.0,0.0
2022-10-04 04:00:00+00:00,139.83098510058932,141.7220663721567,138.68637048909366,139.62196350097656,34670700,0.0,0.0
2022-10-05 04:00:00+00:00,137.59152972253636,139.55228978287366,134.14775369755077,138.3280487060547,27979300,0.0,0.0
2022-10-06 04:00:00+00:00,137.07395980130667,140.78645820301938,135.95921855595194,138.41763305664062,36231100,0.0,0.0
2022-10-07 04:00:00+00:00,136.11846039825195,137.6412820318744,131.81873319367415,132.82398986816406,33214800,0.0,0.0
2022-10-10 04:00:00+00:00,132.9235348251432,135.47152371961099,131.25140762114134,133.1623992919922,24024000,0.0,0.0
2022-10-11 04:00:00+00:00,131.0025808746313,132.03771085921403,126.39430240523782,127.93702697753906,38481400,0.0,0.0
2022-10-12 04:00:00+00:00,127.71806961752692,129.06172777563606,125.65777251299689,126.90190887451172,34605200,0.0,0.0
2022-10-13 04:00:00+00:00,122.95054807452124,130.52485192893832,121.9552388436502,129.6788330078125,34325700,0.0,0.0
2022-10-14 04:00:00+00:00,130.38549080100034,131.17177829979363,125.92650273623762,126.1653823852539,23559400,0.0,0.0
2022-10-17 04:00:00+00:00,129.68876323800103,134.15769084205866,129.56931583300022,133.4112091064453,29612200,0.0,0.0
2022-10-18 04:00:00+00:00,136.44693271546402,137.19341460524663,130.78362101502597,132.17706298828125,25445000,0.0,0.0
2022-10-19 04:00:00+00:00,132.26662479833314,136.35734577919754,131.59976952830172,132.6050262451172,30691000,0.0,0.0
2022-10-20 04:00:00+00:00,132.3064363612034,136.12843499157682,130.69404041832243,130.9130096435547,26356300,0.0,0.0
2022-10-21 04:00:00+00:00,125.71749057589625,129.50961583458374,124.85157651477564,129.40013122558594,46348600,0.0,0.0
2022-10-24 04:00:00+00:00,126.6530962802291,132.85386837221668,123.98566730826468,129.11151123046875,63563400,0.0,0.0
2022-10-25 04:00:00+00:00,130.26607018830055,137.70103096931584,129.97742202159375,136.86495971679688,38433200,0.0,0.0
2022-10-26 04:00:00+00:00,131.0623047961983,134.91416162846235,127.92708697169783,129.21104431152344,82791500,0.0,0.0
2022-10-27 04:00:00+00:00,97.52038883670613,102.01918262186933,95.92788820382158,97.48057556152344,232316600,0.0,0.0
2022-10-28 04:00:00+00:00,99.11287959633101,100.37691878148325,97.05259011305071,98.73465728759766,95928300,0.0,0.0
2022-10-31 04:00:00+00:00,97.75926119813265,98.85409969144031,92.16562131206909,92.7229995727539,121361400,0.0,0.0
2022-11-01 04:00:00+00:00,93.88751151989102,97.03268440407783,93.11117161789574,94.75342559814453,110189600,0.0,0.0
2022-11-02 04:00:00+00:00,93.76807039402826,94.75342428726674,90.05557166408238,90.11528778076172,71821100,0.0,0.0
2022-11-03 04:00:00+00:00,89.65743726823088,90.03565195759467,87.99527304724108,88.49292755126953,60664000,0.0,0.0
2022-11-04 04:00:00+00:00,89.92617442608974,90.96129678704688,87.67677376490204,90.3641128540039,55638100,0.0,0.0
2022-11-07 05:00:00+00:00,94.33538684606212,96.42553425040695,92.66326740386523,96.26628875732422,81987300,0.0,0.0
2022-11-08 05:00:00+00:00,95.47004067817295,97.34122652120378,94.34534420392964,96.01746368408203,52088300,0.0,0.0
2022-11-09 05:00:00+00:00,101.24283818879528,104.40792128428883,100.26743197467984,100.99401092529297,107677300,0.0,0.0
2022-11-10 05:00:00+00:00,106.61751194751989,112.22109936387615,104.11928401728964,111.34523010253906,80671000,0.0,0.0
2022-11-11 05:00:00+00:00,108.7176152481457,114.36101596630525,108.29957965918129,112.48983001708984,59961700,0.0,0.0
2022-11-14 05:00:00+00:00,110.46935243850882,115.72458315525292,110.28024887734493,113.6842041015625,53395000,0.0,0.0
2022-11-15 05:00:00+00:00,115.52552791061386,118.18300140763097,113.87331873931102,116.53079223632812,50670500,0.0,0.0
2022-11-16 05:00:00+00:00,113.96289175268743,115.53548195043007,112.13152665678899,112.6988525390625,33287800,0.0,0.0
2022-11-17 05:00:00+00:00,109.8920779387376,111.8030695285004,109.28493879923917,110.92719268798828,35093800,0.0,0.0
2022-11-18 05:00:00+00:00,113.26617440514578,113.7837317767116,110.10109128110896,111.52438354492188,33357700,0.0,0.0
2022-11-21 05:00:00+00:00,110.99685930401769,111.84287805150252,108.67779504320532,109.34465026855469,24351100,0.0,0.0
2022-11-22 05:00:00+00:00,109.34465382193905,111.09639989187181,107.81187695994858,110.91724395751953,29029000,0.0,0.0
2022-11-23 05:00:00+00:00,111.19592835262634,112.14146891329342,110.21057451870094,111.71348571777344,21343100,0.0,0.0
2022-11-25 05:00:00+00:00,110.7779055285652,112.20119784095549,110.49921260278887,110.88739013671875,12007600,0.0,0.0
2022-11-28 05:00:00+00:00,110.2603401720271,111.51443175614992,107.87159682870937,108.26972198486328,23309400,0.0,0.0
2022-11-29 05:00:00+00:00,109.02615975361113,110.41959401269497,108.03085065335205,108.946533203125,23899200,0.0,0.0
2022-11-30 05:00:00+00:00,108.99629650081332,117.60572132644997,108.8669014640389,117.5459976196289,43348600,0.0,0.0
2022-12-01 05:00:00+00:00,118.64083421447586,120.63145228917247,117.84459154076042,119.8750228881836,36551400,0.0,0.0
2022-12-02 05:00:00+00:00,117.27727516738443,123.45814387740222,117.05830594650168,122.91072082519531,39950500,0.0,0.0
2022-12-05 05:00:00+00:00,121.17888711668026,124.08518796674628,120.7807619441876,121.85569763183594,35474900,0.0,0.0
2022-12-06 05:00:00+00:00,119.34751130591351,119.98450848762556,113.20644872326258,113.58467102050781,43689200,0.0,0.0
2022-12-07 05:00:00+00:00,113.22636811897216,115.3364186028113,112.35049122958445,113.39556884765625,29461100,0.0,0.0
2022-12-08 05:00:00+00:00,115.84401899184564,116.78955954594373,114.05245967569569,114.78899383544922,30619400,0.0,0.0
2022-12-09 05:00:00+00:00,114.759139316266,116.98862951672221,113.33584703612352,115.3563232421875,26033400,0.0,0.0
2022-12-12 05:00:00+00:00,114.6397096684387,115.17717752755246,112.609278065211,114.17191314697266,24747100,0.0,0.0
2022-12-13 05:00:00+00:00,121.5571031179108,122.7216205884405,118.08347632884896,119.58639526367188,44701100,0.0,0.0
2022-12-14 05:00:00+00:00,118.8299459472177,123.55766389792424,118.8299459472177,121.01962280273438,36922000,0.0,0.0
2022-12-15 05:00:00+00:00,117.77493013276049,118.07351831295361,113.47519503296823,115.60515594482422,34531000,0.0,0.0
2022-12-16 05:00:00+00:00,119.66601655358838,122.73156281350674,118.26262707625729,118.86976623535156,67064000,0.0,0.0
2022-12-19 05:00:00+00:00,116.28195254156294,117.24740348860793,113.7936800362326,113.94297790527344,29769900,0.0,0.0
2022-12-20 05:00:00+00:00,112.72872019632283,116.77962826751553,111.9324698124553,116.5407485961914,28742500,0.0,0.0
2022-12-21 05:00:00+00:00,116.15257574054588,119.77550046940596,115.07764762068211,119.19822692871094,20392800,0.0,0.0
2022-12-22 05:00:00+00:00,116.65022137241151,118.0635660399852,113.84345006492889,116.57060241699219,23618100,0.0,0.0
2022-12-23 05:00:00+00:00,115.48571651138852,117.6256326479817,114.99801716654831,117.48628997802734,17796600,0.0,0.0
2022-12-27 05:00:00+00:00,117.37680367744063,118.0436589588536,115.50562528383824,116.33172607421875,21392300,0.0,0.0
2022-12-28 05:00:00+00:00,115.70467869540127,117.59576743581066,114.96815211421644,115.07763671875,19612500,0.0,0.0
2022-12-29 05:00:00+00:00,115.85398325880043,120.46226175754701,115.22693365236125,119.69587707519531,22366200,0.0,0.0
2022-12-30 05:00:00+00:00,117.60573081615117,119.85512398963968,117.1876952090939,119.77549743652344,19583800,0.0,0.0
2023-01-03 05:00:00+00:00,122.24386218953632,125.77721249819784,121.70639436944211,124.15485382080078,35528500,0.0,0.0
2023-01-04 05:00:00+00:00,126.7824695961951,128.44464155347868,125.25964789811866,126.77252197265625,32397100,0.0,0.0
2023-01-05 05:00:00+00:00,125.53833031695387,127.91712598134784,123.95579253993468,126.34453582763672,25447100,0.0,0.0
2023-01-06 05:00:00+00:00,128.36501760802327,129.71863861013483,125.44876160115716,129.41009521484375,27584500,0.0,0.0
2023-01-09 05:00:00+00:00,130.54476117196793,132.326357996558,128.67357497513657,128.86268615722656,26649100,0.0,0.0
2023-01-10 05:00:00+00:00,126.67297359118345,132.814035916678,126.55354137061703,132.36614990234375,28684400,0.0,0.0
2023-01-11 05:00:00+00:00,130.34569271415705,133.22213554460268,129.72859071504672,132.26663208007812,25423000,0.0,0.0
2023-01-12 05:00:00+00:00,132.8140453994428,137.03414615767494,131.1419182560742,136.06871032714844,30757700,0.0,0.0
2023-01-13 05:00:00+00:00,134.33686708767706,136.7455132270694,134.20747204800026,136.33743286132812,22423800,0.0,0.0
2023-01-17 05:00:00+00:00,135.54118216295166,136.1085156239696,133.62024294345827,134.72503662109375,21147600,0.0,0.0
2023-01-18 05:00:00+00:00,135.17290128355762,136.60614855076494,132.17702691752618,132.39599609375,20215500,0.0,0.0
2023-01-19 05:00:00+00:00,131.8685024155259,136.80522683289115,131.520138170728,135.51132202148438,28625200,0.0,0.0
2023-01-20 05:00:00+00:00,135.25256068714705,139.28356580894655,133.9785661816359,138.7162322998047,28688600,0.0,0.0
2023-01-23 05:00:00+00:00,138.63660481536394,143.085637930656,138.0095703781944,142.5979461669922,27470100,0.0,0.0
2023-01-24 05:00:00+00:00,141.0253564004958,144.31982726888674,140.6969025573494,142.4685516357422,21970200,0.0,0.0
2023-01-25 05:00:00+00:00,140.55755733281322,142.49840710963068,139.65182237456102,140.83624267578125,26622000,0.0,0.0
2023-01-26 05:00:00+00:00,143.72261873097537,146.81803044058447,142.62778790364493,146.60902404785156,25482100,0.0,0.0
2023-01-27 05:00:00+00:00,147.54463153104425,152.4714087082204,146.69861269203298,151.02821350097656,35771900,0.0,0.0
2023-01-30 05:00:00+00:00,148.70913006731004,150.4111000524141,146.26066310116065,146.37014770507812,28040100,0.0,0.0
2023-01-31 05:00:00+00:00,147.25597494675876,149.17692936326716,146.82799933338794,148.2711944580078,29842100,0.0,0.0
2023-02-01 05:00:00+00:00,147.33561342963432,152.8595822934471,146.3701623314899,152.4017333984375,55661000,0.0,0.0
2023-02-02 05:00:00+00:00,182.51977587056913,196.23513317084434,179.31487955986577,187.88449096679688,150475700,0.0,0.0
2023-02-03 05:00:00+00:00,182.6093704771839,195.8469851742293,182.03208934926204,185.65501403808594,76809700,0.0,0.0
2023-02-06 05:00:00+00:00,185.6549912811039,189.80542809429326,184.64973463290946,185.18719482421875,42483800,0.0,0.0
2023-02-07 05:00:00+00:00,184.7094699164498,192.87100173389837,183.53499724729815,190.72113037109375,47080700,0.0,0.0
2023-02-08 05:00:00+00:00,189.108737946779,189.93484636132777,182.0619473629283,182.56954956054688,36139100,0.0,0.0
2023-02-09 05:00:00+00:00,185.25691426899482,185.7744641405874,176.43847376807423,177.08541870117188,37118800,0.0,0.0
2023-02-10 05:00:00+00:00,175.52277640780264,178.05085499135262,172.5368489283654,173.3330841064453,33433600,0.0,0.0
2023-02-13 05:00:00+00:00,177.38400227491994,180.15096056474957,174.99526633126692,178.58831787109375,31463200,0.0,0.0
2023-02-14 05:00:00+00:00,176.32896751888825,180.65855308285208,175.05497305900255,178.63807678222656,24034600,0.0,0.0
2023-02-15 05:00:00+00:00,175.59243003019583,177.35413139393586,174.50754675346582,176.32896423339844,25308900,0.0,0.0
2023-02-16 05:00:00+00:00,171.93964690645842,175.02511118921583,170.98414348874408,171.631103515625,25827500,0.0,0.0
2023-02-17 05:00:00+00:00,169.4215201087607,172.36762660759723,168.90395511245242,172.0690460205078,24171300,0.0,0.0
2023-02-21 05:00:00+00:00,173.49233173468545,177.33422557764814,171.07373784262953,171.27279663085938,34592600,0.0,0.0
2023-02-22 05:00:00+00:00,170.26755320801132,171.94961300936373,168.89402164343807,170.3173065185547,22433200,0.0,0.0
2023-02-23 05:00:00+00:00,171.19316550970734,172.87524032170427,168.58546052289745,171.23297119140625,20017800,0.0,0.0
2023-02-24 05:00:00+00:00,167.8489377133856,169.91918260811994,166.87353897983232,169.59072875976562,19791300,0.0,0.0
2023-02-27 05:00:00+00:00,171.0737401340374,172.3079137499204,168.2669610646023,168.7447052001953,19277000,0.0,0.0
2023-02-28 05:00:00+00:00,171.09363645113456,176.717142249163,171.0637783916742,174.119384765625,46051100,0.0,0.0
2023-03-01 05:00:00+00:00,173.771016199502,177.01573366141542,172.23824683192723,172.60650634765625,30998400,0.0,0.0
2023-03-02 05:00:00+00:00,171.57138005511212,174.18903254694888,170.62582430147143,173.71128845214844,17352000,0.0,0.0
2023-03-03 05:00:00+00:00,178.08070349683496,185.74458057876782,176.21948032775157,184.38101196289062,45877700,0.0,0.0
2023-03-06 05:00:00+00:00,187.11811821575978,188.7703350321703,183.7738788997343,184.03265380859375,33209400,0.0,0.0
2023-03-07 05:00:00+00:00,188.11342901660902,189.46705006569852,183.1468308995148,183.6444854736328,36701500,0.0,0.0
2023-03-08 05:00:00+00:00,182.01217025459715,184.39095839607606,180.48934854659495,184.10232543945312,19432400,0.0,0.0
2023-03-09 05:00:00+00:00,185.47586708494643,188.04375133976458,179.45424366053922,180.8377227783203,26582800,0.0,0.0
2023-03-10 05:00:00+00:00,180.16090194224154,183.9032740280053,177.96127724794607,178.66793823242188,25665000,0.0,0.0
2023-03-13 04:00:00+00:00,177.12522592730892,182.91791737815754,173.99995575243568,180.05142211914062,24728000,0.0,0.0
2023-03-14 04:00:00+00:00,186.70008541627902,193.40847431166495,185.68486586763575,193.10987854003906,41642600,0.0,0.0
2023-03-15 04:00:00+00:00,192.04488576977488,196.85223049422967,189.94478298357055,196.82237243652344,42123600,0.0,0.0
2023-03-16 04:00:00+00:00,197.32997901246466,204.79479734999595,195.17016006260434,203.96868896484375,50447100,0.0,0.0
2023-03-17 04:00:00+00:00,199.61919032932525,200.95290087614472,194.5132497950303,194.69241333007812,50141100,0.0,0.0
2023-03-20 04:00:00+00:00,197.54893531688217,198.4248121377982,192.7316431762655,196.882080078125,25186300,0.0,0.0
2023-03-21 04:00:00+00:00,202.2468152680923,202.59517954379874,197.02144225576916,201.21170043945312,31827000,0.0,0.0
2023-03-22 04:00:00+00:00,201.5500796578903,206.39722980012576,198.73335326539132,198.87269592285156,28477800,0.0,0.0
2023-03-23 04:00:00+00:00,201.888514407543,206.90488127850577,201.20174862984584,203.32176208496094,27389700,0.0,0.0
2023-03-24 04:00:00+00:00,204.21751649177017,206.60626747501993,202.59517296507255,205.0436248779297,27716400,0.0,0.0
2023-03-27 04:00:00+00:00,203.84926426575987,204.89434190908338,200.41545074102171,201.8885040283203,18527200,0.0,0.0
2023-03-28 04:00:00+00:00,199.21111956955335,200.0869964782602,196.9716739902379,199.73863220214844,19127300,0.0,0.0
2023-03-29 04:00:00+00:00,202.60512217791344,204.75499352353694,201.58990262238925,204.38673400878906,18851100,0.0,0.0
2023-03-30 04:00:00+00:00,202.4259809400818,207.11387855844876,201.8686102428606,206.86505126953125,22608300,0.0,0.0
2023-03-31 04:00:00+00:00,206.26786624192704,211.17473288382774,205.80006974339463,210.94581604003906,25440300,0.0,0.0
2023-04-03 04:00:00+00:00,207.8603425627802,212.4885388512506,207.22334536538006,212.0705108642578,17924600,0.0,0.0
2023-04-04 04:00:00+00:00,212.38900564540293,215.22564262061434,211.5429868458595,213.7127685546875,21026400,0.0,0.0
2023-04-05 04:00:00+00:00,213.14543424703638,214.18056419915374,208.95519150856262,210.4879608154297,19396600,0.0,0.0
2023-04-06 04:00:00+00:00,208.26843026535886,215.92235971438376,207.6712387273477,215.0863037109375,26104400,0.0,0.0
2023-04-10 04:00:00+00:00,213.70282432311066,214.64836493411835,209.6718194159604,213.7426300048828,16106100,0.0,0.0
2023-04-11 04:00:00+00:00,214.469206341982,215.00668177517124,212.40892434732177,212.84686279296875,16710100,0.0,0.0
2023-04-12 04:00:00+00:00,213.83219549453068,215.8228136209453,211.5828024790781,212.9961395263672,18972200,0.0,0.0
2023-04-13 04:00:00+00:00,214.71802222564747,220.11259558285633,214.67821654507077,219.3163604736328,23310400,0.0,0.0
2023-04-14 04:00:00+00:00,216.85795280807292,221.06810607273064,216.52949898072916,220.45101928710938,21591200,0.0,0.0
2023-04-17 04:00:00+00:00,218.75898897403798,219.9434092793781,216.11147820663248,217.83335876464844,15481900,0.0,0.0
2023-04-18 04:00:00+00:00,218.87841794798126,219.40593053219777,215.1957774816206,216.86788940429688,12281000,0.0,0.0
2023-04-19 04:00:00+00:00,212.46863633007044,216.31053009137096,211.93116090734108,214.68817138671875,15898100,0.0,0.0
2023-04-20 04:00:00+00:00,212.47857604073408,215.7332409525059,211.77191510577404,212.0705108642578,16475400,0.0,0.0
2023-04-21 04:00:00+00:00,209.2239362767764,212.40892241540604,208.59688667282944,211.891357421875,17717200,0.0,0.0
2023-04-24 04:00:00+00:00,212.6776182190434,212.91649784462945,209.72156448366965,211.7917938232422,15750900,0.0,0.0
2023-04-25 04:00:00+00:00,209.83108117114566,210.26900443754622,206.15838799732518,206.576416015625,19198200,0.0,0.0
2023-04-26 04:00:00+00:00,211.50318897041646,213.10563726845726,207.90017479939294,208.417724609375,41992700,0.0,0.0
2023-04-27 04:00:00+00:00,238.7646961349494,240.55625552795624,235.65933664521174,237.44093322753906,71196500,0.0,0.0
2023-04-28 04:00:00+00:00,237.88882032208997,239.302157408545,234.64411815351386,239.19268798828125,39554000,0.0,0.0
2023-05-01 04:00:00+00:00,237.5006388027442,242.85540630997818,235.35078281375567,242.03924560546875,29143900,0.0,0.0
2023-05-02 04:00:00+00:00,242.03924162107515,243.7710847934838,237.86890955993888,238.11773681640625,24350100,0.0,0.0
2023-05-03 04:00:00+00:00,238.34667803957808,240.6159816358931,231.65819948605633,235.91812133789062,34463900,0.0,0.0
2023-05-04 04:00:00+00:00,234.95263870943202,237.08259934924638,231.83731669809606,232.424560546875,17889400,0.0,0.0
2023-05-05 04:00:00+00:00,231.15057386548511,233.579115133768,228.77178589877687,231.6880340576172,26978900,0.0,0.0
2023-05-08 04:00:00+00:00,230.3344531558001,234.5147487568015,229.1898536511114,232.17578125,16400500,0.0,0.0
2023-05-09 04:00:00+00:00,230.37423980806227,234.77350399447775,229.99601750847725,232.2752685546875,16865600,0.0,0.0
2023-05-10 04:00:00+00:00,235.06215005629753,235.6394311610159,229.63771845877667,231.9866485595703,19119000,0.0,0.0
2023-05-11 04:00:00+00:00,231.95680727071314,237.0926062807748,231.2103253862465,234.68394470214844,20449000,0.0,0.0
2023-05-12 04:00:00+00:00,235.62948997993087,235.84845920450806,230.36429615334117,232.71322631835938,16155300,0.0,0.0
2023-05-15 04:00:00+00:00,235.8086303848226,239.13295913720881,234.22609255917436,237.73953247070312,20653200,0.0,0.0
2023-05-16 04:00:00+00:00,234.68392179887599,238.515867840056,234.4151992814864,237.69972229003906,18163800,0.0,0.0
2023-05-17 04:00:00+00:00,237.33143628120126,242.6961513706199,237.0228929104052,241.3524932861328,21193100,0.0,0.0
2023-05-18 04:00:00+00:00,240.16809372378933,245.93092684694426,240.05860911308702,245.6920623779297,22943300,0.0,0.0
2023-05-19 04:00:00+00:00,246.30914944792605,247.52342779081425,242.26819684565072,244.48773193359375,21599800,0.0,0.0
2023-05-22 04:00:00+00:00,244.25881345757563,252.3805394775979,243.9701653095046,247.15516662597656,27738500,0.0,0.0
2023-05-23 04:00:00+00:00,245.6522443082589,250.4297311767593,245.49299120229273,245.58258056640625,17748100,0.0,0.0
2023-05-24 04:00:00+00:00,244.12942750285802,248.41920751653527,243.8009736603465,248.04100036621094,17724300,0.0,0.0
2023-05-25 04:00:00+00:00,252.21133017450006,254.42091768179606,248.00117676182518,251.50466918945312,22371400,0.0,0.0
2023-05-26 04:00:00+00:00,251.74348035188353,261.07948297433165,251.52452635953597,260.8107604980469,25727200,0.0,0.0
2023-05-30 04:00:00+00:00,264.00577941481623,267.3898248008557,260.06436327693154,261.28857421875,23816500,0.0,0.0
2023-05-31 04:00:00+00:00,258.78038053593673,263.75692631547395,257.23766349405014,263.4782409667969,25473700,0.0,0.0
2023-06-01 04:00:00+00:00,264.6526915197554,272.71470154543596,264.6427590830665,271.3312072753906,25609500,0.0,0.0
2023-06-02 04:00:00+00:00,271.3809909565315,274.0583749454534,269.84820639191184,271.3312072753906,19405300,0.0,0.0
2023-06-05 04:00:00+00:00,269.0320297424895,274.2773279863085,268.295510749762,270.116943359375,20742900,0.0,0.0
2023-06-06 04:00:00+00:00,268.8728220618882,275.2726524565986,268.42492080511124,269.84820556640625,19419000,0.0,0.0
2023-06-07 04:00:00+00:00,270.3956469072227,272.9635311187251,261.5672293379274,262.3634948730469,26163600,0.0,0.0
2023-06-08 04:00:00+00:00,259.39748173400665,266.39450427298254,257.665653426529,263.3388977050781,20899400,0.0,0.0
2023-06-09 04:00:00+00:00,261.2487386737778,266.69308056511954,260.47239880510483,263.7071533203125,16938500,0.0,0.0
2023-06-12 04:00:00+00:00,265.91672985333565,270.47523189644943,264.085334488373,269.77850341796875,15442500,0.0,0.0
2023-06-13 04:00:00+00:00,273.5905696870389,274.42662568433303,267.82772150543565,270.0472717285156,16164000,0.0,0.0
2023-06-14 04:00:00+00:00,270.61460623980014,273.70004015551854,267.06134545688445,272.0677490234375,19175100,0.0,0.0
2023-06-15 04:00:00+00:00,271.02267007942214,282.6578365022489,270.14682353972785,280.5079650878906,25973500,0.0,0.0
2023-06-16 04:00:00+00:00,283.4142942598282,286.4997588499214,278.81597062287807,279.681884765625,43102500,0.0,0.0
2023-06-20 04:00:00+00:00,277.4225093020109,283.4640123003581,274.92427380491404,282.9962158203125,20701600,0.0,0.0
2023-06-21 04:00:00+00:00,282.19999663631,282.6677931427556,277.05423506540825,280.3188781738281,20556200,0.0,0.0
2023-06-22 04:00:00+00:00,277.77085945854066,283.9218929847252,276.4869325466224,283.5436706542969,17563100,0.0,0.0
2023-06-23 04:00:00+00:00,280.18944760576966,288.3111727282654,277.6414589839381,287.3755798339844,50988400,0.0,0.0
2023-06-26 04:00:00+00:00,287.34574985333995,288.43063312942365,276.29781274794044,277.1637268066406,24232700,0.0,0.0
2023-06-27 04:00:00+00:00,280.68712477465124,287.992689813464,279.3334886243804,285.7034606933594,26108300,0.0,0.0
2023-06-28 04:00:00+00:00,283.4839552004256,288.19174797067035,282.7275105377967,283.9517517089844,16722100,0.0,0.0
2023-06-29 04:00:00+00:00,283.16545046570934,285.2257476763586,279.37332507044584,280.2093811035156,15395700,0.0,0.0
2023-06-30 04:00:00+00:00,283.4242018574071,287.6940556173731,283.08580044078826,285.6337890625,19676000,0.0,0.0
2023-07-03 04:00:00+00:00,285.3551475204468,288.04246402024535,283.5138195047325,284.6783142089844,8629300,0.0,0.0
2023-07-05 04:00:00+00:00,286.3006871770568,296.72157578416954,285.0167297958224,292.9891662597656,33865500,0.0,0.0
2023-07-06 04:00:00+00:00,294.5020301613624,296.72155005981983,289.94349738108144,290.62030029296875,47600500,0.0,0.0
2023-07-07 04:00:00+00:00,290.80939867670173,294.8105606037905,287.30592166227655,289.1671447753906,25546200,0.0,0.0
2023-07-10 04:00:00+00:00,294.16357784839363,296.73149220943253,285.7034509156094,292.72039794921875,37058300,0.0,0.0
2023-07-11 04:00:00+00:00,292.5213257310525,298.77186539304495,290.530707617368,296.8907470703125,27585900,0.0,0.0
2023-07-12 04:00:00+00:00,300.3345235261289,307.99841581227344,298.69226957179035,307.888916015625,36677100,0.0,0.0
2023-07-13 04:00:00+00:00,312.148825735841,314.7565306398543,308.8344598968248,311.9398193359375,30281000,0.0,0.0
2023-07-14 04:00:00+00:00,310.32745875803425,313.40296048942173,305.91821599156407,307.421142578125,22576000,0.0,0.0
2023-07-17 04:00:00+00:00,306.09736421786033,310.2477860887302,303.2806225002827,309.16290283203125,25323100,0.0,0.0
2023-07-18 04:00:00+00:00,309.42171744719434,312.7261511581507,306.1769998560628,310.5862121582031,20764600,0.0,0.0
2023-07-19 04:00:00+00:00,311.56161677383153,317.18510730194566,309.06338112949766,314.52764892578125,21763700,0.0,0.0
2023-07-20 04:00:00+00:00,312.0293957162204,314.05983473863796,300.8023105398768,301.10089111328125,23836900,0.0,0.0
2023-07-21 04:00:00+00:00,303.14130371026374,304.02711302576523,289.834025734893,292.8796691894531,42089700,0.0,0.0
2023-07-24 04:00:00+00:00,294.3925176464592,296.1243457210145,286.9475948140285,290.2420654296875,24915700,0.0,0.0
2023-07-25 04:00:00+00:00,293.80527728661787,296.9006738143323,290.4908811811979,293.0886535644531,19585600,0.0,0.0
2023-07-26 04:00:00+00:00,299.7771692586956,300.35443520853624,290.5307386288225,297.1694641113281,47256900,0.0,0.0
2023-07-27 04:00:00+00:00,323.5949019127115,323.82383394912125,308.38657950722336,310.247802734375,64229200,0.0,0.0
2023-07-28 04:00:00+00:00,315.3935225132305,324.66980973407146,312.7758549689372,323.95318603515625,39220300,0.0,0.0
2023-07-31 04:00:00+00:00,322.1715881591069,324.1323481985344,316.10019689176113,317.10546875,25799600,0.0,0.0
2023-08-01 04:00:00+00:00,316.05043634198404,322.61948198267146,313.1839414897262,321.1961669921875,22817900,0.0,0.0
2023-08-02 04:00:00+00:00,316.5082948275176,316.89647995750096,309.1927668438837,312.8356018066406,20461100,0.0,0.0
2023-08-03 04:00:00+00:00,308.47616856598734,314.4679493022101,308.47616856598734,311.72088623046875,15180200,0.0,0.0
2023-08-04 04:00:00+00:00,313.48253785122665,316.916366310776,308.74488730741234,309.27239990234375,17600200,0.0,0.0
2023-08-07 04:00:00+00:00,311.760676823609,315.5826600797192,309.00365120796704,315.0750427246094,16236500,0.0,0.0
2023-08-08 04:00:00+00:00,312.92515464412173,316.3988038321548,308.65527037756453,311.1734313964844,15183500,0.0,0.0
2023-08-09 04:00:00+00:00,311.4123554394084,312.1588373587852,301.4294051192526,303.7783203125,19955800,0.0,0.0
2023-08-10 04:00:00+00:00,306.495478242272,310.87483208676855,302.44456302698313,304.3057861328125,14358900,0.0,0.0
2023-08-11 04:00:00+00:00,301.1507279716822,303.2906367907581,298.9510726529524,300.22509765625,13967800,0.0,0.0
2023-08-14 04:00:00+00:00,299.5681407740844,304.77358787395633,296.8509360242171,304.7536926269531,15641900,0.0,0.0
2023-08-15 04:00:00+00:00,304.70391654022484,305.7887997220303,298.62256266171255,300.5335693359375,11623600,0.0,0.0
2023-08-16 04:00:00+00:00,298.7917956428592,299.6676421119351,292.8995525703216,292.9095153808594,18547700,0.0,0.0
2023-08-17 04:00:00+00:00,291.6753379770627,294.6612654651381,283.61335805879924,283.752685546875,23950100,0.0,0.0
2023-08-18 04:00:00+00:00,277.72111972233336,284.3498825166121,273.0929381028541,281.92132568359375,34061200,0.0,0.0
2023-08-21 04:00:00+00:00,282.1203746699717,289.1372916285723,280.5278740456698,288.54010009765625,20181500,0.0,0.0
2023-08-22 04:00:00+00:00,291.1776775592595,291.5260418341039,285.40489668112855,286.25091552734375,12999900,0.0,0.0
2023-08-23 04:00:00+00:00,287.14667667048064,296.0049216263318,286.320583478428,292.8597412109375,18287000,0.0,0.0
2023-08-24 04:00:00+00:00,297.09975831780935,298.0552465231389,285.2954072906671,285.4048767089844,18360900,0.0,0.0
2023-08-25 04:00:00+00:00,284.787785650487,287.0371938415798,274.73515808891875,284.1607360839844,23701400,0.0,0.0
2023-08-28 04:00:00+00:00,286.6490291486704,290.08285779345016,284.4593369151262,288.8984375,14239300,0.0,0.0
2023-08-29 04:00:00+00:00,287.2263299187421,297.7467559781193,286.8282122937407,296.5921936035156,20844500,0.0,0.0
2023-08-30 04:00:00+00:00,295.77602593765755,296.89076729736024,292.0535491568498,293.7157287597656,17717000,0.0,0.0
2023-08-31 04:00:00+00:00,294.41240961471203,299.68756588991215,294.2730821401518,294.50201416015625,17229900,0.0,0.0
2023-09-01 04:00:00+00:00,297.96568006190887,300.32455776626847,293.0886715524434,294.9897155761719,12819800,0.0,0.0
2023-09-05 04:00:00+00:00,295.62671241672155,299.97623891112556,294.1238162567697,298.7420349121094,14956000,0.0,0.0
2023-09-06 04:00:00+00:00,300.294726060996,301.8772640221094,294.2731176343078,297.76666259765625,15418100,0.0,0.0
2023-09-07 04:00:00+00:00,296.602141921701,305.60967804170025,290.8492559544384,297.2690124511719,33748700,0.0,0.0
2023-09-08 04:00:00+00:00,297.8163623609764,303.81807445964967,295.38780595336004,296.49261474609375,17548000,0.0,0.0
2023-09-11 04:00:00+00:00,299.9961039615966,307.5903168617687,299.8667089253806,306.11724853515625,19489300,0.0,0.0
2023-09-12 04:00:00+00:00,304.89301037322764,307.2120974880503,298.8216494189486,300.24493408203125,13480400,0.0,0.0
2023-09-13 04:00:00+00:00,300.9416207807338,305.73901754816256,299.9065212692648,303.62896728515625,13210900,0.0,0.0
2023-09-14 04:00:00+00:00,305.3011012504276,311.4023508460972,303.59913120744346,310.25775146484375,19343100,0.0,0.0
2023-09-15 04:00:00+00:00,310.14825639942245,310.5364415310595,297.3485958570642,298.9012756347656,28106400,0.0,0.0
2023-09-18 04:00:00+00:00,296.79123455641644,302.17586064275775,296.4030494125245,301.1307678222656,14234200,0.0,0.0
2023-09-19 04:00:00+00:00,301.0610996761498,304.7337925896252,298.40361108349,303.6389465332031,15924400,0.0,0.0
2023-09-20 04:00:00+00:00,303.61898844058305,306.6148781531097,298.0253569021365,298.2642517089844,19379500,0.0,0.0
2023-09-21 04:00:00+00:00,294.3128848647551,298.85149149662203,291.8942608985676,294.3427429199219,21300500,0.0,0.0
2023-09-22 04:00:00+00:00,297.8960322278593,303.94752919014746,296.8708649640226,297.67706298828125,25369600,0.0,0.0
2023-09-25 04:00:00+00:00,294.2531969567264,299.5382858487245,292.3222948724247,299.4188232421875,18987000,0.0,0.0
2023-09-26 04:00:00+00:00,296.26369704779074,298.89129715910343,294.62144318141753,297.5575866699219,19417200,0.0,0.0
2023-09-27 04:00:00+00:00,299.0406322939545,299.8866207323841,285.44470629532236,296.34332275390625,36429800,0.0,0.0
2023-09-28 04:00:00+00:00,297.537708362619,304.8930269053858,295.30822567161914,302.5341491699219,22167100,0.0,0.0
2023-09-29 04:00:00+00:00,305.93813793550083,309.1828555537698,297.95573894200606,298.8017578125,25356600,0.0,0.0
2023-10-02 04:00:00+00:00,301.31985927401985,305.7390339915228,300.2150807818553,305.3807373046875,16265600,0.0,0.0
2023-10-03 04:00:00+00:00,302.83275378488975,305.33095894900083,298.23443064380933,299.5283203125,17362300,0.0,0.0
2023-10-04 04:00:00+00:00,297.32870228509904,305.46036072928314,297.09977025429816,304.14654541015625,16880500,0.0,0.0
2023-10-05 04:00:00+00:00,303.2010374151612,304.77361253952307,298.0950965115002,303.36029052734375,19130000,0.0,0.0
2023-10-06 04:00:00+00:00,300.02598305497264,314.82622478441607,299.4984704372424,313.9503479003906,21784000,0.0,0.0
2023-10-09 04:00:00+00:00,311.034110603699,318.8273679142384,310.3573076688873,316.8666076660156,22503700,0.0,0.0
2023-10-10 04:00:00+00:00,317.62301939760385,323.1370400432874,316.6675312137756,320.33026123046875,19038000,0.0,0.0
2023-10-11 04:00:00+00:00,321.4948224363608,327.297461491469,321.43510631653925,326.2822570800781,22036300,0.0,0.0
2023-10-12 04:00:00+00:00,326.4613876290649,328.9894812698115,321.176298692219,322.639404296875,20530500,0.0,0.0
2023-10-13 04:00:00+00:00,322.012365849934,323.52522481264265,310.904712168084,313.2138366699219,21341000,0.0,0.0
2023-10-16 04:00:00+00:00,317.14528860458284,320.31036407708376,314.03989887039273,319.64349365234375,16536100,0.0,0.0
2023-10-17 04:00:00+00:00,316.6874270803916,322.87825060281386,315.81155025415745,322.4801330566406,16387800,0.0,0.0
2023-10-18 04:00:00+00:00,319.8823723829913,324.4110161590607,314.0797039342761,315.48309326171875,16851000,0.0,0.0
2023-10-19 04:00:00+00:00,318.3794943155827,320.3800754178104,310.2876261029342,311.3426513671875,18709200,0.0,0.0
2023-10-20 04:00:00+00:00,312.6663850048905,313.8209167197032,305.03235158169696,307.2021179199219,22287400,0.0,0.0
2023-10-23 04:00:00+00:00,308.0481340164906,315.8712481390941,305.8186515870419,312.5369873046875,17796800,0.0,0.0
2023-10-24 04:00:00+00:00,315.294030938864,316.85667359232696,309.1728857486877,311.0838623046875,19525500,0.0,0.0
2023-10-25 04:00:00+00:00,308.5458266475626,309.42170353150215,297.43817324331945,298.12493896484375,42192500,0.0,0.0
2023-10-26 04:00:00+00:00,293.61614348627256,293.61614348627256,278.0893176202503,286.9973449707031,66684100,0.0,0.0
2023-10-27 04:00:00+00:00,293.09862830435657,297.9059577876648,291.59570187635046,295.33807373046875,29596300,0.0,0.0
2023-10-30 04:00:00+00:00,297.68697385145646,307.9486075109332,297.64715298545684,301.240234375,28435100,0.0,0.0
2023-10-31 04:00:00+00:00,301.8871894817279,302.2554489751464,295.4674338753294,299.85675048828125,19434200,0.0,0.0
2023-11-01 04:00:00+00:00,300.4340550895294,311.27295529207805,300.4340550895294,310.38714599609375,20434600,0.0,0.0
2023-11-02 04:00:00+00:00,315.8115424060848,317.3244315681375,306.883619210755,309.4117126464844,21631800,0.0,0.0
2023-11-03 04:00:00+00:00,311.0838655769867,314.0697930547671,309.5610437782957,313.124267578125,16754100,0.0,0.0
2023-11-06 05:00:00+00:00,314.4977822392614,316.8367343387527,312.9749605221039,314.318603515625,12887700,0.0,0.0
2023-11-07 05:00:00+00:00,315.5727394578857,319.4942602220292,313.6418371374931,317.3244934082031,14055600,0.0,0.0
2023-11-08 05:00:00+00:00,316.6476770017519,319.82268534044584,313.4029593561929,318.27996826171875,13609700,0.0,0.0
2023-11-09 05:00:00+00:00,317.92165189456364,322.65930264250363,317.3045347267746,319.04632568359375,16103100,0.0,0.0
2023-11-10 05:00:00+00:00,318.4392166419731,327.5562522372138,317.96145730803715,327.227783203125,19096200,0.0,0.0
2023-11-13 05:00:00+00:00,324.6698181866847,330.77103703454463,324.17216367099354,327.6457824707031,16908900,0.0,0.0
2023-11-14 05:00:00+00:00,332.97073559288077,336.51403377999327,331.7663896371569,334.732421875,17179400,0.0,0.0
2023-11-15 05:00:00+00:00,336.34480686348525,336.81260336935696,328.4719080037081,331.1492919921875,14531200,0.0,0.0
2023-11-16 05:00:00+00:00,327.8249178220162,333.0104691652911,324.8489536558696,332.622314453125,18932600,0.0,0.0
2023-11-17 05:00:00+00:00,328.7108073003068,333.92621749002217,327.8050723352092,333.4683837890625,14494400,0.0,0.0
2023-11-20 05:00:00+00:00,333.3190570932927,340.2662947134282,332.62232861947905,338.3752136230469,16960500,0.0,0.0
2023-11-21 05:00:00+00:00,336.74293505993177,338.30557773248745,334.32434108868193,335.3992919921875,12027900,0.0,0.0
2023-11-22 05:00:00+00:00,337.61878852667485,341.31140712685965,336.9917389389294,339.8880920410156,10702700,0.0,0.0
2023-11-24 05:00:00+00:00,338.53451397155635,340.2563794017184,335.1902593545955,336.6434326171875,5467500,0.0,0.0
2023-11-27 05:00:00+00:00,334.60301242210414,338.3055635607188,332.6323198056057,333.1299743652344,15684500,0.0,0.0
2023-11-28 05:00:00+00:00,331.83606676759354,337.7880264594292,331.83606676759354,337.39984130859375,12637200,0.0,0.0
2023-11-29 05:00:00+00:00,338.09657971374276,338.3055861378964,329.2283712243989,330.6417236328125,16024500,0.0,0.0
2023-11-30 05:00:00+00:00,330.3331730553694,331.9356062298584,320.8876684333799,325.6153869628906,23146400,0.0,0.0
2023-12-01 05:00:00+00:00,323.95323336811543,325.32673448183385,319.2553729609138,323.29632568359375,15264700,0.0,0.0
2023-12-04 05:00:00+00:00,315.8016547538193,319.35488540277703,312.1886776102471,318.5188293457031,19037100,0.0,0.0
2023-12-05 05:00:00+00:00,317.48373231503643,320.3701228543676,313.9105760134032,316.7969665527344,16952100,0.0,0.0
2023-12-06 05:00:00+00:00,320.4198416594284,320.7383478517337,315.5527961011568,315.96087646484375,11294300,0.0,0.0
2023-12-07 05:00:00+00:00,316.27932047523444,326.7002066065437,316.27932047523444,325.0579528808594,15905100,0.0,0.0
2023-12-08 05:00:00+00:00,321.5743681992174,331.6070995243738,321.48479403775946,331.1890563964844,14077500,0.0,0.0
2023-12-11 05:00:00+00:00,327.85481911844187,328.3425412434348,318.4989194349257,323.754150390625,25802500,0.0,0.0
2023-12-12 05:00:00+00:00,323.0773526216057,332.90104896445854,323.0375317512035,332.6522216796875,18485500,0.0,0.0
2023-12-13 05:00:00+00:00,332.36354087602086,336.7827154494074,331.07961408230966,333.16973876953125,16353300,0.0,0.0
2023-12-14 05:00:00+00:00,332.2839501169866,333.1299689294354,327.0983981951085,331.6071472167969,19607300,0.0,0.0
2023-12-15 05:00:00+00:00,330.43265923327004,337.0713843119748,329.6662821591047,333.34893798828125,30001600,0.0,0.0
2023-12-18 05:00:00+00:00,335.89689688784983,345.929598381487,335.43903287195195,343.0033874511719,18993900,0.0,0.0
2023-12-19 05:00:00+00:00,343.958945380948,351.9413447301259,343.50111164658665,348.7165222167969,17729400,0.0,0.0
2023-12-20 05:00:00+00:00,347.01449097178335,353.2948885887663,346.1585397764873,347.64154052734375,16369900,0.0,0.0
2023-12-21 05:00:00+00:00,351.324207105706,354.7381099321862,347.5718724653155,352.4289855957031,15289600,0.0,0.0
2023-12-22 05:00:00+00:00,353.9119988039421,355.5244250713496,349.57246567835153,351.7322998046875,11764200,0.0,0.0
2023-12-26 05:00:00+00:00,353.3247804504326,355.30546628557806,351.79202625065795,353.16552734375,9898600,0.0,0.0
2023-12-27 05:00:00+00:00,354.399704928478,357.31595318971944,353.6432603216875,356.15142822265625,13207900,0.0,0.0
2023-12-28 05:00:00+00:00,358.01269155934705,360.2023533310822,356.13154280090816,356.63916015625,11798800,0.0,0.0
2023-12-29 05:00:00+00:00,357.3059944879482,358.3112663717508,350.1696454423874,352.2995910644531,14980500,0.0,0.0
2024-01-02 05:00:00+00:00,349.6719918154254,351.5033568700479,338.4150485975819,344.66558837890625,19042200,0.0,0.0
2024-01-03 05:00:00+00:00,343.3617433360226,346.31781257010687,341.57016873615214,342.8541259765625,15451100,0.0,0.0
2024-01-04 05:00:00+00:00,342.8839941665638,346.5168664043291,341.7891480522502,345.49169921875,12099900,0.0,0.0
2024-01-05 05:00:00+00:00,345.3623169447684,351.84178931937697,344.6357606949998,350.299072265625,13920700,0.0,0.0
2024-01-08 05:00:00+00:00,353.0361841839577,357.2961063304307,350.3985905134255,356.97760009765625,13890200,0.0,0.0
2024-01-09 05:00:00+00:00,354.72812882232535,358.9482597237445,353.69299893619376,355.7532958984375,13463900,0.0,0.0
2024-01-10 05:00:00+00:00,358.4805057581702,371.190592521309,357.3955920677726,368.732177734375,22117200,0.0,0.0
2024-01-11 05:00:00+00:00,370.3843955861044,371.0313404530195,361.22753933701176,367.9359436035156,17205400,0.0,0.0
2024-01-12 05:00:00+00:00,368.42360154598225,375.29122791522275,367.80651479496834,372.7332763671875,19295700,0.0,0.0
2024-01-16 05:00:00+00:00,371.89723274281795,373.84803004042226,365.5073654404121,365.73626708984375,15306900,0.0,0.0
2024-01-17 05:00:00+00:00,364.5817012204381,366.8112141981391,356.9277720205774,366.6419982910156,12724800,0.0,0.0
2024-01-18 05:00:00+00:00,369.74735198029634,375.08222432217764,369.2099069589327,374.3656005859375,16354300,0.0,0.0
2024-01-19 05:00:00+00:00,377.2221381166091,382.5569801603824,376.19697098789175,381.6512756347656,21470100,0.0,0.0
2024-01-22 05:00:00+00:00,386.13017570793755,388.518911461999,379.3720184453727,379.9891052246094,17680500,0.0,0.0
2024-01-23 05:00:00+00:00,382.8158006068581,386.5581727325682,380.2877068597395,383.3930969238281,15506100,0.0,0.0
2024-01-24 05:00:00+00:00,388.17055053021846,394.2916954444642,385.99082116267186,388.8672790527344,15698500,0.0,0.0
2024-01-25 05:00:00+00:00,388.3397422451109,393.63476326348916,383.8508887463011,391.3356018066406,15091100,0.0,0.0
2024-01-26 05:00:00+00:00,392.50011356467513,394.9286699752934,389.7530509814859,392.2911071777344,13163700,0.0,0.0
2024-01-29 05:00:00+00:00,393.137142162557,401.0398990570443,391.2560237081431,399.13885498046875,18742400,0.0,0.0
2024-01-30 05:00:00+00:00,401.6967894599853,404.4537846871412,397.69565787815975,398.183349609375,18614700,0.0,0.0
2024-01-31 05:00:00+00:00,387.17523905461377,396.1330209350547,385.2841578436275,388.3099060058594,20180800,0.0,0.0
2024-02-01 05:00:00+00:00,392.09204463941774,398.62126949507626,391.2062050163731,392.9281005859375,29727100,0.0,0.0
2024-02-02 05:00:00+00:00,457.4440501773763,483.6803824265086,450.8849671150932,472.7618408203125,84615500,0.0,0.0
2024-02-05 05:00:00+00:00,467.6758310336014,469.68634442176597,457.065832694256,457.25494384765625,40832400,0.0,0.0
2024-02-06 05:00:00+00:00,461.8233804566563,464.92873970671616,450.8749813510028,452.5869140625,21655200,0.0,0.0
2024-02-07 05:00:00+00:00,455.8515779503202,469.3081463471615,454.0401080581231,467.38720703125,23066000,0.0,0.0
2024-02-08 05:00:00+00:00,466.1231456396784,468.38248626803585,462.84857033186177,467.7952575683594,18815100,0.0,0.0
2024-02-09 05:00:00+00:00,470.7314462601965,471.3684282830897,465.27714151226303,465.91412353515625,18413100,0.0,0.0
2024-02-12 05:00:00+00:00,465.99374801266606,476.9023267300807,464.39128464243504,466.7004089355469,19382000,0.0,0.0
2024-02-13 05:00:00+00:00,454.72685437772867,465.69517987553485,452.95520543085865,457.96160888671875,20916600,0.0,0.0
2024-02-14 05:00:00+00:00,465.7349960608945,471.88599922282606,463.90363089817174,471.0599060058594,16858400,0.0,0.0
2024-02-15 05:00:00+00:00,473.05050586053267,486.32792555423873,470.00486245718605,481.75946044921875,24212300,0.0,0.0
2024-02-16 05:00:00+00:00,475.86717872384526,476.7131974617317,467.00893456258757,471.09967041015625,23306500,0.0,0.0
2024-02-20 05:00:00+00:00,467.51657216609806,473.94626017906677,464.37139189635786,469.53704833984375,18015500,0.0,0.0
2024-02-21 05:00:00+00:00,464.8043284518988,467.2952412517482,460.11145725084464,466.3287658691406,12977100,0.5,0.0
2024-02-22 05:00:00+00:00,478.49440112549854,488.20896156578334,474.3296019984396,484.3630065917969,21625800,0.0,0.0
2024-02-23 05:00:00+00:00,486.27600690207765,492.5630686643995,480.5967437022228,482.2706298828125,18374300,0.0,0.0
2024-02-26 05:00:00+00:00,481.71267534650184,484.37298375909734,478.8531121416678,479.98895263671875,12101400,0.0,0.0
2024-02-27 05:00:00+00:00,478.2353240152109,485.4988035855503,478.1755445426965,485.27960205078125,10809600,0.0,0.0
2024-02-28 05:00:00+00:00,483.2370688521899,489.26506548655226,480.99524739875187,482.2606201171875,12715500,0.0,0.0
2024-02-29 05:00:00+00:00,486.66459019212726,489.91275027049954,480.8557644127886,488.34844970703125,17732000,0.0,0.0
2024-03-01 05:00:00+00:00,490.3212192348352,502.4171062542749,490.0621849829961,500.47418212890625,16273600,0.0,0.0
2024-03-04 05:00:00+00:00,501.1716642705007,502.586516144982,494.6155950432643,496.379150390625,12324100,0.0,0.0
2024-03-05 05:00:00+00:00,493.20073440898324,493.7786127996676,486.11659300084636,488.4381103515625,15325300,0.0,0.0
2024-03-06 05:00:00+00:00,495.82118449566786,501.14177064094855,492.49332861034173,494.2867736816406,11757900,0.0,0.0
2024-03-07 05:00:00+00:00,501.45063030973444,517.9603770393106,499.55754268597104,510.3282470703125,18586400,0.0,0.0
2024-03-08 05:00:00+00:00,512.3210320688728,521.666942645812,497.53497593470513,504.1109924316406,18575200,0.0,0.0
2024-03-11 04:00:00+00:00,495.2034165473883,495.5122872886625,474.269776553824,481.8321838378906,20428300,0.0,0.0
2024-03-12 04:00:00+00:00,491.4670717425797,500.48416396951666,482.9680784347282,497.9334716796875,15448200,0.0,0.0
2024-03-13 04:00:00+00:00,493.5893383312873,499.1590157815925,489.24517053555513,493.7686767578125,12090700,0.0,0.0
2024-03-14 04:00:00+00:00,498.4416172742984,499.52765159020504,486.3855934196416,490.042236328125,12620000,0.0,0.0
2024-03-15 04:00:00+00:00,487.2325189558485,490.04224549611934,479.5505219579901,482.3403625488281,29141700,0.0,0.0
2024-03-18 04:00:00+00:00,490.12197495792776,495.61195655671753,485.04050671141175,495.1735534667969,11755300,0.0,0.0
2024-03-19 04:00:00+00:00,486.3955748386632,494.8248152543735,479.5306045549658,494.43621826171875,10903100,0.0,0.0
2024-03-20 04:00:00+00:00,497.68438791493736,506.35277680404414,493.37014023346006,503.6824951171875,11711100,0.0,0.0
2024-03-21 04:00:00+00:00,512.8391174856022,513.1678741926243,504.1707286998775,505.91436767578125,9712500,0.0,0.0
2024-03-22 04:00:00+00:00,505.1571135489534,508.1163191581985,502.5067786929755,507.72772216796875,8117000,0.0,0.0
2024-03-25 04:00:00+00:00,503.95154029526157,505.3763351694112,498.4216954406482,501.19158935546875,8380600,0.0,0.0
2024-03-26 04:00:00+00:00,503.2939285876756,508.1462219597566,493.40997300906133,494.0875244140625,11205400,0.0,0.0
2024-03-27 04:00:00+00:00,497.48510924151634,498.07299144024375,486.29594802208385,492.06488037109375,9989700,0.0,0.0
2024-03-28 04:00:00+00:00,491.04859257964944,491.0984290807041,483.38654221067395,483.8149719238281,15212800,0.0,0.0
2024-04-01 04:00:00+00:00,485.4290862996602,495.62188175816783,480.0287741074697,489.5639953613281,9247000,0.0,0.0
2024-04-02 04:00:00+00:00,483.3367442463119,495.72155586314705,482.8883677625335,495.5621337890625,11081000,0.0,0.0
2024-04-03 04:00:00+00:00,497.1164618244484,505.3962538689054,496.9371233933013,504.8980712890625,12099200,0.0,0.0
2024-04-04 04:00:00+00:00,514.5428746566774,528.0735304456318,508.7241058190558,509.0628967285156,26476300,0.0,0.0
2024-04-05 04:00:00+00:00,514.9812697911904,528.7709900364625,512.5401630444132,525.4232177734375,19242000,0.0,0.0
2024-04-08 04:00:00+00:00,527.3562438329022,529.5581721780273,517.0039939933462,517.3626708984375,13260600,0.0,0.0
2024-04-09 04:00:00+00:00,520.3317617542822,523.9585455577184,504.8980750460345,515.0211791992188,10881400,0.0,0.0
2024-04-10 04:00:00+00:00,507.4387939785179,520.6605480051569,503.9614590777392,517.9404907226562,11418500,0.0,0.0
2024-04-11 04:00:00+00:00,519.2158254344968,521.9558295796515,515.4097032879945,521.2583618164062,10369500,0.0,0.0
2024-04-12 04:00:00+00:00,515.8680487630246,518.2991821255071,507.4786409454992,510.039306640625,11944900,0.0,0.0
2024-04-15 04:00:00+00:00,514.8417641277158,516.6452434055009,495.4724538488081,498.4117431640625,13512900,0.0,0.0
2024-04-16 04:00:00+00:00,496.29945454209275,502.93525041440466,495.303089343367,497.9434814453125,9847900,0.0,0.0
2024-04-17 04:00:00+00:00,501.2713127841246,501.3310922605612,485.36933351230493,492.373779296875,12193700,0.0,0.0
2024-04-18 04:00:00+00:00,498.00326007133316,510.34823945758444,497.2260964339249,499.9760437011719,14808700,0.0,0.0
2024-04-19 04:00:00+00:00,500.972375440201,500.972375440201,474.00079446729563,479.3213806152344,25111000,0.0,0.0
2024-04-22 04:00:00+00:00,487.9399208543046,490.2216054605686,471.6792350291974,479.9789733886719,17271100,0.0,0.0
2024-04-23 04:00:00+00:00,489.46437591061385,496.947087855681,487.19266460356954,494.2967529296875,15079200,0.0,0.0
2024-04-24 04:00:00+00:00,506.21325017856066,508.1462009047302,482.8185866885529,491.7061767578125,37772700,0.0,0.0
2024-04-25 04:00:00+00:00,419.8682490278648,444.1496617636814,412.99333588695123,439.775634765625,82890700,0.0,0.0
2024-04-26 04:00:00+00:00,439.85534570558576,444.81725504370945,430.3898768860217,441.6787109375,32691400,0.0,0.0
2024-04-29 04:00:00+00:00,437.96226190943185,438.16154710164096,427.0022452842576,431.0474853515625,21502600,0.0,0.0
2024-04-30 04:00:00+00:00,429.48319059523675,438.0220473247672,428.1580383096976,428.6064147949219,18429500,0.0,0.0
2024-05-01 04:00:00+00:00,427.0420944900981,448.3244387572749,425.55748979180964,437.5935974121094,20344900,0.0,0.0
2024-05-02 04:00:00+00:00,437.24488105143956,442.3462657809091,430.7087280659752,440.0745544433594,15221300,0.0,0.0
2024-05-03 04:00:00+00:00,444.3090586474781,452.5191273211899,442.23663272614147,450.317138671875,16489100,0.0,0.0
2024-05-06 04:00:00+00:00,453.92401083119677,464.465570894487,451.69216267855865,463.9873046875,15094600,0.0,0.0
2024-05-07 04:00:00+00:00,464.5951006433978,469.81604414571893,459.6331913959355,466.5379943847656,13406800,0.0,0.0
2024-05-08 04:00:00+00:00,461.81524276810575,473.8513202902337,461.31706019769786,470.8821716308594,11683900,0.0,0.0
2024-05-09 04:00:00+00:00,468.29161264745665,474.34949927894843,465.93023214661764,473.6919250488281,9437700,0.0,0.0
2024-05-10 04:00:00+00:00,475.355865419644,475.7643787968333,467.8930998677031,474.4691162109375,10750000,0.0,0.0
2024-05-13 04:00:00+00:00,471.0316295379581,471.62945471547624,461.16762053219,466.3088684082031,14668800,0.0,0.0
2024-05-14 04:00:00+00:00,461.68573050507666,470.82241262247226,458.4076805354275,470.1349182128906,10478600,0.0,0.0
2024-05-15 04:00:00+00:00,473.25348993439434,480.74614428336014,469.4872312016632,479.7896423339844,13100500,0.0,0.0
2024-05-16 04:00:00+00:00,473.27341242078234,475.9536369152341,471.03159099352604,471.5098571777344,16608200,0.0,0.0
2024-05-17 04:00:00+00:00,469.11858026391644,471.08142078412743,466.7173670611054,470.1946716308594,10807300,0.0,0.0
2024-05-20 04:00:00+00:00,468.2418148692893,471.4800016099991,465.3423886311172,467.1358337402344,11745100,0.0,0.0
2024-05-21 04:00:00+00:00,465.4221016970654,468.9891060973983,460.5897244545208,462.941162109375,11742200,0.0,0.0
2024-05-22 04:00:00+00:00,466.16935060979057,471.9980927279,463.9574187949519,466.0796813964844,10078600,0.0,0.0
2024-05-23 04:00:00+00:00,471.16117399926424,472.63577501421946,459.86239643933766,464.08697509765625,11747900,0.0,0.0
2024-05-24 04:00:00+00:00,465.9202736564943,478.10583057251955,464.6050643409165,476.48175048828125,12012300,0.0,0.0
2024-05-28 04:00:00+00:00,474.8477116327239,479.1121534544574,473.11404592217065,478.17559814453125,10175800,0.0,0.0
2024-05-29 04:00:00+00:00,472.9346699665159,478.10580735499315,471.9781679682956,472.6357421875,9226200,0.0,0.0
2024-05-30 04:00:00+00:00,469.95555791760296,470.0153373933379,463.0208346658362,465.3523254394531,10735200,0.0,0.0
2024-05-31 04:00:00+00:00,464.10686281384676,467.4148023246717,452.8080859511944,465.13311767578125,16919800,0.0,0.0
2024-06-03 04:00:00+00:00,469.14848859966503,477.8567408480421,466.53801672351005,475.75439453125,11279400,0.0,0.0
2024-06-04 04:00:00+00:00,475.26616844981777,477.1493131464151,471.5098828447324,475.2561950683594,7088700,0.0,0.0
2024-06-05 04:00:00+00:00,482.68907905808396,494.84471488804246,482.1510333966867,493.260498046875,15690500,0.0,0.0
2024-06-06 04:00:00+00:00,491.1881073877741,500.99233691067286,489.1057078527464,491.96527099609375,10667300,0.0,0.0
2024-06-07 04:00:00+00:00,494.10744118684374,497.09653661265514,488.3883150022529,491.16815185546875,9380700,0.0,0.0
2024-06-10 04:00:00+00:00,492.06488020447483,500.8329118009078,491.61653412930673,500.77313232421875,11236900,0.0,0.0
2024-06-11 04:00:00+00:00,498.34200038373547,505.75495958151856,496.4588556425314,505.62542724609375,9673700,0.0,0.0
2024-06-12 04:00:00+00:00,512.1217225274808,512.1416692910807,502.63633708271516,506.9904479980469,11983200,0.0,0.0
2024-06-13 04:00:00+00:00,503.8718029468352,507.50852960132505,499.537608536514,502.2676696777344,9954600,0.0,0.0
2024-06-14 04:00:00+00:00,501.32018749550235,505.80828233509834,499.42522020615223,502.8262023925781,10243300,0.5,0.0
2024-06-17 04:00:00+00:00,500.3427732497189,509.3987374114916,494.6977439414019,505.2896423339844,11266600,0.0,0.0
2024-06-18 04:00:00+00:00,503.2251427888674,504.6613355859566,493.71037311736205,498.1685485839844,13060400,0.0,0.0
2024-06-20 04:00:00+00:00,500.67190532482755,502.3375005534766,495.45573089177043,500.3727111816406,11801200,0.0,0.0
2024-06-21 04:00:00+00:00,502.1180843319888,502.1180843319888,491.08734711442,493.47100830078125,23130700,0.0,0.0
2024-06-24 04:00:00+00:00,497.879329189251,506.4565526889867,492.98231542757276,497.590087890625,13525300,0.0,0.0
2024-06-25 04:00:00+00:00,495.73500529039063,509.3588704025715,494.18911810475925,509.2491760253906,12109800,0.0,0.0
2024-06-26 04:00:00+00:00,505.3095975439335,512.4506586561395,503.34480817062513,511.7624816894531,8882300,0.0,0.0
2024-06-27 04:00:00+00:00,512.8895360407101,521.4967099840738,512.5404863257912,518.1854858398438,10121200,0.0,0.0
2024-06-28 04:00:00+00:00,515.7818631585335,520.4993300901835,502.5070478134148,502.88604736328125,15855100,0.0,0.0
2024-07-01 04:00:00+00:00,503.6141232864657,505.2397854135722,491.8652895125617,503.3448181152344,10328200,0.0,0.0
2024-07-02 04:00:00+00:00,499.4352013362723,509.149423496295,498.12866950132707,508.1520690917969,7739500,0.0,0.0
2024-07-03 04:00:00+00:00,505.0303715131761,509.92738554938944,504.68129136586316,508.6108703613281,6005600,0.0,0.0
2024-07-05 04:00:00+00:00,510.246556070779,539.4391106295718,510.246556070779,538.4816284179688,21354100,0.0,0.0
2024-07-08 04:00:00+00:00,540.9151748824779,541.3739798552638,525.2567583321568,527.919677734375,14917500,0.0,0.0
2024-07-09 04:00:00+00:00,532.3379184075122,536.0580308916997,526.7926303012964,528.5978393554688,8753200,0.0,0.0
2024-07-10 04:00:00+00:00,529.3856843777168,537.4543077142633,526.9621206539213,533.275390625,10983300,0.0,0.0
2024-07-11 04:00:00+00:00,529.4854758280743,534.0433926014839,507.0250359475886,511.3435974121094,16458300,0.0,0.0
2024-07-12 04:00:00+00:00,496.4431221547364,506.7457794296081,492.92246243757324,497.5501708984375,19750500,0.0,0.0
2024-07-15 04:00:00+00:00,497.31081760153563,505.3395081572605,492.06472384159474,494.84735107421875,12539200,0.0,0.0
2024-07-16 04:00:00+00:00,500.17324396821596,502.6167744833756,484.5048144790846,488.4942321777344,14075800,0.0,0.0
2024-07-17 04:00:00+00:00,477.9023017376505,477.9023017376505,457.905328571596,460.7677307128906,28076600,0.0,0.0
2024-07-18 04:00:00+00:00,473.74333764754465,477.97211054275687,463.31101919766354,474.5910949707031,19267200,0.0,0.0
2024-07-19 04:00:00+00:00,474.8005457997421,485.4223643535943,474.4514656631318,475.52862548828125,15149400,0.0,0.0
2024-07-22 04:00:00+00:00,485.29266627846886,490.75817907426796,482.61976392504766,486.1105041503906,12023100,0.0,0.0
2024-07-23 04:00:00+00:00,488.54407671929795,493.9098482730073,486.42969025653684,487.3971252441406,9455500,0.0,0.0
2024-07-24 04:00:00+00:00,471.06042192526183,475.03985596857615,459.3614446582769,460.04962158203125,17649700,0.0,0.0
2024-07-25 04:00:00+00:00,462.0343958650566,462.3236067182569,441.4789064419887,452.21044921875,18240500,0.0,0.0
2024-07-26 04:00:00+00:00,462.97192494204035,468.5271658214887,458.2045721245555,464.46795654296875,14222400,0.0,0.0
2024-07-29 04:00:00+00:00,468.63688647936897,472.70607900562055,463.78972830816224,464.4779052734375,11339600,0.0,0.0
2024-07-30 04:00:00+00:00,465.7645175423859,471.4793693679955,455.49177911608064,461.964599609375,11390400,0.0,0.0
2024-07-31 04:00:00+00:00,469.7738735533383,475.2393867973792,465.515181086415,473.57379150390625,24285800,0.0,0.0
2024-08-01 04:00:00+00:00,519.621629234288,525.7752886817411,490.79809389196134,496.42315673828125,43083100,0.0,0.0
2024-08-02 04:00:00+00:00,487.70631248838725,499.82416263155864,474.89030207489265,486.8486022949219,24044700,0.0,0.0
2024-08-05 04:00:00+00:00,450.1559295912915,482.20093240553325,449.60736639083,474.471435546875,21396200,0.0,0.0
2024-08-06 04:00:00+00:00,477.7327329300847,501.2303989457279,477.3836528207429,492.7828063964844,20955000,0.0,0.0
2024-08-07 04:00:00+00:00,501.79892335846426,508.80034027827065,485.57194781622036,487.62652587890625,20105300,0.0,0.0
2024-08-08 04:00:00+00:00,496.1837944972908,508.610821310526,493.4111505917444,508.2817077636719,16156800,0.0,0.0
2024-08-09 04:00:00+00:00,506.36679424679943,516.9687068327605,504.3621325984849,516.4002075195312,13696600,0.0,0.0
2024-08-12 04:00:00+00:00,515.4925265619871,516.6494916340242,507.7530779259636,514.5849609375,9767400,0.0,0.0
2024-08-13 04:00:00+00:00,518.634261382388,530.0938534798205,516.7791968434872,527.1416625976562,13743800,0.0,0.0
2024-08-14 04:00:00+00:00,526.663003726039,532.5872917660244,521.7460534495959,525.366455078125,11444200,0.0,0.0
2024-08-15 04:00:00+00:00,530.3830650287364,538.3419943932922,525.3065653122825,535.908447265625,13482100,0.0,0.0
2024-08-16 04:00:00+00:00,530.4927859051207,532.2480783702886,523.2718895114789,526.0245971679688,14776700,0.0,0.0
2024-08-19 04:00:00+00:00,525.4761025731007,530.2534081865273,521.3769906400114,527.8797607421875,9879700,0.0,0.0
2024-08-20 04:00:00+00:00,526.9521349229415,529.6849369159322,524.4886989518025,525.33642578125,7944400,0.0,0.0
2024-08-21 04:00:00+00:00,525.7553832138777,537.9729743095602,525.5359335970294,533.744140625,13423300,0.0,0.0
2024-08-22 04:00:00+00:00,535.5793606781577,542.7902141551943,527.1916362087563,530.5227661132812,15708300,0.0,0.0
2024-08-23 04:00:00+00:00,535.4995340602896,538.4417418614877,523.6709248971505,526.6031494140625,11323900,0.0,0.0
2024-08-26 04:00:00+00:00,526.2041702012604,526.6031363206736,513.5876732511208,519.7413330078125,9584000,0.0,0.0
2024-08-27 04:00:00+00:00,517.606945881941,522.6236675283147,513.9466724281382,517.7266235351562,6282700,0.0,0.0
2024-08-28 04:00:00+00:00,516.3003798185057,519.7113753296502,511.09421962835097,515.4127807617188,9106100,0.0,0.0
2024-08-29 04:00:00+00:00,517.6767591369255,525.8052213752129,514.3156798736528,516.8489379882812,8317400,0.0,0.0
2024-08-30 04:00:00+00:00,519.9707194315399,522.1549281173368,513.837026073228,519.9308471679688,9157500,0.0,0.0
2024-09-03 04:00:00+00:00,518.2652239654169,524.0997225062756,507.27435965653467,510.40606689453125,12459100,0.0,0.0
2024-09-04 04:00:00+00:00,504.7311169813553,515.223304093467,502.73640830596844,511.3834533691406,8335200,0.0,0.0
2024-09-05 04:00:00+00:00,510.36616818924125,520.2499534305978,509.79766890602514,515.4925537109375,8640900,0.0,0.0
2024-09-06 04:00:00+00:00,520.4993164684229,523.1921855093276,496.9318272475794,498.94647216796875,14744500,0.0,0.0
2024-09-09 04:00:00+00:00,504.82089944691495,509.9772045756239,500.751676509204,503.45452880859375,11047800,0.0,0.0
2024-09-10 04:00:00+00:00,506.81560821803276,512.8196706618348,498.70711219354445,503.45452880859375,9899000,0.0,0.0
2024-09-11 04:00:00+00:00,505.66863578869425,511.76245622202606,494.28881906904013,510.4758605957031,10782500,0.0,0.0
2024-09-12 04:00:00+00:00,515.6821043146266,525.3165823557075,513.85692863316,524.20947265625,11993300,0.0,0.0
2024-09-13 04:00:00+00:00,518.9634105254878,526.1842465755389,515.7419144489008,523.2320556640625,10321400,0.0,0.0
2024-09-16 04:00:00+00:00,523.6513423732874,533.1951441126126,516.5234847252611,532.3765869140625,9527600,0.5,0.0
2024-09-17 04:00:00+00:00,536.6891766997394,541.1815528247878,529.6711185711189,535.411376953125,11690800,0.0,0.0
2024-09-18 04:00:00+00:00,536.1601821813024,543.278108456814,532.9955693907114,537.0386962890625,10323500,0.0,0.0
2024-09-19 04:00:00+00:00,549.0682722628771,561.1178323859846,545.5941870565406,558.15283203125,15647000,0.0,0.0
2024-09-20 04:00:00+00:00,559.0512982379992,563.5436747416974,555.3575542597183,560.3989868164062,22066800,0.0,0.0
2024-09-23 04:00:00+00:00,568.535200139111,573.0075909949846,561.4571846215243,563.4537963867188,12830700,0.0,0.0
2024-09-24 04:00:00+00:00,565.7199717295323,566.7881663385376,553.251140972108,562.3756713867188,12993000,0.0,0.0
2024-09-25 04:00:00+00:00,563.0943755026146,575.9026560047768,562.764917527023,567.34716796875,16543400,0.0,0.0
2024-09-26 04:00:00+00:00,574.7545771548597,576.421791707134,561.3972407130617,566.8779907226562,14400800,0.0,0.0
2024-09-27 04:00:00+00:00,569.1341520453253,569.8729495717097,563.5536563544842,566.3988037109375,9398400,0.0,0.0
2024-09-30 04:00:00+00:00,566.7382547675098,573.706410244188,563.8431433708773,571.47021484375,12792300,0.0,0.0
2024-10-01 04:00:00+00:00,577.0007987585797,582.052223949219,569.1341437441329,575.4933471679688,15259300,0.0,0.0
2024-10-02 04:00:00+00:00,573.8861145161185,575.0241978646806,568.3755073868431,571.839599609375,6524700,0.0,0.0
2024-10-03 04:00:00+00:00,569.1840999965109,582.3716811685491,567.7664618304881,581.78271484375,11581000,0.0,0.0
2024-10-04 04:00:00+00:00,582.7410829589448,595.8388514800449,580.4449915774629,594.930419921875,14169500,0.0,0.0
2024-10-07 04:00:00+00:00,597.2065408042621,601.9285692599291,583.0505701091017,583.7893676757812,12014200,0.0,0.0
2024-10-08 04:00:00+00:00,588.6909682347708,592.5544069282686,584.9772388569517,591.8855590820312,7857400,0.0,0.0
2024-10-09 04:00:00+00:00,592.9836672926635,593.383013995398,580.6246363035814,589.5095825195312,9529700,0.0,0.0
2024-10-10 04:00:00+00:00,586.5745352205768,589.2300017888213,581.5331032114448,582.8408813476562,7740400,0.0,0.0
2024-10-11 04:00:00+00:00,583.8392403320302,590.2084366715601,581.722836757389,588.9505615234375,8587100,0.0,0.0
2024-10-14 04:00:00+00:00,593.21322748736,599.0832703101336,588.9604960748801,589.419677734375,8252000,0.0,0.0
2024-10-15 04:00:00+00:00,589.1601579101996,589.609407732317,579.1571746540536,585.2767944335938,9564200,0.0,0.0
2024-10-16 04:00:00+00:00,580.4150414195622,581.0938820809059,573.0575322321221,575.8128051757812,11268400,0.0,0.0
2024-10-17 04:00:00+00:00,582.3417573737693,583.9789326282403,574.2255260943747,575.9525756835938,8701200,0.0,0.0
2024-10-18 04:00:00+00:00,580.1155081526317,582.9806410828543,574.2754432717226,575.4933471679688,7694300,0.0,0.0
2024-10-21 04:00:00+00:00,575.0541901204554,576.2621012910602,568.1458692618588,574.1856079101562,8171900,0.0,0.0
2024-10-22 04:00:00+00:00,573.3170341117068,582.5414311786456,571.150727517959,581.0239868164062,8544500,0.0,0.0
2024-10-23 04:00:00+00:00,578.9874344994295,584.0089423449544,561.5470599470716,562.7350463867188,14248400,0.0,0.0
2024-10-24 04:00:00+00:00,566.1691920700792,567.9162272782188,560.568710969321,566.818115234375,7184700,0.0,0.0
2024-10-25 04:00:00+00:00,572.9576492363118,580.3051654129531,570.7513714491723,572.27880859375,11337900,0.0,0.0
2024-10-28 04:00:00+00:00,581.0140022146043,582.7610374446309,573.147347275715,577.1804809570312,10925100,0.0,0.0
2024-10-29 04:00:00+00:00,579.1672018209299,592.6642563781992,574.4252487176307,592.2749633789062,13019100,0.0,0.0
2024-10-30 04:00:00+00:00,599.961803260404,600.18146222204,588.3814802937598,590.79736328125,26864900,0.0,0.0
2024-10-31 04:00:00+00:00,584.0089406317576,588.9006638234266,562.0562040483729,566.6184692382812,26838400,0.0,0.0
2024-11-01 04:00:00+00:00,566.6483464807679,572.6980772551971,561.6069143240354,566.1990966796875,15303200,0.0,0.0
2024-11-04 05:00:00+00:00,563.144352806453,567.7266038519388,556.9449119547328,559.7301635742188,12064600,0.0,0.0
2024-11-05 05:00:00+00:00,566.3388912408113,572.5084140245058,565.7099536866323,571.460205078125,9775400,0.0,0.0
2024-11-06 05:00:00+00:00,561.7966390012363,572.0292743628759,554.229463302176,571.0808715820312,18305400,0.0,0.0
2024-11-07 05:00:00+00:00,575.9127234281675,593.7923558507847,574.2355767751123,590.6976318359375,14653700,0.0,0.0
2024-11-08 05:00:00+00:00,590.5378379587844,592.0951926933623,583.5297721190619,588.3416137695312,9415700,0.0,0.0
2024-11-11 05:00:00+00:00,585.366604942105,586.00553531121,575.5333166694651,582.1820068359375,10209100,0.0,0.0
2024-11-12 05:00:00+00:00,587.5428920783899,598.6440480490492,579.3967433041139,583.8292236328125,16287700,0.0,0.0
2024-11-13 05:00:00+00:00,581.6229586734983,584.6478546567904,574.1955606863224,579.0173950195312,10757600,0.0,0.0
2024-11-14 05:00:00+00:00,576.0224878119504,579.7761276375875,572.0392571340474,576.1821899414062,11053700,0.0,0.0
2024-11-15 05:00:00+00:00,570.252274465218,571.6000240070317,550.5657111050427,553.141357421875,17712900,0.0,0.0
2024-11-18 05:00:00+00:00,556.0962966980143,558.9514978806496,549.1581194372038,553.4608154296875,14346700,0.0,0.0
2024-11-19 05:00:00+00:00,550.9250607524925,560.4788552047905,549.6671856118743,560.1394653320312,9522400,0.0,0.0
2024-11-20 05:00:00+00:00,561.9763116905509,565.390500678348,553.2611210117975,564.5619506835938,9797300,0.0,0.0
2024-11-21 05:00:00+00:00,568.555146432614,569.0343137249589,548.1197947446825,562.1360473632812,11154700,0.0,0.0
2024-11-22 05:00:00+00:00,562.5952510232509,562.8748059092092,553.650469580645,558.1927490234375,9164000,0.0,0.0
2024-11-25 05:00:00+00:00,561.1476776202871,571.6199568654145,555.4473903786079,564.152587890625,13599800,0.0,0.0
2024-11-26 05:00:00+00:00,565.0410943888924,576.5216113243557,564.2424619188627,572.5682983398438,10356600,0.0,0.0
2024-11-27 05:00:00+00:00,573.9160190095296,574.0058324070926,563.1442607498313,568.2356567382812,7200200,0.0,0.0
2024-11-29 05:00:00+00:00,568.0360512532919,577.4800469055187,565.9396332575727,573.3470458984375,7130500,0.0,0.0
2024-12-02 05:00:00+00:00,576.5216376072835,593.4928373290564,574.5949145977398,591.82568359375,12522400,0.0,0.0
2024-12-03 05:00:00+00:00,593.9919840199593,613.1594686318281,590.2483370618503,612.6104125976562,14907200,0.0,0.0
2024-12-04 05:00:00+00:00,611.9215552584485,616.7333966061125,604.0748252320993,612.7401733398438,14697000,0.0,0.0
2024-12-05 05:00:00+00:00,616.0345935489895,618.8498233695451,606.0215565844734,607.8983764648438,8081200,0.0,0.0
2024-12-06 05:00:00+00:00,609.0663720551125,628.7230165931262,607.4990854973933,622.7132568359375,16935500,0.0,0.0
2024-12-09 05:00:00+00:00,622.8629585822455,625.3387984829403,605.143030037455,612.530517578125,11426000,0.0,0.0
2024-12-10 05:00:00+00:00,616.5137848674528,624.5302104357933,611.7019431511976,618.2708129882812,10938900,0.0,0.0
2024-12-11 05:00:00+00:00,622.3139290288647,637.318495591936,620.4770803388628,631.608154296875,10837200,0.0,0.0
2024-12-12 05:00:00+00:00,630.4301936561714,635.5814254356923,626.1474831596408,629.7213745117188,7474700,0.0,0.0
2024-12-13 05:00:00+00:00,626.1574292737397,630.0109365523356,615.8449726718511,619.299072265625,8453300,0.0,0.0
2024-12-16 05:00:00+00:00,629.420007736044,630.5890116598864,618.0301774865133,623.6851196289062,10885600,0.5,0.0
2024-12-17 05:00:00+00:00,625.613402725808,631.8079039629248,615.9919576111723,618.889404296875,12897800,0.0,0.0
2024-12-18 05:00:00+00:00,620.4480133143085,626.8023454819172,595.7899578806528,596.6591796875,17075500,0.0,0.0
2024-12-19 05:00:00+00:00,609.8474217814187,610.9764221710803,594.4710877502442,595.0405883789062,14958100,0.0,0.0
2024-12-20 05:00:00+00:00,590.0550768385264,602.5739077699969,579.4844638542556,584.7297973632812,48989400,0.0,0.0
2024-12-23 05:00:00+00:00,589.0758836258183,600.5557214561685,585.7288858135305,599.3167724609375,10205800,0.0,0.0
2024-12-24 05:00:00+00:00,602.18421967186,607.4495547417749,598.7473359909974,607.2097778320312,4726100,0.0,0.0
2024-12-26 05:00:00+00:00,604.9417711960614,605.7610496183185,598.4076065348586,602.8136596679688,6081400,0.0,0.0
2024-12-27 05:00:00+00:00,598.8771866170372,601.3150202583132,589.2757431165518,599.27685546875,8084200,0.0,0.0
2024-12-30 05:00:00+00:00,588.226639708199,596.4093617724204,585.059474705781,590.7144165039062,7025900,0.0,0.0
2024-12-31 05:00:00+00:00,591.7435639321293,593.4420040553556,583.3310043759192,584.9895629882812,6019500,0.0,0.0
2025-01-02 05:00:00+00:00,589.1957790711948,604.3722793886026,587.2975045360681,598.7073364257812,12682300,0.0,0.0
2025-01-03 05:00:00+00:00,604.2224186140523,608.9581953145173,595.8798046163633,604.092529296875,11436800,0.0,0.0
2025-01-06 05:00:00+00:00,611.2861653941472,630.429107364017,605.0816634693568,629.6398315429688,14560800,0.0,0.0
2025-01-07 05:00:00+00:00,631.1384808399608,631.5380886830453,607.6893121042956,617.3407592773438,12071500,0.0,0.0
2025-01-08 05:00:00+00:00,612.8547955325016,615.8920714343907,602.2541800285583,610.1771240234375,10085800,0.0,0.0
2025-01-10 05:00:00+00:00,609.4877870994305,629.3500601048015,596.8090645204555,615.3125610351562,19256600,0.0,0.0
2025-01-13 05:00:00+00:00,606.5603584516555,608.4286914350151,597.9180835402799,607.789306640625,10785000,0.0,0.0
2025-01-14 05:00:00+00:00,604.5321917343676,604.9518013433293,588.0268559982835,593.7218017578125,13598000,0.0,0.0
2025-01-15 05:00:00+00:00,609.6676409065044,621.9067525765506,605.9609165618788,616.5714721679688,15524300,0.0,0.0
2025-01-16 05:00:00+00:00,610.9564262093133,615.7022038454446,609.1680393269272,610.756591796875,8355300,0.0,0.0
2025-01-17 05:00:00+00:00,623.4952835439785,624.4144487016482,603.1333939973155,612.225341796875,17280600,0.0,0.0
2025-01-21 05:00:00+00:00,617.2808256632173,620.9475463117574,608.4686584766922,615.9120483398438,11674000,0.0,0.0
2025-01-22 05:00:00+00:00,622.745966355468,633.1367466870842,618.8794110911601,622.94580078125,12274000,0.0,0.0
2025-01-23 05:00:00+00:00,626.8023305338492,636.0341074215171,620.597889576449,635.88427734375,9910200,0.0,0.0
2025-01-24 05:00:00+00:00,635.8343208926308,651.4204294754496,633.6362643025149,646.9144287109375,19065300,0.0,0.0
2025-01-27 05:00:00+00:00,626.0530102379722,663.2799006811211,624.5443426754407,659.29345703125,28399200,0.0,0.0
2025-01-28 05:00:00+00:00,665.4079784595224,681.9732572201489,658.8837538443346,673.7305908203125,20950100,0.0,0.0
2025-01-29 05:00:00+00:00,674.4000060630054,680.4446161433896,665.0782822378817,675.888671875,21377800,0.0,0.0
2025-01-30 05:00:00+00:00,696.200621832455,710.1581749857351,675.4990076007216,686.3893432617188,29322900,0.0,0.0
2025-01-31 05:00:00+00:00,690.3857723381032,704.6730489182394,684.9706072332008,688.5673828125,19331700,0.0,0.0
2025-02-03 05:00:00+00:00,675.3091937227201,703.3742528890535,674.649807192235,696.840087890625,21415700,0.0,0.0
2025-02-04 05:00:00+00:00,701.8755866223114,707.0809776947289,690.995251505304,703.5640869140625,13826300,0.0,0.0
2025-02-05 05:00:00+00:00,702.9246352066622,717.5016936715592,698.3886925528532,704.2434692382812,17778200,0.0,0.0
2025-02-06 05:00:00+00:00,705.2525623903425,718.2610086889607,702.8746730458445,711.3571166992188,13080700,0.0,0.0
2025-02-07 05:00:00+00:00,716.162829309228,724.3655534509123,711.1173304150035,713.8848876953125,16427100,0.0,0.0
2025-02-10 05:00:00+00:00,717.9212711485029,720.558939093694,710.697717393577,716.7623291015625,12904300,0.0,0.0
2025-02-11 05:00:00+00:00,712.6859358478964,723.0167104534308,709.4088221751414,719.16015625,12998000,0.0,0.0
2025-02-12 05:00:00+00:00,714.6641723225413,726.4536713486742,711.9665601009159,724.7352294921875,12016500,0.0,0.0
2025-02-13 05:00:00+00:00,720.8786940316196,728.3520258945355,717.4017457743258,727.9124145507812,12569100,0.0,0.0
2025-02-14 05:00:00+00:00,725.4945889979003,740.2514192957425,724.9750316832167,736.0151977539062,16901200,0.0,0.0
2025-02-18 05:00:00+00:00,735.3457711447024,736.3448822468013,705.8120494058986,715.7332153320312,21938700,0.0,0.0
2025-02-19 05:00:00+00:00,703.4741329865286,706.37157970015,694.7719139390767,703.1444702148438,17535500,0.0,0.0
2025-02-20 05:00:00+00:00,696.6602457328806,705.0027993686539,693.0234665438812,694.222412109375,12587400,0.0,0.0
2025-02-21 05:00:00+00:00,695.9608297659651,703.2443277596083,681.7534381597311,682.9423828125,15660400,0.0,0.0
2025-02-24 05:00:00+00:00,685.6700244492644,686.6591347238324,661.8611888382964,667.5361328125,15677000,0.0,0.0
2025-02-25 05:00:00+00:00,665.3780306420172,667.406255569748,641.2894751849396,656.9155883789062,20579700,0.0,0.0
2025-02-26 05:00:00+00:00,659.0636967789872,682.4029186886339,657.4151389833991,673.1011962890625,14488700,0.0,0.0
2025-02-27 05:00:00+00:00,681.8434098860729,688.0379111520425,656.9855198372225,657.6549072265625,12500000,0.0,0.0
2025-02-28 05:00:00+00:00,657.4550757218477,669.034800720811,642.0287972080544,667.6060791015625,17534200,0.0,0.0
2025-03-03 05:00:00+00:00,673.0811570323929,680.6444353602695,650.2614937084818,654.4677124023438,10843800,0.0,0.0
2025-03-04 05:00:00+00:00,644.9362031172728,649.1724243402481,623.0956495401799,639.4310913085938,21495200,0.0,0.0
2025-03-05 05:00:00+00:00,640.4302542191028,658.9138106981253,637.09319610967,655.886474609375,13770000,0.0,0.0
2025-03-06 05:00:00+00:00,647.4239932814962,649.9817152601623,623.5552144493282,627.371826171875,13446500,0.0,0.0
2025-03-07 05:00:00+00:00,624.8141005363861,634.2257099756501,600.0761000698269,625.1038208007812,21375700,0.0,0.0
2025-03-10 04:00:00+00:00,607.5294919896663,609.5676566741505,586.3483245399041,597.4584350585938,21999900,0.0,0.0
2025-03-11 04:00:00+00:00,594.5210719524441,614.3834063038594,592.8026300616355,605.171630859375,17401500,0.0,0.0
2025-03-12 04:00:00+00:00,629.3401130606143,632.7670568528157,608.8083309497569,619.00927734375,15747000,0.0,0.0
2025-03-13 04:00:00+00:00,619.6986550441117,619.9484328172048,585.988656544404,590.114990234375,16480300,0.0,0.0
2025-03-14 04:00:00+00:00,602.7999877929688,608.8599853515625,594.780029296875,607.5999755859375,12364500,0.525,0.0
2025-03-17 04:00:00+00:00,607.4600219726562,613.0999755859375,598.0,604.9000244140625,15473900,0.0,0.0
2025-03-18 04:00:00+00:00,600.0499877929688,600.25,574.6599731445312,582.3599853515625,20297700,0.0,0.0
2025-03-19 04:00:00+00:00,584.280029296875,592.3200073242188,574.77001953125,584.0599975585938,20537500,0.0,0.0
2025-03-20 04:00:00+00:00,582.760009765625,610.2000122070312,579.510009765625,586.0,24336500,0.0,0.0
2025-03-21 04:00:00+00:00,583.4199829101562,597.5399780273438,580.9500122070312,596.25,25015900,0.0,0.0
2025-03-24 04:00:00+00:00,614.969970703125,622.5399780273438,612.2000122070312,618.8499755859375,15741300,0.0,0.0
2025-03-25 04:00:00+00:00,626.760009765625,633.8800048828125,621.1799926757812,626.3099975585938,15312500,0.0,0.0
2025-03-26 04:00:00+00:00,624.8900146484375,626.75,606.6099853515625,610.97998046875,12609800,0.0,0.0
2025-03-27 04:00:00+00:00,602.0,614.25,600.0999755859375,602.5800170898438,10436500,0.0,0.0
2025-03-28 04:00:00+00:00,600.3099975585938,601.75,573.9199829101562,576.739990234375,17602800,0.0,0.0
2025-03-31 04:00:00+00:00,563.5,578.7000122070312,553.2999877929688,576.3599853515625,21124700,0.0,0.0
2025-04-01 04:00:00+00:00,570.8400268554688,589.9099731445312,570.0,586.0,12836600,0.0,0.0
2025-04-02 04:00:00+00:00,574.9099731445312,592.6599731445312,573.3599853515625,583.9299926757812,13470800,0.0,0.0
2025-04-03 04:00:00+00:00,546.219970703125,552.5599975585938,530.2999877929688,531.6199951171875,34777500,0.0,0.0
2025-04-04 04:00:00+00:00,506.6199951171875,518.0,494.20001220703125,504.7300109863281,38589800,0.0,0.0
2025-04-07 04:00:00+00:00,485.1000061035156,539.3699951171875,481.8999938964844,516.25,36606100,0.0,0.0
2025-04-08 04:00:00+00:00,543.25,547.4299926757812,502.8599853515625,510.45001220703125,28034200,0.0,0.0
2025-04-09 04:00:00+00:00,509.2699890136719,587.8900146484375,502.1099853515625,585.77001953125,39216600,0.0,0.0
2025-04-10 04:00:00+00:00,575.489990234375,581.2999877929688,535.2999877929688,546.2899780273438,28173500,0.0,0.0
2025-04-11 04:00:00+00:00,535.510009765625,547.4000244140625,528.5900268554688,543.5700073242188,17642300,0.0,0.0
2025-04-14 04:00:00+00:00,556.1699829101562,557.77001953125,528.280029296875,531.47998046875,14130900,0.0,0.0
2025-04-15 04:00:00+00:00,532.1099853515625,537.9400024414062,517.5,521.52001953125,15558700,0.0,0.0
2025-04-16 04:00:00+00:00,508.510009765625,513.3699951171875,495.6300048828125,502.30999755859375,18735100,0.0,0.0
2025-04-17 04:00:00+00:00,505.25,507.29998779296875,498.010009765625,501.4800109863281,14593500,0.0,0.0
2025-04-21 04:00:00+00:00,491.3299865722656,493.5,479.79998779296875,484.6600036621094,16166000,0.0,0.0
2025-04-22 04:00:00+00:00,491.8699951171875,506.8800048828125,486.3599853515625,500.2799987792969,17399400,0.0,0.0
2025-04-23 04:00:00+00:00,528.530029296875,535.3400268554688,516.52001953125,520.27001953125,18173900,0.0,0.0
2025-04-24 04:00:00+00:00,518.72998046875,533.9000244140625,517.5,533.1500244140625,13910000,0.0,0.0
2025-04-25 04:00:00+00:00,546.7999877929688,549.8599853515625,536.25,547.27001953125,17098900,0.0,0.0
2025-04-28 04:00:00+00:00,555.6400146484375,558.489990234375,540.5900268554688,549.739990234375,15179000,0.0,0.0
2025-04-29 04:00:00+00:00,546.0,556.5700073242188,544.1199951171875,554.4400024414062,11835000,0.0,0.0
