Date,Open,High,Low,Close,Volume,Dividends,Stock Splits
2019-01-02 00:00:00-05:00,93.64297941413524,95.7124345886197,93.06917456384244,95.11981964111328,35329300,0.0,0.0
2019-01-03 00:00:00-05:00,94.16033074254226,94.24499411374003,91.43240759575788,91.62054443359375,42579100,0.0,0.0
2019-01-04 00:00:00-05:00,93.80290317742858,96.42735346363469,93.05977864391316,95.88176727294922,44060600,0.0,0.0
2019-01-07 00:00:00-05:00,95.6089441294236,97.14222155237707,94.98811055803043,96.00402069091797,35656100,0.0,0.0
2019-01-08 00:00:00-05:00,96.92588368231493,97.80070026425463,95.67480059197456,96.70012664794922,31514400,0.0,0.0
2019-01-09 00:00:00-05:00,97.69724820722637,98.65672119608233,97.11403463254871,98.08291625976562,32280800,0.0,0.0
2019-01-10 00:00:00-05:00,97.09519514219824,97.5937451740949,96.3050348228878,97.45264434814453,30067600,0.0,0.0
2019-01-11 00:00:00-05:00,97.06698452005102,97.30215019071561,95.60895449125594,96.70012664794922,28314200,0.0,0.0
2019-01-14 00:00:00-05:00,95.85355092412713,96.76599508519537,95.25152724239543,95.9946517944336,28437100,0.0,0.0
2019-01-15 00:00:00-05:00,96.42732751186898,98.81661143595386,95.83470546618504,98.77898406982422,31587600,0.0,0.0
2019-01-16 00:00:00-05:00,99.01415449180928,99.95481716027153,98.73195282059595,99.12702941894531,29853900,0.0,0.0
2019-01-17 00:00:00-05:00,98.76959049376892,100.3028682197314,98.54383343925562,99.82313537597656,28393000,0.0,0.0
2019-01-18 00:00:00-05:00,101.08362853906017,101.49752248771381,99.62560543421861,101.31879425048828,37427600,0.0,0.0
2019-01-22 00:00:00-05:00,100.4157418817301,100.74497238698858,98.63788997664751,99.40923309326172,32371300,0.0,0.0
2019-01-23 00:00:00-05:00,99.82313284892457,100.68854084989029,99.08940988112788,100.37812042236328,25874300,0.0,0.0
2019-01-24 00:00:00-05:00,100.51920961854532,100.65090181313788,99.08939839627413,99.89836883544922,23164800,0.0,0.0
2019-01-25 00:00:00-05:00,100.87669817375495,101.47872191999716,99.89840779193908,100.81085205078125,31225600,0.0,0.0
2019-01-28 00:00:00-05:00,99.95483873767355,100.16178571767907,98.44977957857186,98.84485626220703,29476700,0.0,0.0
2019-01-29 00:00:00-05:00,98.65672942083415,98.74139281976424,96.10753364080838,96.83184814453125,31490500,0.0,0.0
2019-01-30 00:00:00-05:00,98.41214193316105,100.06770324707031,98.13934886768241,100.06770324707031,49471900,0.0,0.0
2019-01-31 00:00:00-05:00,97.64080631612524,98.97654583545942,97.0575927678145,98.2334213256836,55636400,0.0,0.0
2019-02-01 00:00:00-05:00,97.62198297831351,97.92299478336884,96.27683490457214,96.68132019042969,35535700,0.0,0.0
2019-02-04 00:00:00-05:00,96.76600017097603,99.5221428992897,96.67192813470194,99.4656982421875,31315100,0.0,0.0
2019-02-05 00:00:00-05:00,99.76669965755823,100.90490084580371,99.67263480781749,100.85787200927734,27325400,0.0,0.0
2019-02-06 00:00:00-05:00,100.65090061826663,100.65090061826663,99.26812541477392,99.73845672607422,20609800,0.0,0.0
2019-02-07 00:00:00-05:00,98.94831963196425,99.32457900074046,98.10172169884292,99.02356719970703,29760700,0.0,0.0
2019-02-08 00:00:00-05:00,98.19578647586465,99.50330715855023,98.07350289876229,99.39983367919922,21461100,0.0,0.0
2019-02-11 00:00:00-05:00,99.89838754091934,100.25584400176223,98.74137630368497,99.0047607421875,18914100,0.0,0.0
2019-02-12 00:00:00-05:00,99.84194252110234,100.78260525989297,99.22110884537786,100.54743957519531,25056600,0.0,0.0
2019-02-13 00:00:00-05:00,101.12125816083088,101.38464261521223,100.37813363500452,100.47219848632812,18394900,0.0,0.0
2019-02-14 00:00:00-05:00,100.00185187968289,100.92370450683256,99.39042685050721,100.55684661865234,21784700,0.0,0.0
2019-02-15 00:00:00-05:00,101.5069197961348,101.87377769088145,100.98955241806276,101.79852294921875,26606900,0.0,0.0
2019-02-19 00:00:00-05:00,101.3940156635116,102.2123946538167,101.38460702867528,101.75146484375,18038500,0.0,0.0
2019-02-20 00:00:00-05:00,101.89318746399692,101.96876359530594,100.41004012190625,101.22246551513672,21607700,0.46,0.0
2019-02-21 00:00:00-05:00,100.98631079642564,103.42358734504347,100.95797154472923,103.35746002197266,29063200,0.0,0.0
2019-02-22 00:00:00-05:00,103.9620271922187,105.0484033250841,103.74474764124416,104.83113098144531,27763200,0.0,0.0
2019-02-25 00:00:00-05:00,105.5774330389996,105.97419688752096,105.10509306485436,105.41683197021484,23750600,0.0,0.0
2019-02-26 00:00:00-05:00,105.10510236876469,106.97556479584513,105.02007741807739,106.14424896240234,21536700,0.0,0.0
2019-02-27 00:00:00-05:00,105.51132503402692,106.14425898541508,104.74612923493187,105.96476745605469,21487100,0.0,0.0
2019-02-28 00:00:00-05:00,105.84196072103951,106.63548855640492,105.54911219236952,105.83251190185547,29083900,0.0,0.0
2019-03-01 00:00:00-05:00,106.6449178133661,106.76772361088295,105.49240713378839,106.3048324584961,23501200,0.0,0.0
2019-03-04 00:00:00-05:00,106.76774111126231,106.98502070422992,104.67055735559426,106.04978942871094,26608000,0.0,0.0
2019-03-05 00:00:00-05:00,106.04032116336727,106.17257577575921,105.07675081489228,105.52074432373047,19538300,0.0,0.0
2019-03-06 00:00:00-05:00,105.68134972451399,106.42764775782733,105.26568823574804,105.56798553466797,17687000,0.0,0.0
2019-03-07 00:00:00-05:00,105.23737794155006,105.37908141600703,103.79201835823291,104.28324890136719,25339000,0.0,0.0
2019-03-08 00:00:00-05:00,103.12127459905733,104.58552430787523,102.78118921475482,104.39659118652344,22818400,0.0,0.0
2019-03-11 00:00:00-04:00,104.85004171352885,106.70161383462825,104.84060010186273,106.5882568359375,26491600,0.0,0.0
2019-03-12 00:00:00-04:00,106.578817185128,107.68409126146429,106.4182232849433,107.33456420898438,26132700,0.0,0.0
2019-03-13 00:00:00-04:00,107.81631362317313,108.63818772495054,107.4856771019991,108.16584777832031,35513800,0.0,0.0
2019-03-14 00:00:00-04:00,108.20364770493006,108.82713275504103,108.00526577047037,108.2508773803711,30763400,0.0,0.0
2019-03-15 00:00:00-04:00,108.95938924306255,110.76373152746648,108.25087923329198,109.49786376953125,54681100,0.0,0.0
2019-03-18 00:00:00-04:00,109.74347136894998,111.10381284429253,109.63011438422895,111.06602478027344,31207600,0.0,0.0
2019-03-19 00:00:00-04:00,111.55725585448415,111.8878996147634,110.51810931351932,111.1416015625,37588700,0.0,0.0
2019-03-20 00:00:00-04:00,110.89599301347499,112.18075848726345,110.25361027658076,111.018798828125,28113300,0.0,0.0
2019-03-21 00:00:00-04:00,110.65982631193248,114.13624936742548,110.61258942400848,113.56944274902344,29854400,0.0,0.0
2019-03-22 00:00:00-04:00,112.88926952574172,112.97428727339415,110.56535739452741,110.5748062133789,33624500,0.0,0.0
2019-03-25 00:00:00-04:00,110.11187792240752,111.4816679909034,109.88515678281806,111.15103149414062,27067100,0.0,0.0
2019-03-26 00:00:00-04:00,112.05792887467207,112.14294660352742,110.38584146716265,111.38720703125,26097700,0.0,0.0
2019-03-27 00:00:00-04:00,111.35888291915896,111.67062906883459,109.12943740015118,110.31028747558594,22733400,0.0,0.0
2019-03-28 00:00:00-04:00,110.94322223184933,111.0754768561273,109.70568652276783,110.46143341064453,18334800,0.0,0.0
2019-03-29 00:00:00-04:00,111.53838657608104,111.7745566168712,110.48979101838573,111.41558074951172,25399800,0.0,0.0
2019-04-01 00:00:00-04:00,112.36968659005827,112.5208388542514,111.56671000670808,112.4358139038086,22789100,0.0,0.0
2019-04-02 00:00:00-04:00,112.47359202366633,112.87036307841795,111.96346398813081,112.59640502929688,18142300,0.0,0.0
2019-04-03 00:00:00-04:00,113.22933658460686,113.76780385450273,112.55861470156714,113.333251953125,22860700,0.0,0.0
2019-04-04 00:00:00-04:00,113.4560803096422,113.57889333722271,111.83122935953311,112.75701904296875,20112800,0.0,0.0
2019-04-05 00:00:00-04:00,112.78536560062493,113.5789006960313,112.76647516833948,113.25770568847656,15826200,0.0,0.0
2019-04-08 00:00:00-04:00,113.18211462002344,113.38049656588117,112.07684068995742,113.29547882080078,15116200,0.0,0.0
2019-04-09 00:00:00-04:00,112.0673759848999,112.92703816908923,112.02014631344049,112.6814193725586,17612000,0.0,0.0
2019-04-10 00:00:00-04:00,113.13487162707665,113.69222933212889,112.92704088711277,113.54108428955078,16477200,0.0,0.0
2019-04-11 00:00:00-04:00,113.87172176789933,114.16457024535748,113.28601760564702,113.67333984375,14209100,0.0,0.0
2019-04-12 00:00:00-04:00,113.96619995456275,114.28739491740265,113.71113951385946,114.25904846191406,19745100,0.0,0.0
2019-04-15 00:00:00-04:00,114.24960787201775,114.85420252911716,113.90007365790156,114.35352325439453,15792600,0.0,0.0
2019-04-16 00:00:00-04:00,114.91088642504573,114.92033524407036,113.45607821075296,114.0890121459961,14071800,0.0,0.0
2019-04-17 00:00:00-04:00,114.53300451545691,115.10925990881587,113.87173137914496,115.03368377685547,19300900,0.0,0.0
2019-04-18 00:00:00-04:00,115.43046607482597,116.68688515582294,114.58970134529999,116.5451889038086,27991000,0.0,0.0
2019-04-22 00:00:00-04:00,115.83667005839962,117.14032592975076,115.78943317307387,116.91360473632812,15648700,0.0,0.0
2019-04-23 00:00:00-04:00,117.23478123756932,118.6329107453401,116.97972082037384,118.50065612792969,24025500,0.0,0.0
2019-04-24 00:00:00-04:00,118.83130117037963,118.8879796655132,117.63155350291741,118.09445190429688,31257000,0.0,0.0
2019-04-25 00:00:00-04:00,122.8650945004239,124.10262315530053,121.703141985154,122.00543212890625,38033900,0.0,0.0
2019-04-26 00:00:00-04:00,122.52499914644078,123.29964370360351,121.88262363387287,122.7044906616211,23654900,0.0,0.0
2019-04-29 00:00:00-04:00,122.71393172118908,122.97844097984257,122.19436922969552,122.59113311767578,16324200,0.0,0.0
2019-04-30 00:00:00-04:00,122.62892351818161,123.46968824460541,122.23215959933073,123.37522888183594,24166500,0.0,0.0
2019-05-01 00:00:00-04:00,123.30907504812028,123.42243203156514,120.63562900939107,120.80567169189453,26821700,0.0,0.0
2019-05-02 00:00:00-04:00,120.90015317669582,120.91904360603114,118.57623396493616,119.22806549072266,27350200,0.0,0.0
2019-05-03 00:00:00-04:00,120.31446314875255,122.26994354197507,120.21054775681586,121.7692642211914,24911100,0.0,0.0
2019-05-06 00:00:00-04:00,119.39810598025139,121.44805987378629,119.13359673041934,121.06073760986328,24239800,0.0,0.0
2019-05-07 00:00:00-04:00,119.4642421216167,120.14441293278746,117.34816075923654,118.57624053955078,36017700,0.0,0.0
2019-05-08 00:00:00-04:00,118.50066040863257,119.37921308878768,117.84882890832307,118.56678771972656,28419000,0.0,0.0
2019-05-09 00:00:00-04:00,117.4142881256275,118.83130824704612,116.73411731417264,118.5573501586914,27235800,0.0,0.0
2019-05-10 00:00:00-04:00,117.9999693928005,120.85289951048885,116.9702645572646,120.09715270996094,30915100,0.0,0.0
2019-05-13 00:00:00-04:00,117.24424212353006,118.60458370815999,116.23343475365554,116.52628326416016,33944900,0.0,0.0
2019-05-14 00:00:00-04:00,117.01751541086755,118.9163170413206,116.85691433162265,117.82994079589844,25266300,0.0,0.0
2019-05-15 00:00:00-04:00,117.82045651877584,120.14348689016626,117.28947256764629,119.48924255371094,24722700,0.46,0.0
2019-05-16 00:00:00-04:00,120.18141735790614,122.67512713679861,119.90644519961685,122.2484359741211,30112200,0.0,0.0
2019-05-17 00:00:00-04:00,121.66059767110322,123.69918705467376,121.2908091921164,121.43304443359375,25770500,0.0,0.0
2019-05-20 00:00:00-04:00,119.96333513588748,120.9778841035706,119.24272591881484,119.67888641357422,23706900,0.0,0.0
2019-05-21 00:00:00-04:00,120.8261944528198,120.92101070527374,120.02024545593682,120.32366180419922,15293300,0.0,0.0
2019-05-22 00:00:00-04:00,120.05815249725941,121.59420156199042,119.96332902730131,121.0537338256836,15396500,0.0,0.0
2019-05-23 00:00:00-04:00,119.65992104825969,119.74526073035008,118.27558365203788,119.64096069335938,23603800,0.0,0.0
2019-05-24 00:00:00-04:00,120.33312945663504,120.81669444948346,119.44184088830083,119.69784545898438,14123400,0.0,0.0
2019-05-28 00:00:00-04:00,120.39950641965397,121.36664367850013,119.51770160981675,119.62200164794922,23128400,0.0,0.0
2019-05-29 00:00:00-04:00,118.88241814018392,118.89190193478987,117.61186455558423,118.46522521972656,22763100,0.0,0.0
2019-05-30 00:00:00-04:00,118.7686348954648,119.24272332301526,118.31350682204962,119.21427917480469,16829600,0.0,0.0
2019-05-31 00:00:00-04:00,117.79201561342676,118.16180401359854,116.92917119034898,117.27051544189453,26646800,0.0,0.0
2019-06-03 00:00:00-04:00,117.43171589341557,117.92477196720918,112.84254284635166,113.62952423095703,37983600,0.0,0.0
2019-06-04 00:00:00-04:00,114.99489620254916,116.89125005083399,114.39754734458515,116.77747344970703,29382600,0.0,0.0
2019-06-05 00:00:00-04:00,118.4746818625816,119.3470099692817,117.7730330940314,119.30908203125,24926100,0.0,0.0
2019-06-06 00:00:00-04:00,119.88747958950178,121.33818896852064,119.09100729799208,121.19596099853516,21459000,0.0,0.0
2019-06-07 00:00:00-04:00,122.49499099853017,125.3964103522876,121.6131788503694,124.5904541015625,33885600,0.0,0.0
2019-06-10 00:00:00-04:00,125.53859404519497,127.13153848487238,125.15932913804876,125.72824096679688,26477100,0.0,0.0
2019-06-11 00:00:00-04:00,126.94191152551736,127.2832557439343,124.4766461182806,125.25415802001953,23913700,0.0,0.0
2019-06-12 00:00:00-04:00,124.59044196057553,125.13090975162525,123.93621203650773,124.67578887939453,17092500,0.0,0.0
2019-06-13 00:00:00-04:00,125.14037742788226,126.10752187223672,124.7421448844494,125.4627685546875,17200800,0.0,0.0
2019-06-14 00:00:00-04:00,125.40585026928828,126.8565595222573,124.81798532098234,125.58600616455078,17821700,0.0,0.0
2019-06-17 00:00:00-04:00,125.75670144723567,126.79968731138605,125.66187797411713,125.96530151367188,14517800,0.0,0.0
2019-06-18 00:00:00-04:00,127.23584596807086,128.23143449276589,126.64798098710203,128.15557861328125,25934500,0.0,0.0
2019-06-19 00:00:00-04:00,128.00386726911648,128.88566474342727,126.87553456867434,128.65811157226562,23744400,0.0,0.0
2019-06-20 00:00:00-04:00,130.3269327637719,130.52605631041277,128.68659051662368,129.85284423828125,33042600,0.0,0.0
2019-06-21 00:00:00-04:00,129.50199201385198,130.5923895713415,129.38821542504405,129.8717803955078,36727900,0.0,0.0
2019-06-24 00:00:00-04:00,129.90020909126147,131.22765069622358,129.90020909126147,130.63978576660156,20628800,0.0,0.0
2019-06-25 00:00:00-04:00,130.13729427279054,130.4596709829963,125.85153014805815,126.51525115966797,33327400,0.0,0.0
2019-06-26 00:00:00-04:00,127.38754289741308,128.70550790546665,126.67641038656342,126.98929595947266,23657700,0.0,0.0
2019-06-27 00:00:00-04:00,127.18843756386265,127.7289052938255,126.59108153980478,127.19791412353516,16557500,0.0,0.0
2019-06-28 00:00:00-04:00,127.59619559982237,127.62463975455663,126.25926245517658,127.01780700683594,30043000,0.0,0.0
2019-07-01 00:00:00-04:00,129.54938476954524,129.6157496139507,127.97540800414944,128.6486053466797,22613500,0.0,0.0
2019-07-02 00:00:00-04:00,129.06578555216527,129.51142968187818,128.32620901094506,129.501953125,15237800,0.0,0.0
2019-07-03 00:00:00-04:00,129.71053433258086,130.6018224629079,129.22695510934776,130.33633422851562,13629300,0.0,0.0
2019-07-05 00:00:00-04:00,128.8951844451129,130.21314990406273,128.68658434645613,129.95713806152344,18141100,0.0,0.0
2019-07-08 00:00:00-04:00,129.33132870724128,129.99506413904302,128.35470761740166,129.86231994628906,16779700,0.0,0.0
2019-07-09 00:00:00-04:00,128.95204641194277,129.87177907688212,128.76241394317827,129.38821411132812,19953100,0.0,0.0
2019-07-10 00:00:00-04:00,130.02353384639366,131.39838778472796,129.91923378386983,130.7062225341797,24204400,0.0,0.0
2019-07-11 00:00:00-04:00,131.0380591430758,132.00520373882412,130.72515899539155,131.22769165039062,22327900,0.0,0.0
2019-07-12 00:00:00-04:00,131.65438495001214,131.91987335804,130.85790525789534,131.7017822265625,18936800,0.0,0.0
2019-07-15 00:00:00-04:00,132.21380591921138,132.30861494034525,131.28459649111377,131.7017822265625,16651500,0.0,0.0
2019-07-16 00:00:00-04:00,131.75865118779035,131.843983625322,129.44509753895824,129.97607421875,22726100,0.0,0.0
2019-07-17 00:00:00-04:00,130.56393943675053,130.78201604464186,129.1606418563614,129.2080535888672,20211000,0.0,0.0
2019-07-18 00:00:00-04:00,128.52538671501702,129.53992851431775,127.69098638061503,129.3502960205078,30381800,0.0,0.0
2019-07-19 00:00:00-04:00,132.95334378841414,133.38002042828387,129.37871342358227,129.53990173339844,48992400,0.0,0.0
2019-07-22 00:00:00-04:00,130.2890039185287,131.97675780652844,130.21314802301904,131.25613403320312,25074900,0.0,0.0
2019-07-23 00:00:00-04:00,132.51722336410376,132.7353145092773,130.87688106834025,132.0715789794922,18034600,0.0,0.0
2019-07-24 00:00:00-04:00,131.70175568556033,133.44641204562544,131.6543584185616,133.4274444580078,20738300,0.0,0.0
2019-07-25 00:00:00-04:00,133.15246467763373,133.32314402962163,132.10000229050078,132.92491149902344,18356900,0.0,0.0
2019-07-26 00:00:00-04:00,133.09557191798714,134.33768120299953,133.02920706579556,134.0153045654297,19037600,0.0,0.0
2019-07-29 00:00:00-04:00,134.16701877037724,134.17649532999744,132.14739753296877,133.72137451171875,16605900,0.0,0.0
2019-07-30 00:00:00-04:00,132.87752136577564,133.9015542400875,132.55514466498278,133.07664489746094,16846500,0.0,0.0
2019-07-31 00:00:00-04:00,133.0576489926553,133.2093607494621,128.07972090816457,129.2080535888672,38598800,0.0,0.0
2019-08-01 00:00:00-04:00,129.900253871064,133.63607370603688,129.83387453391913,130.9053192138672,40557500,0.0,0.0
2019-08-02 00:00:00-04:00,130.93375281816128,131.15184393575143,128.2504102875729,129.805419921875,30791600,0.0,0.0
2019-08-05 00:00:00-04:00,126.39199177584625,126.98933342292425,124.00258178343755,125.35848236083984,42749600,0.0,0.0
2019-08-06 00:00:00-04:00,126.8660536802565,128.64861615499294,126.30663286286659,127.70993041992188,32696700,0.0,0.0
2019-08-07 00:00:00-04:00,126.85660486655514,128.62021480989594,124.99818589625956,128.26939392089844,33414500,0.0,0.0
2019-08-08 00:00:00-04:00,129.52097248846763,131.78711473856043,128.88568122299927,131.69229125976562,27496500,0.0,0.0
2019-08-09 00:00:00-04:00,131.42676321364823,132.15686326952158,129.38818924712493,130.5734100341797,23466700,0.0,0.0
2019-08-12 00:00:00-04:00,129.96657857584458,130.71563175312875,128.23141359400333,128.75289916992188,20484300,0.0,0.0
2019-08-13 00:00:00-04:00,128.99944386708555,131.60692981105518,128.00385543123693,131.41729736328125,25154600,0.0,0.0
2019-08-14 00:00:00-04:00,129.7239350364142,130.25667987791024,127.16484365774863,127.45975494384766,32527300,0.46,0.0
2019-08-15 00:00:00-04:00,127.84980825244232,128.0305640810874,125.81395355440316,127.17435455322266,28074400,0.0,0.0
2019-08-16 00:00:00-04:00,128.3159743432708,129.819084271181,128.16375737219423,129.50514221191406,24449100,0.0,0.0
2019-08-19 00:00:00-04:00,131.14140381733853,131.80733474512826,130.22811674765154,131.6741485595703,24355700,0.0,0.0
2019-08-20 00:00:00-04:00,131.4839029824291,131.95957007090064,130.56110766949774,130.5801239013672,21170800,0.0,0.0
2019-08-21 00:00:00-04:00,131.80733365287435,132.7015899697267,131.2840970295878,132.03564453125,14970300,0.0,0.0
2019-08-22 00:00:00-04:00,131.91200786949062,132.42572196676846,129.65733587244935,131.0748291015625,18697000,0.0,0.0
2019-08-23 00:00:00-04:00,130.51354871788033,131.6170999371632,126.33719192061987,126.89847564697266,38508600,0.0,0.0
2019-08-26 00:00:00-04:00,128.42062493320694,128.96287794654694,127.38365949329416,128.8582305908203,20312600,0.0,0.0
2019-08-27 00:00:00-04:00,129.7524709204111,130.06641294826667,128.10666681941788,129.1341094970703,23102100,0.0,0.0
2019-08-28 00:00:00-04:00,128.31595982783944,129.15312404163978,127.05068361678919,128.96286010742188,17393300,0.0,0.0
2019-08-29 00:00:00-04:00,130.5706439039081,131.7027341408599,130.24719369798203,131.39830017089844,20168700,0.0,0.0
2019-08-30 00:00:00-04:00,132.37817013512296,132.40670900457172,129.63833705456977,131.1509552001953,23940100,0.0,0.0
2019-09-03 00:00:00-04:00,129.9617620758033,130.5230457545088,129.09604449367333,129.41949462890625,18869300,0.0,0.0
2019-09-04 00:00:00-04:00,130.6181868823451,130.98920663492223,129.83808588060427,130.93212890625,17995900,0.0,0.0
2019-09-05 00:00:00-04:00,132.34008809996143,133.54828647942648,132.00711535629418,133.23434448242188,26101800,0.0,0.0
2019-09-06 00:00:00-04:00,133.21531542729912,133.35800973856473,131.4743722488255,132.33058166503906,20824500,0.0,0.0
2019-09-09 00:00:00-04:00,132.79675387818114,132.9489708528511,129.8190873358268,130.82749938964844,25773900,0.0,0.0
2019-09-10 00:00:00-04:00,130.14255780174756,130.2281744197636,127.96399374637079,129.4575958251953,28903400,0.0,0.0
2019-09-11 00:00:00-04:00,129.29586388816116,129.63834485837282,128.515762699708,129.49563598632812,24726100,0.0,0.0
2019-09-12 00:00:00-04:00,131.14144145632662,131.6836944688001,130.2091233736303,130.82749938964844,27010000,0.0,0.0
2019-09-13 00:00:00-04:00,131.07482790293915,131.34120032371527,129.9237216237727,130.63722229003906,23363100,0.0,0.0
2019-09-16 00:00:00-04:00,129.21976731868642,130.0474236913278,129.05804219507905,129.6954345703125,16731400,0.0,0.0
2019-09-17 00:00:00-04:00,130.2947296759482,130.8274744696061,129.7905092288717,130.70379638671875,17814200,0.0,0.0
2019-09-18 00:00:00-04:00,130.6753029050361,131.9215487336139,129.88569355585972,131.7788543701172,23982100,0.0,0.0
2019-09-19 00:00:00-04:00,133.47219574914467,135.44145006237719,133.25339294016516,134.20472717285156,35772100,0.0,0.0
2019-09-20 00:00:00-04:00,134.1476708488117,134.75652434012815,131.52199288929938,132.65408325195312,39167300,0.0,0.0
2019-09-23 00:00:00-04:00,132.45428421449785,132.8348266835551,131.7027364269525,132.36866760253906,17139300,0.0,0.0
2019-09-24 00:00:00-04:00,133.52927745313207,133.84321950120366,130.21863828942713,130.69430541992188,29773200,0.0,0.0
2019-09-25 00:00:00-04:00,130.80844455062723,133.14873292753683,129.4099822003167,132.5779266357422,21382000,0.0,0.0
2019-09-26 00:00:00-04:00,132.6540970528442,133.35807535641734,131.7027624664253,132.7492218017578,17456600,0.0,0.0
2019-09-27 00:00:00-04:00,133.3294946916732,133.52928127933762,129.9998246828002,131.0272674560547,22477700,0.0,0.0
2019-09-30 00:00:00-04:00,131.33167370937898,132.44473285003608,131.07480944116392,132.26397705078125,17280900,0.0,0.0
2019-10-01 00:00:00-04:00,132.86335114425393,133.42463489450097,130.3327984352701,130.39939880371094,21466600,0.0,0.0
2019-10-02 00:00:00-04:00,129.61933965760022,129.73349516477074,127.07927800955845,128.09719848632812,30521700,0.0,0.0
2019-10-03 00:00:00-04:00,128.38255088600567,130.09495539592123,126.73674673968516,129.6478271484375,24132900,0.0,0.0
2019-10-04 00:00:00-04:00,130.0949767130013,131.52197828572162,129.78103462505757,131.39830017089844,22897700,0.0,0.0
2019-10-07 00:00:00-04:00,130.46597593959984,131.45535715332173,130.3518204769957,130.4469451904297,15303700,0.0,0.0
2019-10-08 00:00:00-04:00,130.40890496149677,131.05580530469754,129.019950524317,129.06752014160156,25550500,0.0,0.0
2019-10-09 00:00:00-04:00,130.77039644984504,131.95004148566036,130.3042374983396,131.51243591308594,19749900,0.0,0.0
2019-10-10 00:00:00-04:00,131.75026727221453,132.872834564055,131.5219418579829,132.33058166503906,17654600,0.0,0.0
2019-10-11 00:00:00-04:00,133.30092880210756,134.1666463128101,132.71110630814627,132.88233947753906,25446000,0.0,0.0
2019-10-14 00:00:00-04:00,132.89188372413636,133.46267556449297,132.7301586435582,132.75869750976562,13304300,0.0,0.0
2019-10-15 00:00:00-04:00,133.2438805707064,134.88968485548526,133.00604699421544,134.68040466308594,19695700,0.0,0.0
2019-10-16 00:00:00-04:00,133.93837099973544,134.12864950294826,132.73969481703799,133.57687377929688,20751600,0.0,0.0
2019-10-17 00:00:00-04:00,134.09059827162628,134.53772665926022,132.25452960785472,132.8919219970703,21460600,0.0,0.0
2019-10-18 00:00:00-04:00,132.95852815372055,133.18685370018684,129.91426011524499,130.722900390625,32273500,0.0,0.0
2019-10-21 00:00:00-04:00,131.7122527995967,131.75982242573644,130.34232885755833,131.69322204589844,20078200,0.0,0.0
2019-10-22 00:00:00-04:00,132.20693456642041,133.19631589420004,129.62881211446907,129.73345947265625,27431000,0.0,0.0
2019-10-23 00:00:00-04:00,130.21864577469321,130.7608987861986,129.0104471292481,130.56112670898438,29844600,0.0,0.0
2019-10-24 00:00:00-04:00,132.60649343294298,133.58636664451367,131.92153154498152,133.12973022460938,37029300,0.0,0.0
2019-10-25 00:00:00-04:00,132.55890216392237,134.27130660416736,132.4257159583593,133.88125610351562,25959700,0.0,0.0
2019-10-28 00:00:00-04:00,137.3726846971497,138.58088347733715,136.52599764242257,137.17291259765625,35280100,0.0,0.0
2019-10-29 00:00:00-04:00,137.0682573139992,137.4678160061202,135.70784162101094,135.87908935546875,20589500,0.0,0.0
2019-10-30 00:00:00-04:00,136.5355130086204,137.94348381334873,135.84102846602647,137.5724639892578,18496600,0.0,0.0
2019-10-31 00:00:00-04:00,137.84831662067026,137.87685548472092,136.0312793725473,136.3927764892578,24605100,0.0,0.0
2019-11-01 00:00:00-04:00,137.2394678703042,137.39168482775145,136.01225312687964,136.7257537841797,33128400,0.0,0.0
2019-11-04 00:00:00-05:00,137.78173802320663,137.9434631000686,137.14434583220648,137.51536560058594,16912000,0.0,0.0
2019-11-05 00:00:00-05:00,137.9149084514293,137.96247806064088,136.90649660745314,137.4297332763672,18250200,0.0,0.0
2019-11-06 00:00:00-05:00,137.34405972284128,137.4867685063674,136.23100088910783,137.0491485595703,16575800,0.0,0.0
2019-11-07 00:00:00-05:00,136.8399432277533,137.82933918066462,136.77335736496386,137.239501953125,17786700,0.0,0.0
2019-11-08 00:00:00-05:00,136.9731283662926,138.88531987771236,136.76383362856296,138.85678100585938,16732700,0.0,0.0
2019-11-11 00:00:00-05:00,138.26693440998721,139.29437727567947,137.68661986129652,138.9994659423828,14362600,0.0,0.0
2019-11-12 00:00:00-05:00,139.16117279947264,140.38840210990983,138.95187810337032,139.91273498535156,18641600,0.0,0.0
2019-11-13 00:00:00-05:00,139.5987840482801,140.2837458253063,139.16116393443258,140.1410369873047,16919200,0.0,0.0
2019-11-14 00:00:00-05:00,139.86517194419966,141.18752603198232,139.84614119378435,140.85455322265625,19729800,0.0,0.0
2019-11-15 00:00:00-05:00,141.68218942790267,142.69061583073872,141.0543199148556,142.6715850830078,23485700,0.0,0.0
2019-11-18 00:00:00-05:00,142.76672505631623,143.2233613908086,141.7297597845337,143.02357482910156,21534000,0.0,0.0
2019-11-19 00:00:00-05:00,143.53732603217742,143.96542357050592,142.89041114981978,143.0711669921875,23935700,0.0,0.0
2019-11-20 00:00:00-05:00,143.48162412266808,143.98754579701912,141.71567578040987,142.82296752929688,25696800,0.51,0.0
2019-11-21 00:00:00-05:00,142.61296359360495,142.99480089901772,141.75385514623295,142.6893310546875,18576100,0.0,0.0
2019-11-22 00:00:00-05:00,143.25253152397931,143.4720788592339,142.05931731950398,142.79432678222656,15901800,0.0,0.0
2019-11-25 00:00:00-05:00,143.18571398734477,144.4743912394725,143.1093465253457,144.35983276367188,22420900,0.0,0.0
2019-11-26 00:00:00-05:00,144.4839434786406,145.495786942738,144.44576702733355,145.12350463867188,24620100,0.0,0.0
2019-11-27 00:00:00-05:00,145.4098700606825,145.57214545856706,144.63666952021893,145.40032958984375,15184400,0.0,0.0
2019-11-29 00:00:00-05:00,145.19034446692223,145.38125587154013,144.40758877270028,144.5030517578125,11977300,0.0,0.0
2019-12-02 00:00:00-05:00,144.9135062930399,144.93260180262274,141.5820608683303,142.7561798095703,27418400,0.0,0.0
2019-12-03 00:00:00-05:00,140.78971130829768,142.6415671982558,139.98786043171313,142.5270233154297,24066000,0.0,0.0
2019-12-04 00:00:00-05:00,143.31937611139656,143.3575525656426,142.42207649774795,143.0425567626953,17574700,0.0,0.0
2019-12-05 00:00:00-05:00,143.23340915476197,143.49114745295842,142.68929658808062,143.1188507080078,17869100,0.0,0.0
2019-12-06 00:00:00-05:00,144.13073219545493,144.9707450719406,143.4434396638558,144.856201171875,16403500,0.0,0.0
2019-12-09 00:00:00-05:00,144.20706750010666,145.29527800492446,144.0543326236692,144.48388671875,16687400,0.0,0.0
2019-12-10 00:00:00-05:00,144.41707885154744,144.98982743115076,143.91115725132516,144.2643585205078,16476100,0.0,0.0
2019-12-11 00:00:00-05:00,144.65575200979637,144.9707623380976,143.50072870496317,144.80848693847656,18856600,0.0,0.0
2019-12-12 00:00:00-05:00,144.7607542633633,146.46944531202655,144.1593841557326,146.27853393554688,24612100,0.0,0.0
2019-12-13 00:00:00-05:00,146.04944023458228,147.8535797960323,145.8871648266387,147.5099334716797,23845400,0.0,0.0
2019-12-16 00:00:00-05:00,148.0635593290115,148.81766426957353,147.78674005264386,148.4644775390625,24144200,0.0,0.0
2019-12-17 00:00:00-05:00,148.38814307745426,148.6363410000052,147.43357153682658,147.6626739501953,25425600,0.0,0.0
2019-12-18 00:00:00-05:00,147.2904110681968,148.4167986432831,147.17585256359257,147.3572235107422,24129200,0.0,0.0
2019-12-19 00:00:00-05:00,147.00402866900072,148.6936245054494,146.76538576531726,148.6363525390625,24958900,0.0,0.0
2019-12-20 00:00:00-05:00,150.2017917762899,151.2900024169455,149.18993401778437,150.25906372070312,53477500,0.0,0.0
2019-12-23 00:00:00-05:00,150.93680115039496,150.93680115039496,150.12542432853846,150.25906372070312,17718200,0.0,0.0
2019-12-24 00:00:00-05:00,150.32593243002214,150.54549438663247,149.98228606924812,150.23048400878906,8989200,0.0,0.0
2019-12-26 00:00:00-05:00,150.40229326764958,151.51914024946606,150.2495583216902,151.4618682861328,14520600,0.0,0.0
2019-12-27 00:00:00-05:00,152.20640864815684,152.30187161554684,151.0322898903994,151.73867797851562,18412800,0.0,0.0
2019-12-30 00:00:00-05:00,151.76731694488873,151.795952922549,149.60997619045432,150.430908203125,16348400,0.0,0.0
2019-12-31 00:00:00-05:00,149.64815953746933,150.60273091885034,149.3426897039378,150.53590393066406,18369400,0.0,0.0
2020-01-02 00:00:00-05:00,151.5668495220527,153.42826088554256,151.1372952944172,153.32325744628906,22622100,0.0,0.0
2020-01-03 00:00:00-05:00,151.12776374356721,152.68370535175205,150.87956583671692,151.41412353515625,21116200,0.0,0.0
2020-01-06 00:00:00-05:00,149.94408480527218,151.8723232086729,149.3999720884019,151.8054962158203,20813700,0.0,0.0
2020-01-07 00:00:00-05:00,152.082300178882,152.4163913806182,150.17315765832723,150.4213409423828,21634100,0.0,0.0
2020-01-08 00:00:00-05:00,151.71004582761572,153.49510448810574,150.7745698093218,152.81735229492188,27746500,0.0,0.0
2020-01-09 00:00:00-05:00,154.48778239733647,154.85052407414236,153.71458214149152,154.72642517089844,21385000,0.0,0.0
2020-01-10 00:00:00-05:00,155.423335359617,155.8051581253616,153.85782414949148,154.01055908203125,20725900,0.0,0.0
2020-01-13 00:00:00-05:00,154.41145894411306,155.89104747475955,153.93417326104023,155.86241149902344,21626500,0.0,0.0
2020-01-14 00:00:00-05:00,155.96741840076578,156.1678848009803,154.37328593172,154.76466369628906,23477400,0.0,0.0
2020-01-15 00:00:00-05:00,155.23241007287436,156.4924514232917,155.18469315115652,155.7669677734375,21417900,0.0,0.0
2020-01-16 00:00:00-05:00,156.8838572072704,158.68799705123658,156.578387286409,158.6211700439453,23865400,0.0,0.0
2020-01-17 00:00:00-05:00,159.8143511653507,159.86208265119686,157.91474872726818,159.50889587402344,34371700,0.0,0.0
2020-01-21 00:00:00-05:00,159.1079578324649,160.54937000352857,158.86931497665745,158.93614196777344,29517200,0.0,0.0
2020-01-22 00:00:00-05:00,159.79525389317888,159.88117639299483,158.15338984431403,158.1724853515625,24138800,0.0,0.0
2020-01-23 00:00:00-05:00,158.64025741366353,159.22254667551476,157.7620532846694,159.14617919921875,19680800,0.0,0.0
2020-01-24 00:00:00-05:00,159.90027333654157,159.919368845701,156.97928675619562,157.54248046875,24918100,0.0,0.0
2020-01-27 00:00:00-05:00,153.82919693681342,155.95790194568534,152.92235689228698,154.90786743164062,32078100,0.0,0.0
2020-01-28 00:00:00-05:00,156.3397174739805,158.22976494589605,155.66197987278883,157.9434051513672,24899900,0.0,0.0
2020-01-29 00:00:00-05:00,160.21526233672495,161.0839258176197,158.16293962662346,160.4061737060547,34754500,0.0,0.0
2020-01-30 00:00:00-05:00,166.14314156692402,166.14314156692402,163.03122973410018,164.9308319091797,51597500,0.0,0.0
2020-01-31 00:00:00-05:00,164.386735306438,164.56809162420643,161.876208045128,162.49667358398438,36142700,0.0,0.0
2020-02-03 00:00:00-05:00,162.6875769178481,166.57268903467292,162.65894094458028,166.45814514160156,30107000,0.0,0.0
2020-02-04 00:00:00-05:00,169.09274452714232,172.4337437813152,168.30044867042352,171.93736267089844,36433300,0.0,0.0
2020-02-05 00:00:00-05:00,175.66978656794012,175.8320619700683,170.30509956420224,171.72740173339844,39186300,0.0,0.0
2020-02-06 00:00:00-05:00,172.74874010775733,175.46927367885075,171.88007687593736,175.28790283203125,27751400,0.0,0.0
2020-02-07 00:00:00-05:00,174.5434153179909,177.19712308567685,174.19021393669328,175.53616333007812,33529100,0.0,0.0
2020-02-10 00:00:00-05:00,175.24023833430923,180.2612791983537,174.9252279903285,180.1276397705078,35844300,0.0,0.0
2020-02-11 00:00:00-05:00,181.98902188925905,182.03675336983713,175.1638425690757,176.06114196777344,53159900,0.0,0.0
2020-02-12 00:00:00-05:00,177.1493659071914,177.40710426901245,173.58881858824256,176.3188934326172,47062900,0.0,0.0
2020-02-13 00:00:00-05:00,174.76294940925624,177.76984376399173,174.5624829883249,175.3643341064453,35295800,0.0,0.0
2020-02-14 00:00:00-05:00,174.92523403532266,176.98711204957445,174.35248528727305,176.92984008789062,23149500,0.0,0.0
2020-02-18 00:00:00-05:00,177.17800990105596,179.17306076378034,177.0730064574597,178.7244110107422,27792200,0.0,0.0
2020-02-19 00:00:00-05:00,180.00700463143806,180.12186138936497,178.48509416736147,179.26040649414062,29997500,0.51,0.0
2020-02-20 00:00:00-05:00,178.94459544933736,179.23175204525444,173.34510755321432,176.52293395996094,36862400,0.0,0.0
2020-02-21 00:00:00-05:00,175.32638416733346,175.64225482511475,169.65988919755634,170.9425048828125,48572600,0.0,0.0
2020-02-24 00:00:00-05:00,160.58590274861274,167.07557430420084,156.24030250955758,163.57229614257812,68311100,0.0,0.0
2020-02-25 00:00:00-05:00,166.74051131834014,167.35310504591126,160.47098848757176,160.87301635742188,68073300,0.0,0.0
2020-02-26 00:00:00-05:00,162.44282359860227,165.84079671755148,161.00705537187227,162.88311767578125,56206100,0.0,0.0
2020-02-27 00:00:00-05:00,156.32640584745195,159.87753004465935,151.21506135408896,151.406494140625,93174900,0.0,0.0
2020-02-28 00:00:00-05:00,145.88360337407545,156.6997251752608,145.49115661738037,155.072509765625,97012700,0.0,0.0
2020-03-02 00:00:00-05:00,158.23125093087526,165.5153833726161,155.35971406194287,165.3909454345703,71030800,0.0,0.0
2020-03-03 00:00:00-05:00,166.35766803966655,167.50627960732479,155.31181719397168,157.46546936035156,71677000,0.0,0.0
2020-03-04 00:00:00-05:00,161.2750404354644,163.39039713117188,158.5279277026881,163.246826171875,49814400,0.0,0.0
2020-03-05 00:00:00-05:00,158.93948975609285,163.5530824415987,158.59490491857662,159.1500701904297,47817300,0.0,0.0
2020-03-06 00:00:00-05:00,155.64684195080312,156.1254313406518,149.319889632788,154.65138244628906,72821100,0.0,0.0
2020-03-09 00:00:00-04:00,144.53400546163766,150.99496265942608,143.57682661752085,144.17027282714844,70419300,0.0,0.0
2020-03-10 00:00:00-04:00,151.38738218810445,154.13448030155593,146.04632344854542,154.02919006347656,65354400,0.0,0.0
2020-03-11 00:00:00-04:00,150.40148636834232,150.94707060556502,144.67754750947486,147.05136108398438,56371600,0.0,0.0
2020-03-12 00:00:00-04:00,139.07810273985137,146.8982529178264,132.64585910216917,133.1053009033203,93226400,0.0,0.0
2020-03-13 00:00:00-04:00,141.1838506811791,154.97679851403672,134.70374714006678,152.0286865234375,92727400,0.0,0.0
2020-03-16 00:00:00-04:00,134.00505133305953,142.95468024638834,129.2191566425931,129.6211700439453,87905900,0.0,0.0
2020-03-17 00:00:00-04:00,134.00502955980318,141.18387042907835,129.21913564695305,140.293701171875,81059800,0.0,0.0
2020-03-18 00:00:00-04:00,132.0906254734409,139.74805303711864,129.23823779547845,134.38784790039062,81593200,0.0,0.0
2020-03-19 00:00:00-04:00,136.65641215191422,143.72038128798528,133.04784422970064,136.59898376464844,85922700,0.0,0.0
2020-03-20 00:00:00-04:00,139.7480799033925,140.80098223797003,130.0422891847285,131.46849060058594,84866200,0.0,0.0
2020-03-23 00:00:00-04:00,131.1430892443274,134.5506587453808,126.8453648912079,130.15719604492188,78975200,0.0,0.0
2020-03-24 00:00:00-04:00,137.59443780402628,143.1939390281192,135.22063872307237,141.98788452148438,82516700,0.0,0.0
2020-03-25 00:00:00-04:00,142.53349896031997,147.72140631630424,138.25490854547172,140.6287078857422,75638200,0.0,0.0
2020-03-26 00:00:00-04:00,142.04533102950404,149.95163742924396,142.0166168333385,149.42518615722656,64568100,0.0,0.0
2020-03-27 00:00:00-04:00,145.25184603830556,148.25738612335064,142.81103779665065,143.2896270751953,57042300,0.0,0.0
2020-03-30 00:00:00-04:00,145.91234252930232,153.72292525245413,143.5863903880051,153.36875915527344,63420300,0.0,0.0
2020-03-31 00:00:00-04:00,152.5742694137717,157.72389517204311,149.8558855807532,150.95664978027344,77927200,0.0,0.0
2020-04-01 00:00:00-04:00,146.44830855757147,150.9949063722673,144.3616664658325,145.59642028808594,57969900,0.0,0.0
2020-04-02 00:00:00-04:00,145.3571404034156,148.8221222050345,143.92137252689247,148.61154174804688,49630700,0.0,0.0
2020-04-03 00:00:00-04:00,148.45841886264432,150.64078508097487,145.67302540319514,147.2427978515625,41243300,0.0,0.0
2020-04-06 00:00:00-04:00,153.45490035648226,159.37025787232824,150.83222538941226,158.19293212890625,67111700,0.0,0.0
2020-04-07 00:00:00-04:00,162.32794813884126,162.7203949496014,156.26900462130646,156.48916625976562,62769000,0.0,0.0
2020-04-08 00:00:00-04:00,158.5758148434227,159.53299367239637,156.4987385371966,158.05894470214844,48318200,0.0,0.0
2020-04-09 00:00:00-04:00,159.23624056503343,160.20298574217838,156.33599042821146,158.0684814453125,51385100,0.0,0.0
2020-04-13 00:00:00-04:00,157.31230661980788,158.48006566440998,155.3500875953282,158.42262268066406,41905300,0.0,0.0
2020-04-14 00:00:00-04:00,161.76321038251245,166.30980949089667,160.80603162285263,166.26194763183594,52874300,0.0,0.0
2020-04-15 00:00:00-04:00,163.86896268432787,166.1374857496629,161.9929009300108,164.5198516845703,40940800,0.0,0.0
2020-04-16 00:00:00-04:00,166.83623280718882,169.68862094407544,165.49617400471112,169.45889282226562,50479600,0.0,0.0
2020-04-17 00:00:00-04:00,171.81358822458955,172.29217760683073,168.33902463579403,170.95213317871094,52765600,0.0,0.0
2020-04-20 00:00:00-04:00,169.0664676591749,171.0956816998776,167.49669527562645,167.56369018554688,36669600,0.0,0.0
2020-04-21 00:00:00-04:00,166.07049574786976,166.2332143656967,158.9969461097408,160.63372802734375,56203700,0.0,0.0
2020-04-22 00:00:00-04:00,164.0508350921199,166.5490717526247,163.50525090014477,166.08963012695312,34620200,0.0,0.0
2020-04-23 00:00:00-04:00,166.6544031792957,167.56372012764132,163.5914339086313,164.07958984375,32790800,0.0,0.0
2020-04-24 00:00:00-04:00,164.69216602575494,167.08511279378087,163.39998353425372,167.07554626464844,34277600,0.0,0.0
2020-04-27 00:00:00-04:00,169.02818179820954,169.3249048560136,165.87907032634968,166.59695434570312,33194400,0.0,0.0
2020-04-28 00:00:00-04:00,168.07103647361475,168.14761253686197,162.136530323167,162.53854370117188,34392700,0.0,0.0
2020-04-29 00:00:00-04:00,165.8025000977444,170.07150903698547,164.5198841101079,169.83221435546875,51286600,0.0,0.0
2020-04-30 00:00:00-04:00,172.29219085669826,172.67505654977936,168.68362254757932,171.53602600097656,53875900,0.0,0.0
2020-05-01 00:00:00-04:00,168.27202178019542,170.99040583781405,166.55866369356815,167.09469604492188,39370500,0.0,0.0
2020-05-04 00:00:00-04:00,167.01812031538887,171.33499108993863,166.3576646609175,171.1818389892578,30372900,0.0,0.0
2020-05-05 00:00:00-04:00,172.88563361108132,175.78588426417025,172.196463692982,173.01963806152344,36839200,0.0,0.0
2020-05-06 00:00:00-04:00,174.28312510166273,176.312339570622,173.85239754434082,174.72341918945312,32139300,0.0,0.0
2020-05-07 00:00:00-04:00,176.28359082938823,176.6473233913739,174.76168027590157,175.73800659179688,28316000,0.0,0.0
2020-05-08 00:00:00-04:00,177.05896142106482,177.07810908993565,175.50833616654324,176.7718048095703,30877800,0.0,0.0
2020-05-11 00:00:00-04:00,175.30729302541394,179.48059321685093,175.02015106702683,178.7435760498047,30892700,0.0,0.0
2020-05-12 00:00:00-04:00,178.80103872292574,179.0307523336783,174.49373325660713,174.69473266601562,32038200,0.0,0.0
2020-05-13 00:00:00-04:00,174.7329594946061,176.16872742043623,168.98030665766586,172.0528564453125,44711500,0.0,0.0
2020-05-14 00:00:00-04:00,169.93749943228426,172.95262109094764,168.1571464717192,172.79946899414062,41873900,0.0,0.0
2020-05-15 00:00:00-04:00,171.3923954473315,179.0498241431516,169.4206098950196,175.31683349609375,46610400,0.0,0.0
2020-05-18 00:00:00-04:00,177.79592409786156,178.22665154471989,176.08258083844325,176.9918975830078,35264500,0.0,0.0
2020-05-19 00:00:00-04:00,177.10676792703353,178.60954544769828,175.6327192033904,175.7667236328125,26799100,0.0,0.0
2020-05-20 00:00:00-04:00,177.38886870679679,178.38711523926915,176.5538086361456,178.20474243164062,31261300,0.51,0.0
2020-05-21 00:00:00-04:00,177.9551648606696,179.17417147943857,175.92989237505736,176.06427001953125,29119500,0.0,0.0
2020-05-22 00:00:00-04:00,175.83392486587098,177.05293154116515,175.21001712283223,176.1410675048828,20826900,0.0,0.0
2020-05-26 00:00:00-04:00,178.85742425340143,179.01100289158117,173.82784834456731,174.2789764404297,36073600,0.0,0.0
2020-05-27 00:00:00-04:00,172.963988040229,174.68211801691652,169.50855638674753,174.50933837890625,39517100,0.0,0.0
2020-05-28 00:00:00-04:00,173.4823278689673,176.75538700493465,173.1367832080184,174.11581420898438,33810200,0.0,0.0
2020-05-29 00:00:00-04:00,175.39241718456637,176.87058621808114,173.16558510598713,175.89154052734375,42130400,0.0,0.0
2020-06-01 00:00:00-04:00,175.21002492876235,175.65155988421583,174.17340566060682,175.48838806152344,22622400,0.0,0.0
2020-06-02 00:00:00-04:00,176.85134714449978,177.57123051143805,174.06780398409765,177.48484802246094,30794600,0.0,0.0
2020-06-03 00:00:00-04:00,177.39845376013542,178.4734748300103,176.20824139987135,177.91676330566406,27311000,0.0,0.0
2020-06-04 00:00:00-04:00,176.89931214617343,178.37746596340432,174.97962349487705,175.57472229003906,28761800,0.0,0.0
2020-06-05 00:00:00-04:00,175.2868170566097,180.19162357339377,174.70131126178967,179.6829071044922,39893600,0.0,0.0
2020-06-08 00:00:00-04:00,178.4734734319101,180.97866794881153,177.03370680486475,180.79629516601562,33211600,0.0,0.0
2020-06-09 00:00:00-04:00,180.45078932074512,183.04236687645738,179.7404990263667,182.1785125732422,29783900,0.0,0.0
2020-06-10 00:00:00-04:00,183.45510184718313,190.54835280749057,183.3399105366351,188.93580627441406,43872300,0.0,0.0
2020-06-11 00:00:00-04:00,185.3747712203923,187.89915227221888,178.59827145778436,178.7902374267578,52854700,0.0,0.0
2020-06-12 00:00:00-04:00,182.88878610959796,184.02141036884822,177.7440183982765,180.20123291015625,43373600,0.0,0.0
2020-06-15 00:00:00-04:00,177.1680897119196,183.1575243313192,176.62097134724394,181.35301208496094,32770200,0.0,0.0
2020-06-16 00:00:00-04:00,185.14440201646784,187.72638602296334,183.7718314338394,185.79710388183594,42556700,0.0,0.0
2020-06-17 00:00:00-04:00,187.1984868366461,188.436694543805,185.91229861744995,186.44021606445312,25687800,0.0,0.0
2020-06-18 00:00:00-04:00,186.20984487209262,188.59986310205517,186.20984487209262,188.4366912841797,23061600,0.0,0.0
2020-06-19 00:00:00-04:00,190.61551176367254,191.2873999704439,186.5649668864824,187.3136444091797,44441100,0.0,0.0
2020-06-22 00:00:00-04:00,187.92798125497254,192.69841043046424,187.39047058382994,192.51605224609375,32818900,0.0,0.0
2020-06-23 00:00:00-04:00,193.9749958365343,195.7603074164586,193.34149487196547,193.80223083496094,30917400,0.0,0.0
2020-06-24 00:00:00-04:00,193.5046700779073,195.08840775103926,188.66704527062345,189.89564514160156,36740600,0.0,0.0
2020-06-25 00:00:00-04:00,189.8572588057207,192.55441970306296,187.6208192009114,192.29525756835938,27803900,0.0,0.0
2020-06-26 00:00:00-04:00,191.70977031493157,191.86334897596745,187.05453249006115,188.44630432128906,54675800,0.0,0.0
2020-06-29 00:00:00-04:00,187.91835250772525,190.55792484717963,185.7779034024476,190.47154235839844,26701600,0.0,0.0
2020-06-30 00:00:00-04:00,189.9340518454055,196.19222801680598,189.79967418886784,195.3379669189453,34310300,0.0,0.0
2020-07-01 00:00:00-04:00,194.98279337525491,198.06390038374025,193.66781121683078,196.4801483154297,32061200,0.0,0.0
2020-07-02 00:00:00-04:00,197.42084266089836,199.66689029656212,196.7681553221372,197.97755432128906,29315800,0.0,0.0
2020-07-06 00:00:00-04:00,200.44429257252568,202.65193745392168,199.73400249793642,202.23919677734375,31897600,0.0,0.0
2020-07-07 00:00:00-04:00,201.9992431693734,206.04978755101817,199.6380342392962,199.88758850097656,33600700,0.0,0.0
2020-07-08 00:00:00-04:00,201.63454111797887,204.69643276987244,200.30995102141637,204.28370666503906,33600000,0.0,0.0
2020-07-09 00:00:00-04:00,207.64318004100818,207.6911751992889,202.97833478980377,205.71389770507812,33121700,0.0,0.0
2020-07-10 00:00:00-04:00,205.04197066767617,205.48350556744035,202.60397216203236,205.0899658203125,26177600,0.0,0.0
2020-07-13 00:00:00-04:00,205.8674413979546,207.13444315045686,198.20788649530527,198.7550048828125,38135600,0.0,0.0
2020-07-14 00:00:00-04:00,197.85275604955902,200.46353432165108,193.91738765007852,199.98361206054688,37591800,0.0,0.0
2020-07-15 00:00:00-04:00,201.14500283738633,202.84393163369342,196.79690860217687,199.68603515625,32179400,0.0,0.0
2020-07-16 00:00:00-04:00,197.15205686543402,197.4400131481872,194.18614083902548,195.7314910888672,29940700,0.0,0.0
2020-07-17 00:00:00-04:00,196.25939500336793,196.80649872151776,193.30307235279196,194.73324584960938,31635300,0.0,0.0
2020-07-20 00:00:00-04:00,196.76815359571623,203.7750224822405,194.8580574662761,203.10313415527344,36884800,0.0,0.0
2020-07-21 00:00:00-04:00,205.08036282280696,205.34911808941715,199.67643403748642,200.36752319335938,37990400,0.0,0.0
2020-07-22 00:00:00-04:00,200.79944886411118,203.7749724116346,200.0219772306525,203.24705505371094,49605700,0.0,0.0
2020-07-23 00:00:00-04:00,198.87022323194105,202.45043981695537,194.0325978030647,194.4069366455078,67457000,0.0,0.0
2020-07-24 00:00:00-04:00,192.37205264774803,194.71407581114096,189.57890135143603,193.2167205810547,39827000,0.0,0.0
2020-07-27 00:00:00-04:00,193.37993237277564,195.779544364649,192.7944264609158,195.66436767578125,30160900,0.0,0.0
2020-07-28 00:00:00-04:00,195.43395576554883,196.48018284400942,193.6390510854315,193.90780639648438,23251400,0.0,0.0
2020-07-29 00:00:00-04:00,194.3685655257545,196.43222591858805,193.89823631683578,195.8659210205078,19632600,0.0,0.0
2020-07-30 00:00:00-04:00,192.92873718736882,196.24980547575794,191.55616663450482,195.7122802734375,25079600,0.0,0.0
2020-07-31 00:00:00-04:00,196.1922346738633,196.86413762541622,191.01867275251885,196.77774047851562,51044000,0.0,0.0
2020-08-03 00:00:00-04:00,203.02633250734016,208.90057673251002,201.98969858888674,207.84474182128906,78983000,0.0,0.0
2020-08-04 00:00:00-04:00,205.56990286520076,206.14581544620071,201.86490236413317,204.72523498535156,49280100,0.0,0.0
2020-08-05 00:00:00-04:00,206.27058457085792,206.36657488271786,203.07431516004908,204.38929748535156,28806400,0.0,0.0
2020-08-06 00:00:00-04:00,203.81336788096826,207.68153985954203,203.0550972064512,207.662353515625,32656800,0.0,0.0
2020-08-07 00:00:00-04:00,206.22259531548428,207.03845434743357,202.45999201190585,203.94775390625,27820400,0.0,0.0
2020-08-10 00:00:00-04:00,203.17025446336905,203.37182822377204,198.0638900705572,199.88758850097656,36716500,0.0,0.0
2020-08-11 00:00:00-04:00,198.8413916071683,199.3117060421688,194.98281258770336,195.2131805419922,36446500,0.0,0.0
2020-08-12 00:00:00-04:00,197.04646891700722,201.83609819491352,196.52815933665153,200.7898712158203,28013100,0.0,0.0
2020-08-13 00:00:00-04:00,201.0298244691704,202.86313088844787,199.79161692368524,200.3195343017578,22588900,0.0,0.0
2020-08-14 00:00:00-04:00,200.37711223762687,201.17378484940565,199.17730673423657,200.51148986816406,17958900,0.0,0.0
2020-08-17 00:00:00-04:00,201.1834028909873,202.709552053803,200.53070104802,201.83609008789062,20184800,0.0,0.0
2020-08-18 00:00:00-04:00,202.07607086878687,203.83258814350498,200.80908368545613,202.99752807617188,21336200,0.0,0.0
2020-08-19 00:00:00-04:00,203.48822856121845,204.07514964683784,201.3329742327292,201.7659454345703,27627600,0.51,0.0
2020-08-20 00:00:00-04:00,201.61203008786043,206.86545699034644,201.00587617403352,206.4613494873047,26981500,0.0,0.0
2020-08-21 00:00:00-04:00,205.76855728649525,208.06813048821607,204.79677615890807,204.96034240722656,36249300,0.0,0.0
2020-08-24 00:00:00-04:00,206.6633835219215,207.3657744393688,204.3926738683329,205.60501098632812,25460100,0.0,0.0
2020-08-25 00:00:00-04:00,205.03732499211057,208.41451815872668,205.03732499211057,208.27981567382812,23043700,0.0,0.0
2020-08-26 00:00:00-04:00,209.63644688516246,213.6871519993567,209.1361171366734,212.78271484375,39600800,0.0,0.0
2020-08-27 00:00:00-04:00,214.4569333982421,222.4044101655853,211.09897262092363,218.00732421875,57602200,0.0,0.0
2020-08-28 00:00:00-04:00,219.54672422050092,221.91365573476995,218.00726957935004,220.24911499023438,26292900,0.0,0.0
2020-08-31 00:00:00-04:00,218.41142331424987,220.04710064066157,215.82319749069768,216.99703979492188,28774200,0.0,0.0
2020-09-01 00:00:00-04:00,216.97778412727217,218.84438623445757,215.93864435580392,218.67120361328125,25725500,0.0,0.0
2020-09-02 00:00:00-04:00,219.34469313601724,224.04967804549815,218.74815570566622,222.8854522705078,34080800,0.0,0.0
2020-09-03 00:00:00-04:00,220.59554489864988,220.63402503378467,206.8269678928897,209.07843017578125,58400300,0.0,0.0
2020-09-04 00:00:00-04:00,206.9615987847595,210.0982499052602,197.4265446533061,206.1437530517578,59664100,0.0,0.0
2020-09-08 00:00:00-04:00,198.68701864529726,202.08345900016425,194.54970733043314,194.9923095703125,52924300,0.0,0.0
2020-09-09 00:00:00-04:00,199.74543088248743,206.71149507532343,198.87947369928466,203.29580688476562,45679000,0.0,0.0
2020-09-10 00:00:00-04:00,205.32597512707235,206.61528719660927,196.38747004293234,197.59979248046875,35461500,0.0,0.0
2020-09-11 00:00:00-04:00,199.36054653866395,200.73644985714606,193.6260524684399,196.31048583984375,33620100,0.0,0.0
2020-09-14 00:00:00-04:00,196.51254409194786,201.28487327965124,196.310483024045,197.63827514648438,30375800,0.0,0.0
2020-09-15 00:00:00-04:00,200.5343879034672,201.8429326320979,199.10075705148796,200.88076782226562,21823900,0.0,0.0
2020-09-16 00:00:00-04:00,202.651119738116,202.67998350393228,196.8973790757412,197.2918701171875,26328100,0.0,0.0
2020-09-17 00:00:00-04:00,192.48108749018274,196.599152008695,192.39449617439635,195.23287963867188,34011300,0.0,0.0
2020-09-18 00:00:00-04:00,195.1270021906011,195.9448333687329,188.82482053085724,192.8081817626953,55225300,0.0,0.0
2020-09-21 00:00:00-04:00,189.7292884517917,195.0404425158831,188.94993727507398,194.87686157226562,39839700,0.0,0.0
2020-09-22 00:00:00-04:00,197.30148017673844,200.22646892541738,194.43423363931558,199.5721893310547,33517100,0.0,0.0
2020-09-23 00:00:00-04:00,200.03403183934446,200.22647652123064,192.4618004778043,193.0006103515625,30803800,0.0,0.0
2020-09-24 00:00:00-04:00,192.28861654480292,197.79219967100948,191.66320069595753,195.5022430419922,31202500,0.0,0.0
2020-09-25 00:00:00-04:00,195.84867444076008,201.13095051039818,194.87687846530346,199.95712280273438,29437300,0.0,0.0
2020-09-28 00:00:00-04:00,202.901343199265,204.52740426447562,200.188031075464,201.5158233642578,32004900,0.0,0.0
2020-09-29 00:00:00-04:00,201.42917871824383,202.12193845234506,198.98527224475677,199.41824340820312,24221900,0.0,0.0
2020-09-30 00:00:00-04:00,199.87049690604192,203.95969745156557,198.72551840426004,202.37213134765625,33829100,0.0,0.0
2020-10-01 00:00:00-04:00,205.41256787340234,205.8936502720816,203.32467202491068,204.42153930664062,27158400,0.0,0.0
2020-10-02 00:00:00-04:00,200.1302793751852,203.00715742653261,197.76334749580505,198.38876342773438,33154800,0.0,0.0
2020-10-05 00:00:00-04:00,199.37979791306213,202.4491060800491,199.14887306776157,202.4202423095703,21331600,0.0,0.0
2020-10-06 00:00:00-04:00,200.91925729376106,202.22778730612757,197.0705981567693,198.11935424804688,28554300,0.0,0.0
2020-10-07 00:00:00-04:00,199.22586655802058,202.16047250873837,198.89873400783478,201.8910675048828,25681100,0.0,0.0
2020-10-08 00:00:00-04:00,202.54529705976978,203.19957672679087,200.43816858114602,202.61265563964844,19925800,0.0,0.0
2020-10-09 00:00:00-04:00,203.23804407432561,207.69287130279915,203.23804407432561,207.64476013183594,26458000,0.0,0.0
2020-10-12 00:00:00-04:00,210.51203414893342,215.3902168251195,208.60695191939405,213.02328491210938,40461400,0.0,0.0
2020-10-13 00:00:00-04:00,214.29333707129456,216.6891326151677,212.0899715436211,214.42803955078125,28950800,0.0,0.0
2020-10-14 00:00:00-04:00,214.5627552760652,215.73659753325902,210.8391821135151,212.50372314453125,23421700,0.0,0.0
2020-10-15 00:00:00-04:00,208.88598158273,212.0226335098149,207.83721080471156,211.34912109375,22733100,0.0,0.0
2020-10-16 00:00:00-04:00,211.82057244426065,213.87960450564168,211.02198858901411,211.34912109375,26057900,0.0,0.0
2020-10-19 00:00:00-04:00,212.08036327672104,213.88923779727742,205.63386205841044,206.1149444580078,27625800,0.0,0.0
2020-10-20 00:00:00-04:00,207.6351696086239,209.14576073086545,205.02769650520895,206.52867126464844,22753500,0.0,0.0
2020-10-21 00:00:00-04:00,205.05655963502218,208.71278884977784,205.05655963502218,206.67300415039062,22724900,0.0,0.0
2020-10-22 00:00:00-04:00,205.83588270915598,207.88529817327458,203.6902595860285,206.7595672607422,22351500,0.0,0.0
2020-10-23 00:00:00-04:00,206.89426399618623,208.09696981148352,205.09502079457104,208.04885864257812,18879600,0.0,0.0
2020-10-26 00:00:00-04:00,205.75894182990785,208.15472270981957,200.2264944052897,202.13157653808594,37111600,0.0,0.0
2020-10-27 00:00:00-04:00,203.5844586966155,206.5479282198085,202.37213626136545,205.18165588378906,36700300,0.0,0.0
2020-10-28 00:00:00-04:00,199.81275844922078,200.9384894820073,194.45350824964038,195.0115509033203,51195600,0.0,0.0
2020-10-29 00:00:00-04:00,196.34896403076615,199.51447954120584,195.67543697276443,196.974365234375,31432600,0.0,0.0
2020-10-30 00:00:00-04:00,195.8005685249777,196.56067238028837,192.06736379802746,194.80953979492188,36953700,0.0,0.0
2020-11-02 00:00:00-05:00,196.5606240570228,197.51317241451213,192.54839893909204,194.67478942871094,30842200,0.0,0.0
2020-11-03 00:00:00-05:00,196.17579759608554,200.24575094427385,195.43492652465187,198.61968994140625,27512000,0.0,0.0
2020-11-04 00:00:00-05:00,205.92249417257187,210.05980533830936,204.38302477274965,208.20281982421875,42311800,0.0,0.0
2020-11-05 00:00:00-05:00,213.6390907342478,215.64039551423602,212.78276454929107,214.841796875,36080100,0.0,0.0
2020-11-06 00:00:00-05:00,213.8507413668018,215.87129330242155,209.78078840779185,215.25550842285156,25231900,0.0,0.0
2020-11-09 00:00:00-05:00,215.94828231340466,219.4890419311931,209.636483216324,210.12718200683594,44395000,0.0,0.0
2020-11-10 00:00:00-05:00,206.38438930601905,208.30871927623832,201.78524185171273,203.02642822265625,44045100,0.0,0.0
2020-11-11 00:00:00-05:00,204.35418705997827,209.79041246102312,204.17137339377663,208.35679626464844,29440800,0.0,0.0
2020-11-12 00:00:00-05:00,208.99185442496946,210.81996195016958,206.34590082290654,207.288818359375,21593900,0.0,0.0
2020-11-13 00:00:00-05:00,208.17397949050766,209.1938718430691,206.05721983858226,208.31829833984375,18621100,0.0,0.0
2020-11-16 00:00:00-05:00,206.7403681212931,209.50179137779625,206.40361921394384,209.01107788085938,24953300,0.0,0.0
2020-11-17 00:00:00-05:00,207.92380529244616,209.44401265541623,205.98022841519293,206.34585571289062,24154100,0.0,0.0
2020-11-18 00:00:00-05:00,206.1046411354363,207.5709642997219,203.48070061825294,203.6254119873047,28372800,0.56,0.0
2020-11-19 00:00:00-05:00,203.91481115785018,205.5065331090335,202.51600825055874,204.91807556152344,24792700,0.0,0.0
2020-11-20 00:00:00-05:00,204.70589892704257,205.7574007337533,202.5835975160934,202.95982360839844,22843100,0.0,0.0
2020-11-23 00:00:00-05:00,203.49999741913365,204.79266987823445,200.80853671877284,202.68966674804688,25683500,0.0,0.0
2020-11-24 00:00:00-05:00,202.18807747793556,206.68350759361277,201.48386241377628,206.30728149414062,33979700,0.0,0.0
2020-11-25 00:00:00-05:00,207.51312294435323,207.68675895454567,204.95671688381378,206.31690979003906,21012900,0.0,0.0
2020-11-27 00:00:00-05:00,207.26227545971778,208.63212439284948,206.48086938611772,207.62884521484375,14512200,0.0,0.0
2020-11-30 00:00:00-05:00,206.53879651260684,207.17547659970663,203.39391807067915,206.50985717773438,33064800,0.0,0.0
2020-12-01 00:00:00-05:00,206.93433591405113,209.64511000927192,205.81531378894712,208.57431030273438,30904500,0.0,0.0
2020-12-02 00:00:00-05:00,207.2912456650541,207.86040553586602,205.2847017300795,207.76393127441406,23724500,0.0,0.0
2020-12-03 00:00:00-05:00,207.03077164621303,208.73826593493447,206.10466880761174,206.67384338378906,25120900,0.0,0.0
2020-12-04 00:00:00-05:00,206.65455667851904,207.77359337524513,205.651277322866,206.78961181640625,24666000,0.0,0.0
2020-12-07 00:00:00-05:00,206.79922235421893,207.92790042020238,205.4679689717251,206.7220458984375,24620000,0.0,0.0
2020-12-08 00:00:00-05:00,206.41341424547676,209.2881681317648,205.37155387221154,208.38136291503906,23284100,0.0,0.0
2020-12-09 00:00:00-05:00,207.56137609469448,207.6288963083449,203.75087791569962,204.32003784179688,32440600,0.0,0.0
2020-12-10 00:00:00-05:00,204.29110568261373,205.5548391872999,202.9308979037148,203.0852508544922,26733300,0.0,0.0
2020-12-11 00:00:00-05:00,202.6318129157423,205.78633271742834,201.7250078879869,205.7284393310547,30979400,0.0,0.0
2020-12-14 00:00:00-05:00,205.57412580594706,208.57429304394526,205.36189419014732,206.63526916503906,28798400,0.0,0.0
2020-12-15 00:00:00-05:00,207.57102904235464,207.81220001276031,204.74451233475608,206.56776428222656,27000600,0.0,0.0
2020-12-16 00:00:00-05:00,207.16584180738437,212.3365474582881,207.13690247156956,211.53585815429688,35023300,0.0,0.0
2020-12-17 00:00:00-05:00,212.1050337443236,213.08901539454547,210.2239031776549,211.67092895507812,32515800,0.0,0.0
2020-12-18 00:00:00-05:00,210.87020874023438,211.9313667097204,208.39097925866105,210.87020874023438,63354900,0.0,0.0
2020-12-21 00:00:00-05:00,209.8669732897354,216.08918114203118,209.60650453017766,214.72897338867188,37181900,0.0,0.0
2020-12-22 00:00:00-05:00,214.82541066099722,217.66158303018838,214.01507990405824,216.03126525878906,22612200,0.0,0.0
2020-12-23 00:00:00-05:00,215.23057129663013,215.6646759982883,213.00215440420112,213.21438598632812,18699600,0.0,0.0
2020-12-24 00:00:00-05:00,213.60028482209808,215.71294469525253,213.38805320891043,214.88331604003906,10550600,0.0,0.0
2020-12-28 00:00:00-05:00,216.52326066509002,218.04746272776887,215.1437699941289,217.0152587890625,17933500,0.0,0.0
2020-12-29 00:00:00-05:00,218.31760744104608,219.15687770978704,215.68402455920148,216.23388671875,17403200,0.0,0.0
2020-12-30 00:00:00-05:00,217.2757197795498,217.6616021166235,213.64851413049317,213.85108947753906,20272300,0.0,0.0
2020-12-31 00:00:00-05:00,213.87039840086666,215.12449030176415,211.9217329770077,214.56497192382812,20942100,0.0,0.0
2021-01-04 00:00:00-05:00,214.67104892063756,215.12445140837312,207.2236900530334,210.00198364257812,37130100,0.0,0.0
2021-01-05 00:00:00-05:00,209.58719281314148,210.80270379708463,208.08228847102743,210.20458984375,23823000,0.0,0.0
2021-01-06 00:00:00-05:00,204.67692815590632,208.84436858746082,204.455055038086,204.7541046142578,35930700,0.0,0.0
2021-01-07 00:00:00-05:00,206.4809345087238,211.59376209867375,206.16260177673922,210.58084106445312,27694500,0.0,0.0
2021-01-08 00:00:00-05:00,210.9570559155459,212.78996405087463,209.36533346109607,211.86386108398438,22956200,0.0,0.0
2021-01-11 00:00:00-05:00,210.7544373653858,211.17890052490347,209.0758825218125,209.80905151367188,23031300,0.0,0.0
2021-01-12 00:00:00-05:00,208.85405350778225,209.4328697056975,205.78636593059068,207.33949279785156,23249300,0.0,0.0
2021-01-13 00:00:00-05:00,206.46161789406628,209.10484191756842,206.37478517044826,208.69967651367188,20087100,0.0,0.0
2021-01-14 00:00:00-05:00,208.28486838376134,209.78013111431568,205.22682271567444,205.49693298339844,29480800,0.0,0.0
2021-01-15 00:00:00-05:00,205.97929960679494,206.93432719678094,204.54191537229212,205.1400146484375,31746500,0.0,0.0
2021-01-19 00:00:00-05:00,206.2011410675174,209.3170652998531,205.12070003287826,208.796142578125,30480900,0.0,0.0
2021-01-20 00:00:00-05:00,210.01164538751647,217.81593324197758,209.61612152485435,216.41714477539062,37777300,0.0,0.0
2021-01-21 00:00:00-05:00,216.76446409311393,218.30796418338835,214.56498603241292,217.02493286132812,30709400,0.0,0.0
2021-01-22 00:00:00-05:00,219.06040382451215,221.94481374827697,217.82560971130675,217.97030639648438,30172700,0.0,0.0
2021-01-25 00:00:00-05:00,221.0283347746538,221.6650295786433,216.30139031573844,221.42385864257812,33152100,0.0,0.0
2021-01-26 00:00:00-05:00,223.67156695835445,225.90962552490151,221.95443112163733,224.12496948242188,49169600,0.0,0.0
2021-01-27 00:00:00-05:00,229.5947281242748,231.94855878459933,222.01231340498785,224.67483520507812,69870600,0.0,0.0
2021-01-28 00:00:00-05:00,227.28915496140732,234.0708810247615,226.78751525444332,230.4918975830078,49111200,0.0,0.0
2021-01-29 00:00:00-05:00,227.65574104136587,229.61404802749493,223.17960868451274,223.76806640625,42503100,0.0,0.0
2021-02-01 00:00:00-05:00,226.758582343544,233.93583250847365,224.22145911978276,231.1864776611328,33314200,0.0,0.0
2021-02-02 00:00:00-05:00,232.77819906978667,233.75252438846982,230.26037381506274,231.05140686035156,25916300,0.0,0.0
2021-02-03 00:00:00-05:00,231.10933878020202,236.43438353547978,230.8102743938084,234.41819763183594,27158100,0.0,0.0
2021-02-04 00:00:00-05:00,234.09015750462424,234.64967583453253,231.88102351930485,233.46310424804688,25296100,0.0,0.0
2021-02-05 00:00:00-05:00,233.67534741680137,234.68826832765416,231.92927213385542,233.6464080810547,18054800,0.0,0.0
2021-02-08 00:00:00-05:00,234.56286881199966,235.074150067436,232.30551216876293,233.90689086914062,22211900,0.0,0.0
2021-02-09 00:00:00-05:00,233.32807212451993,236.1160077909551,232.855386470844,235.16098022460938,23565000,0.0,0.0
2021-02-10 00:00:00-05:00,236.3475102699276,237.23501752169543,232.3826596108889,234.2445068359375,22186700,0.0,0.0
2021-02-11 00:00:00-05:00,236.13526631242522,236.4921945580624,233.5981435634139,235.8555145263672,15751100,0.0,0.0
2021-02-12 00:00:00-05:00,235.3152830417069,236.6369096930941,234.15766556946718,236.33786010742188,16561100,0.0,0.0
2021-02-16 00:00:00-05:00,236.37649141782472,237.43764958042757,234.34100782949233,235.0934600830078,26728500,0.0,0.0
2021-02-17 00:00:00-05:00,233.33366904191027,236.2247073752917,232.9662401886476,236.11834716796875,21653500,0.56,0.0
2021-02-18 00:00:00-05:00,233.7977758772666,235.85727476251574,232.88888225714146,235.72190856933594,16925600,0.0,0.0
2021-02-19 00:00:00-05:00,235.6832818997468,235.78964212480784,232.23142121224726,232.9952850341797,25262600,0.0,0.0
2021-02-22 00:00:00-05:00,229.56273767902795,230.05585424921347,224.70886718440133,226.74903869628906,36446900,0.0,0.0
2021-02-23 00:00:00-05:00,222.70735938022432,227.05843439973523,221.160304582875,225.55006408691406,30228700,0.0,0.0
2021-02-24 00:00:00-05:00,222.39798980672632,227.41623309017828,221.42142029496333,226.78775024414062,26339700,0.0,0.0
2021-02-25 00:00:00-05:00,224.39947825786928,226.8264062711417,220.3384772391073,221.4117431640625,39542200,0.0,0.0
2021-02-26 00:00:00-05:00,223.86765375241166,227.58056773813183,221.9435062853108,224.6895294189453,37819200,0.0,0.0
2021-03-01 00:00:00-05:00,228.09301226554177,229.61106105369544,225.43402201560778,229.09860229492188,25324000,0.0,0.0
2021-03-02 00:00:00-05:00,229.16633256873732,229.44674350580195,225.7241503681337,226.1302490234375,22812500,0.0,0.0
2021-03-03 00:00:00-05:00,224.47679360019754,225.84979769588546,219.73894760417375,220.02902221679688,34029500,0.0,0.0
2021-03-04 00:00:00-05:00,219.23617996323304,224.79588713553701,216.83824346443632,219.22650146484375,44727800,0.0,0.0
2021-03-05 00:00:00-05:00,221.9241981632992,225.5500945018356,218.9654691116631,223.93536376953125,41872800,0.0,0.0
2021-03-08 00:00:00-05:00,223.71293453599736,225.64674565461442,219.61326440696627,219.86465454101562,35267400,0.0,0.0
2021-03-09 00:00:00-05:00,225.17298846393138,227.5902525456764,224.0030261566908,226.04319763183594,33080500,0.0,0.0
2021-03-10 00:00:00-05:00,229.15665567677576,229.15665567677576,224.36079681312953,224.7282257080078,29746800,0.0,0.0
2021-03-11 00:00:00-05:00,227.18411972008545,231.2547835582754,226.55562230124332,229.2823028564453,29907600,0.0,0.0
2021-03-12 00:00:00-05:00,226.26556182432373,228.01567325822828,225.5113766776943,227.94798278808594,22653700,0.0,0.0
2021-03-15 00:00:00-04:00,227.18412243585888,227.4065065694642,224.1383612630768,227.03907775878906,26034900,0.0,0.0
2021-03-16 00:00:00-04:00,228.46044178352972,232.11534357598322,228.131697438005,229.84312438964844,28092200,0.0,0.0
2021-03-17 00:00:00-04:00,228.33475184620352,230.65533414161612,225.5113892608555,229.19529724121094,29562100,0.0,0.0
2021-03-18 00:00:00-04:00,224.86356013012343,226.43962095239084,222.70736481006173,223.08445739746094,34833000,0.0,0.0
2021-03-19 00:00:00-04:00,223.37452477855553,224.7765348783474,221.75979427699573,222.72669982910156,46430700,0.0,0.0
2021-03-22 00:00:00-04:00,222.64938237697024,229.05995721331718,222.52367991322274,228.18008422851562,30127000,0.0,0.0
2021-03-23 00:00:00-04:00,229.63045028573708,233.0726323712461,229.22435164401185,229.71746826171875,31638400,0.0,0.0
2021-03-24 00:00:00-04:00,229.97852178181688,230.12355173222502,227.53225159286734,227.66761779785156,25620100,0.0,0.0
2021-03-25 00:00:00-04:00,227.5128800646398,229.09860458484349,223.9063264752013,224.6508331298828,34061900,0.0,0.0
2021-03-26 00:00:00-04:00,223.88701638085823,228.8762533024649,223.88701638085823,228.6538543701172,25479900,0.0,0.0
2021-03-29 00:00:00-04:00,228.7601781284446,228.96323478348515,224.20606129795812,227.45486450195312,25227500,0.0,0.0
2021-03-30 00:00:00-04:00,225.801457268997,226.1108741341666,223.45188380857425,224.17706298828125,24792000,0.0,0.0
2021-03-31 00:00:00-04:00,225.20199547913245,231.18714373342434,224.69920041677108,227.96734619140625,43623500,0.0,0.0
2021-04-01 00:00:00-04:00,230.5779761914017,234.80334887949442,230.17187761588366,234.32957458496094,30338000,0.0,0.0
2021-04-05 00:00:00-04:00,234.72602212026308,241.68775495440264,234.66801013894693,240.82720947265625,36910600,0.0,0.0
2021-04-06 00:00:00-04:00,239.41551540190804,241.14627007299995,238.70967838838214,239.65724182128906,22931900,0.0,0.0
2021-04-07 00:00:00-04:00,239.60890083833849,242.62564192229542,239.00942402134964,241.62973022460938,22719800,0.0,0.0
2021-04-08 00:00:00-04:00,244.4046944472387,245.72935019100134,243.6601731205269,244.86880493164062,23625200,0.0,0.0
2021-04-09 00:00:00-04:00,244.5014080052493,247.51816343154542,244.08564568986765,247.38279724121094,24326800,0.0,0.0
2021-04-12 00:00:00-04:00,246.28052740899415,249.1425744248552,246.19349469367526,247.44081115722656,27148700,0.0,0.0
2021-04-13 00:00:00-04:00,248.74614977442516,250.6122705431789,248.3303579311484,249.9354248046875,23837500,0.0,0.0
2021-04-14 00:00:00-04:00,248.95887451247958,250.26417351882526,246.71564634853144,247.13140869140625,23070900,0.0,0.0
2021-04-15 00:00:00-04:00,249.39395369349947,251.3277648885937,249.20059027856033,250.91200256347656,25627500,0.0,0.0
2021-04-16 00:00:00-04:00,250.88303276835194,252.36239736570812,249.07492376131896,252.11099243164062,24878600,0.0,0.0
2021-04-19 00:00:00-04:00,251.57919485902204,252.8265114662994,249.28763308567483,250.1771697998047,23209300,0.0,0.0
2021-04-20 00:00:00-04:00,249.2876176321232,251.58885776219208,248.34003948808945,249.7130584716797,19722900,0.0,0.0
2021-04-21 00:00:00-04:00,250.37049769332123,252.0529037211831,248.73642513454942,251.95620727539062,24030400,0.0,0.0
2021-04-22 00:00:00-04:00,251.59845946408058,253.11650810591743,247.1797092193434,248.65908813476562,25606200,0.0,0.0
2021-04-23 00:00:00-04:00,249.34564477879303,252.85551716485244,248.75581696222662,252.50741577148438,21462600,0.0,0.0
2021-04-26 00:00:00-04:00,253.00057053665708,253.75475586654355,251.55989036347435,252.89419555664062,19763300,0.0,0.0
2021-04-27 00:00:00-04:00,252.92313986559907,254.47987313939635,251.51146602986665,253.3002471923828,31014200,0.0,0.0
2021-04-28 00:00:00-04:00,247.60516865114695,248.04996646470292,244.5787642096817,246.13548278808594,46903100,0.0,0.0
2021-04-29 00:00:00-04:00,247.00570354871914,247.6245225237297,240.75948707118079,244.1533203125,40589000,0.0,0.0
2021-04-30 00:00:00-04:00,241.4750367583464,244.70449828122986,241.33967054941743,243.8342742919922,30945100,0.0,0.0
2021-05-03 00:00:00-04:00,245.01386941830933,245.93244152740905,242.8093258640867,243.52484130859375,19626600,0.0,0.0
2021-05-04 00:00:00-04:00,242.6642906822587,242.8963533290899,237.62670619996604,239.5895233154297,32756100,0.0,0.0
2021-05-05 00:00:00-04:00,240.81749904999444,241.2429398616624,237.6847344437271,238.31321716308594,21901300,0.0,0.0
2021-05-06 00:00:00-04:00,238.2938677763207,241.59101921408728,236.5921193344772,241.46531677246094,26491100,0.0,0.0
2021-05-07 00:00:00-04:00,243.80522735649544,245.88408313126567,242.8576640531263,244.10498046875,27032900,0.0,0.0
2021-05-10 00:00:00-04:00,242.5675784860388,243.3991178076386,238.9416828547269,238.99969482421875,29299900,0.0,0.0
2021-05-11 00:00:00-04:00,236.45676717461123,238.43892660322572,234.54229821975156,238.08116149902344,33641600,0.0,0.0
2021-05-12 00:00:00-04:00,234.15555875253995,236.2924269065027,230.1912541137073,231.09046936035156,36684400,0.0,0.0
2021-05-13 00:00:00-04:00,233.79780118465277,237.47204579500448,233.43037229747455,234.98709106445312,29624300,0.0,0.0
2021-05-14 00:00:00-04:00,237.45268231578646,240.9335336718373,237.36566435149217,239.9376220703125,23901100,0.0,0.0
2021-05-17 00:00:00-04:00,238.39057338540377,238.42924311687713,235.46085066217177,237.06590270996094,24970200,0.0,0.0
2021-05-18 00:00:00-04:00,238.11986234133778,238.25522854433697,234.8613802164558,235.03543090820312,20168000,0.0,0.0
2021-05-19 00:00:00-04:00,231.92446802490932,235.72348812129565,231.23638816112967,235.61688232421875,25739800,0.56,0.0
2021-05-20 00:00:00-04:00,236.43096653820805,240.2978185698106,236.33404680110684,238.87318420410156,21800700,0.0,0.0
2021-05-21 00:00:00-04:00,239.9295785121088,240.66611830409525,237.18691532018093,237.6036376953125,21863100,0.0,0.0
2021-05-24 00:00:00-04:00,240.14278312039954,243.40878938683147,239.87142556782467,243.04051208496094,21411500,0.0,0.0
2021-05-25 00:00:00-04:00,243.99995218179816,244.94970356838164,243.07927376097604,243.9514923095703,17704300,0.0,0.0
2021-05-26 00:00:00-04:00,243.67044645534367,245.13385481735335,243.0114394803578,243.72860717773438,17771600,0.0,0.0
2021-05-27 00:00:00-04:00,243.4184577609893,243.71888825894953,241.55771405514977,241.61585998535156,24426200,0.0,0.0
2021-05-28 00:00:00-04:00,243.25371117130643,244.30038230069232,241.85814966545857,241.9744415283203,18270200,0.0,0.0
2021-06-01 00:00:00-04:00,243.47660235766526,243.53474828754858,239.33839261028746,239.76480102539062,23213300,0.0,0.0
2021-06-02 00:00:00-04:00,240.4722789790177,241.57709599376332,238.25294410277462,239.6678924560547,19406700,0.0,0.0
2021-06-03 00:00:00-04:00,237.65210054108795,238.73753072977723,235.50061228288084,238.12698364257812,25307700,0.0,0.0
2021-06-04 00:00:00-04:00,240.1136832360692,243.8836303701646,239.871398677868,243.0501708984375,25281100,0.0,0.0
2021-06-07 00:00:00-04:00,242.2651882796942,246.24834728727228,242.10043654311272,245.97698974609375,23079200,0.0,0.0
2021-06-08 00:00:00-04:00,247.28534862837452,248.1091221533289,244.71712308979068,244.77528381347656,22455000,0.0,0.0
2021-06-09 00:00:00-04:00,245.97700556822116,247.64392473575538,245.39553142309762,245.7637939453125,17937600,0.0,0.0
2021-06-10 00:00:00-04:00,246.44216202928786,249.51432854393602,245.84130103923167,249.30111694335938,24563600,0.0,0.0
2021-06-11 00:00:00-04:00,250.0279814783494,250.51255063014324,248.69056588727776,249.93109130859375,18999700,0.0,0.0
2021-06-14 00:00:00-04:00,249.9407641590007,251.9275154393582,248.87470610316913,251.86936950683594,19150500,0.0,0.0
2021-06-15 00:00:00-04:00,251.75305476424782,251.9662663810869,249.727559192154,250.38656616210938,18038900,0.0,0.0
2021-06-16 00:00:00-04:00,251.39449277512313,252.53806897861668,246.56818772730358,249.4368438720703,27220000,0.0,0.0
2021-06-17 00:00:00-04:00,248.16725010104045,253.67194851407228,248.10910416944708,252.84817504882812,27565500,0.0,0.0
2021-06-18 00:00:00-04:00,251.61737769533121,254.20496035415408,250.76453127231352,251.4235382080078,37202200,0.0,0.0
2021-06-21 00:00:00-04:00,251.80150418969717,255.38729792618972,249.96014745195754,254.5247802734375,26696100,0.0,0.0
2021-06-22 00:00:00-04:00,254.61204404349655,257.587306057869,254.3019126543764,257.3159484863281,24694100,0.0,0.0
2021-06-23 00:00:00-04:00,257.78100196452465,258.5950743190414,256.26914908103015,257.0832214355469,19518700,0.0,0.0
2021-06-24 00:00:00-04:00,257.94583058586295,259.58367653357374,257.2771228521467,258.45947265625,21446900,0.0,0.0
2021-06-25 00:00:00-04:00,258.0137126293254,259.00222309545813,256.58907807697693,256.8410339355469,25611100,0.0,0.0
2021-06-28 00:00:00-04:00,257.97496083991825,260.60131770189014,257.7036032627672,260.4268798828125,19590000,0.0,0.0
2021-06-29 00:00:00-04:00,260.5721903554941,263.2663934434633,259.70967271287435,263.02410888671875,19937800,0.0,0.0
2021-06-30 00:00:00-04:00,262.33600953234,262.9853155337439,261.27965249252287,262.5395202636719,21656500,0.0,0.0
2021-07-01 00:00:00-04:00,261.28935129983205,263.45054026043147,261.27968002877276,263.21795654296875,16725300,0.0,0.0
2021-07-02 00:00:00-04:00,264.400282922575,269.4204115504062,264.0901516096608,269.0812072753906,26458000,0.0,0.0
2021-07-06 00:00:00-04:00,269.4495493778783,270.74819129061393,265.8346524823873,269.0909729003906,31565600,0.0,0.0
2021-07-07 00:00:00-04:00,270.77722094799395,272.0274175708418,268.5966598869987,271.2908630371094,23260000,0.0,0.0
2021-07-08 00:00:00-04:00,268.35439706096736,270.12793676331876,266.3870474385027,268.8583679199219,24618600,0.0,0.0
2021-07-09 00:00:00-04:00,267.21081645275507,269.46889570541214,266.82316704327263,269.3623046875,23916700,0.0,0.0
2021-07-12 00:00:00-04:00,270.54468575890155,271.13584600066656,268.04429206472025,268.761474609375,18931700,0.0,0.0
2021-07-13 00:00:00-04:00,268.9552923785375,274.1208168867951,268.8293292234957,272.30853271484375,26120100,0.0,0.0
2021-07-14 00:00:00-04:00,273.63622459496327,274.90579349318665,271.89175778408145,273.7912902832031,23113700,0.0,0.0
2021-07-15 00:00:00-04:00,273.2969989220083,273.7912689162148,271.19395581058893,272.35693359375,22604200,0.0,0.0
2021-07-16 00:00:00-04:00,273.3648409129834,275.3321904324174,270.8353746304237,272.0855712890625,26186800,0.0,0.0
2021-07-19 00:00:00-04:00,270.32175815873427,271.7173197761121,265.9800371942306,268.4610290527344,32935600,0.0,0.0
2021-07-20 00:00:00-04:00,269.4494496360566,272.29871785619,267.73408594260735,270.69964599609375,26259700,0.0,0.0
2021-07-21 00:00:00-04:00,270.2926693562295,272.83180700206157,268.7323708699564,272.71551513671875,24364300,0.0,0.0
2021-07-22 00:00:00-04:00,275.0801988860873,277.58059214764467,274.6731773812075,277.3092346191406,23384100,0.0,0.0
2021-07-23 00:00:00-04:00,278.5012802330606,281.04041795355755,277.6581346087778,280.7303161621094,22768100,0.0,0.0
2021-07-26 00:00:00-04:00,280.08097996218163,280.749687782131,277.79382767857606,280.1294250488281,23176100,0.0,0.0
2021-07-27 00:00:00-04:00,280.49763209766206,280.6429968969491,274.21763616248074,277.69683837890625,33604100,0.0,0.0
2021-07-28 00:00:00-04:00,280.0712515550925,281.19545546676426,275.0704946690018,277.3867492675781,33566900,0.0,0.0
2021-07-29 00:00:00-04:00,277.40612616035014,279.71267995195393,277.2510604896139,277.6581115722656,18168300,0.0,0.0
2021-07-30 00:00:00-04:00,276.36923400479174,277.81324087914425,275.1481100528774,276.11724853515625,20944800,0.0,0.0
2021-08-02 00:00:00-04:00,277.52245058070406,277.91980086313254,274.98331277295944,276.0299987792969,16267400,0.0,0.0
2021-08-03 00:00:00-04:00,276.6115155470413,278.365653814384,275.23532590418637,278.259033203125,17879000,0.0,0.0
2021-08-04 00:00:00-04:00,277.38675778162667,278.71447248399744,275.8652035942845,277.6678161621094,16191300,0.0,0.0
2021-08-05 00:00:00-04:00,278.02639026152593,280.69152049091053,277.27046359767604,280.58489990234375,13900200,0.0,0.0
2021-08-06 00:00:00-04:00,279.6060698594421,280.5655072074138,278.7435226702853,280.5267333984375,16589300,0.0,0.0
2021-08-09 00:00:00-04:00,280.80779939388214,282.55223636050647,278.9276688800252,279.4316101074219,16117600,0.0,0.0
2021-08-10 00:00:00-04:00,279.8871585347895,280.32328264578575,276.39828394984676,277.6000061035156,18616600,0.0,0.0
2021-08-11 00:00:00-04:00,278.3461941198243,279.751456440991,277.0378515407644,278.09423828125,13955900,0.0,0.0
2021-08-12 00:00:00-04:00,277.7841443008925,281.021063007531,277.50308588370405,280.8659973144531,14561300,0.0,0.0
2021-08-13 00:00:00-04:00,280.54617288448674,283.86060939257436,280.37170550846537,283.8121643066406,18249000,0.0,0.0
2021-08-16 00:00:00-04:00,284.14162927406903,285.7213292613481,281.0694481878223,285.50811767578125,22507600,0.0,0.0
2021-08-17 00:00:00-04:00,283.3663255302338,284.3742079389231,282.09672730974523,284.0350036621094,20075300,0.0,0.0
2021-08-18 00:00:00-04:00,283.56902704774615,286.2683885255345,281.85034912127685,282.2970275878906,21813000,0.56,0.0
2021-08-19 00:00:00-04:00,280.3161283728074,288.8414504972894,280.26759054859315,288.1617431640625,29850500,0.0,0.0
2021-08-20 00:00:00-04:00,291.02622103620047,296.9686974957663,289.4143680042962,295.5316162109375,40817600,0.0,0.0
2021-08-23 00:00:00-04:00,294.45384713322585,296.5414777156917,293.09446184457664,295.813232421875,22830200,0.0,0.0
2021-08-24 00:00:00-04:00,296.1724501915496,296.7841808862447,293.2400602566373,293.8420715332031,18175800,0.0,0.0
2021-08-25 00:00:00-04:00,295.47330963483773,295.7549060463655,291.705879753197,293.249755859375,20006100,0.0,0.0
2021-08-26 00:00:00-04:00,292.2593717706494,293.657605009389,290.27856604274746,290.41448974609375,17666100,0.0,0.0
2021-08-27 00:00:00-04:00,290.3174090188955,292.1428819923992,288.2200589833195,291.0262451171875,22605700,0.0,0.0
2021-08-30 00:00:00-04:00,292.3855499647393,295.39563565870895,292.3272927269257,294.7839050292969,16348100,0.0,0.0
2021-08-31 00:00:00-04:00,295.5898670496247,295.6675334947297,292.7545528691658,293.12353515625,26285300,0.0,0.0
2021-09-01 00:00:00-04:00,294.08476207278625,296.3374738400447,292.7447864589452,293.0749206542969,18983800,0.0,0.0
2021-09-02 00:00:00-04:00,293.4342950060203,294.5606215716799,291.47286885410915,292.41473388671875,16285600,0.0,0.0
2021-09-03 00:00:00-04:00,292.25932604742155,293.8226410017637,291.55051975237325,292.4049987792969,14747900,0.0,0.0
2021-09-07 00:00:00-04:00,292.27881120532527,292.3564776599139,289.5503213901356,291.4728698730469,17180400,0.0,0.0
2021-09-08 00:00:00-04:00,291.08446350164445,291.8903751604786,288.841470630968,291.5019836425781,15046800,0.0,0.0
2021-09-09 00:00:00-04:00,292.0942922848566,293.3760109065936,288.3850897427263,288.6278381347656,19927000,0.0,0.0
2021-09-10 00:00:00-04:00,289.76392129871317,291.2204116894065,286.81209247651026,287.13250732421875,19633400,0.0,0.0
2021-09-13 00:00:00-04:00,288.91908965563766,289.8803933226824,285.5497411934658,288.3753356933594,23652900,0.0,0.0
2021-09-14 00:00:00-04:00,290.870838052277,292.6477729197862,289.45319570500504,291.09417724609375,21853400,0.0,0.0
2021-09-15 00:00:00-04:00,294.4635238634247,296.4637682765353,293.0652907314132,295.978271484375,28356300,0.0,0.0
2021-09-16 00:00:00-04:00,294.9489959662169,296.45402404298306,292.0360154570927,296.36663818359375,19550800,0.0,0.0
2021-09-17 00:00:00-04:00,295.3471347187819,295.66754956676783,290.84171021613025,291.1718444824219,41372500,0.0,0.0
2021-09-20 00:00:00-04:00,287.7344822603083,290.05517087983486,281.12201909253474,285.76336669921875,38278700,0.0,0.0
2021-09-21 00:00:00-04:00,287.1131305042579,288.90947478186877,285.5401254460653,286.2489318847656,22364100,0.0,0.0
2021-09-22 00:00:00-04:00,288.12290574014423,291.51166350007026,285.9672990311042,289.9192199707031,26626300,0.0,0.0
2021-09-23 00:00:00-04:00,290.1814524287198,292.17197751848266,288.8997337245694,290.870849609375,18604600,0.0,0.0
2021-09-24 00:00:00-04:00,289.5794230949498,291.1038604794902,288.3171136743252,290.66693115234375,14999000,0.0,0.0
2021-09-27 00:00:00-04:00,287.55006565328637,287.87048051053665,284.44287420766045,285.63720703125,23571700,0.0,0.0
2021-09-28 00:00:00-04:00,281.3939198719329,282.34550422174806,274.54842717463856,275.29608154296875,43186200,0.0,0.0
2021-09-29 00:00:00-04:00,276.83039792046986,278.4519413215285,274.80102399734017,275.7622985839844,26353700,0.0,0.0
2021-09-30 00:00:00-04:00,277.42253659950734,279.48103801905324,273.45117685474776,273.74249267578125,32343600,0.0,0.0
2021-10-01 00:00:00-04:00,273.93668794090405,281.5687124397736,273.13077635513565,280.7142333984375,30086300,0.0,0.0
2021-10-04 00:00:00-04:00,279.0635505147171,279.40340419607827,272.1209523056505,274.8979797363281,31350700,0.0,0.0
2021-10-05 00:00:00-04:00,275.81072351011215,281.9765388699804,275.81072351011215,280.3841247558594,24993000,0.0,0.0
2021-10-06 00:00:00-04:00,277.49057010387935,285.1128763474515,277.2284124803731,284.6079406738281,28002600,0.0,0.0
2021-10-07 00:00:00-04:00,286.61790021974554,288.0355722925851,285.39446836339914,286.2974853515625,20430500,0.0,0.0
2021-10-08 00:00:00-04:00,287.62774191888644,288.0355722925851,285.2391058225794,286.2974853515625,17685700,0.0,0.0
2021-10-11 00:00:00-04:00,284.42349619082785,289.3270026702563,284.2584142186207,285.69549560546875,19298600,0.0,0.0
2021-10-12 00:00:00-04:00,286.7732182450528,286.8703235220384,283.86995714711463,284.38458251953125,17974100,0.0,0.0
2021-10-13 00:00:00-04:00,286.3557028874454,288.65695279146564,284.97687904912493,287.715087890625,23416300,0.0,0.0
2021-10-14 00:00:00-04:00,290.531027152516,294.473259346029,289.1910510570346,293.9683532714844,27262900,0.0,0.0
2021-10-15 00:00:00-04:00,293.57020251326225,295.6190144253903,291.8029870432012,295.3859558105469,25384800,0.0,0.0
2021-10-18 00:00:00-04:00,294.76455037450006,299.2699455159141,293.9100712186177,298.37664794921875,22729300,0.0,0.0
2021-10-19 00:00:00-04:00,299.4058516370183,300.3282776825518,298.3086242408921,299.2893371582031,17682100,0.0,0.0
2021-10-20 00:00:00-04:00,300.2409100982718,300.7167170922215,297.23082413872754,298.4931335449219,16537100,0.0,0.0
2021-10-21 00:00:00-04:00,298.26013847986417,301.99844040130466,297.4736063458333,301.7460021972656,16918100,0.0,0.0
2021-10-22 00:00:00-04:00,301.39643602561927,302.06642404358996,298.87184650031855,300.1924133300781,17449300,0.0,0.0
2021-10-25 00:00:00-04:00,300.38656389761695,300.425411938426,297.5706884026041,299.1922607421875,17554500,0.0,0.0
2021-10-26 00:00:00-04:00,301.9789750399638,303.33835999791415,299.648596593139,301.1147766113281,28107300,0.0,0.0
2021-10-27 00:00:00-04:00,306.83398322982805,316.64102469624345,306.83398322982805,313.7960205078125,52588700,0.0,0.0
2021-10-28 00:00:00-04:00,314.9223031089949,315.4466478865551,312.03845128096805,314.9417419433594,26297900,0.0,0.0
2021-10-29 00:00:00-04:00,314.72818243443317,322.3698978624627,314.5048432230782,322.00091552734375,34766000,0.0,0.0
2021-11-01 00:00:00-04:00,321.7484299201284,321.87466383121,316.9031812654862,319.816162109375,27073200,0.0,0.0
2021-11-02 00:00:00-04:00,320.7289535110675,323.7778882077054,320.42794780947315,323.4671630859375,26487100,0.0,0.0
2021-11-03 00:00:00-04:00,324.2147538453636,325.18574743557576,321.05902467717414,324.3118591308594,21500100,0.0,0.0
2021-11-04 00:00:00-04:00,323.2341060543829,326.77822712235803,319.95214261697197,326.6811218261719,23992200,0.0,0.0
2021-11-05 00:00:00-04:00,328.69111089850526,328.96298796908593,324.71974993106187,326.3121643066406,22570100,0.0,0.0
2021-11-08 00:00:00-05:00,327.51615459432156,327.85600830691146,324.73912690846595,327.21514892578125,20897000,0.0,0.0
2021-11-09 00:00:00-05:00,327.331648801366,328.89496395648536,324.8264982710298,326.205322265625,21307400,0.0,0.0
2021-11-10 00:00:00-05:00,324.8653463513802,324.92360359867104,320.3502318920936,321.2046813964844,25500900,0.0,0.0
2021-11-11 00:00:00-05:00,321.64161873709384,324.08851185575685,320.9230929806138,322.7873840332031,16849800,0.0,0.0
2021-11-12 00:00:00-05:00,324.2342626608329,327.4482497675148,324.1080287256808,326.9530334472656,23831000,0.0,0.0
2021-11-15 00:00:00-05:00,327.7491695581291,328.0793038076269,324.34097273197,326.3218078613281,16723000,0.0,0.0
2021-11-16 00:00:00-05:00,325.9431865849126,330.7884657213054,325.77813423562105,329.662109375,20886800,0.0,0.0
2021-11-17 00:00:00-05:00,329.7106507204873,332.872153072299,328.79624458842125,329.8857421875,19053400,0.62,0.0
2021-11-18 00:00:00-05:00,328.97137790759274,333.12512514075434,327.94024399966935,331.97723388671875,22463500,0.0,0.0
2021-11-19 00:00:00-05:00,333.30994693317655,335.7029529636877,332.8819257327162,333.7671203613281,21963400,0.0,0.0
2021-11-22 00:00:00-05:00,335.23602357528745,340.1485303404113,330.3040720955403,330.5764465332031,31031100,0.0,0.0
2021-11-23 00:00:00-05:00,327.8721963877755,330.2068687050055,324.4772377615812,328.48504638671875,30427600,0.0,0.0
2021-11-24 00:00:00-05:00,327.12312025923825,328.9519327535902,324.8176599269324,328.708740234375,21661300,0.0,0.0
2021-11-26 00:00:00-05:00,325.24569992527694,328.72820393952577,319.1853313091534,320.7028503417969,24217200,0.0,0.0
2021-11-29 00:00:00-05:00,325.8195783761422,329.7982040185201,325.62501250616555,327.46356201171875,28563500,0.0,0.0
2021-11-30 00:00:00-05:00,326.1892561785547,328.58226215914226,320.0316052151952,321.5880432128906,42885600,0.0,0.0
2021-12-01 00:00:00-05:00,326.00445640096814,330.0414464781885,320.4207653890021,321.0919494628906,33337600,0.0,0.0
2021-12-02 00:00:00-05:00,321.30588557874404,324.40902392968104,318.8739608326543,320.5179443359375,30766000,0.0,0.0
2021-12-03 00:00:00-05:00,322.94996534910626,323.64065355721925,309.37010183120765,314.2145080566406,41779300,0.0,0.0
2021-12-06 00:00:00-05:00,315.1288962489507,318.5335917121706,310.53742003680196,317.3078918457031,30032600,0.0,0.0
2021-12-07 00:00:00-05:00,322.60945597891174,326.65615304128755,321.11138187163976,325.8001403808594,31021900,0.0,0.0
2021-12-08 00:00:00-05:00,326.17952365557323,326.36435234032024,321.7923212227663,325.8487854003906,24761000,0.0,0.0
2021-12-09 00:00:00-05:00,325.30408120640084,327.32743012958736,323.07642916997037,324.0297546386719,22214200,0.0,0.0
2021-12-10 00:00:00-05:00,325.85850760694785,333.6601123753168,325.6736789307053,333.212646484375,38095700,0.0,0.0
2021-12-13 00:00:00-05:00,331.4033171728672,334.4286476814138,329.8468790444135,330.1581726074219,28899400,0.0,0.0
2021-12-14 00:00:00-05:00,324.14647619151833,325.52782289057154,315.28452453431606,319.39935302734375,44438700,0.0,0.0
2021-12-15 00:00:00-05:00,319.66190648845094,326.06274913300945,315.66383640024435,325.5374450683594,35381100,0.0,0.0
2021-12-16 00:00:00-05:00,326.56858868880596,327.59001493914315,314.2241357585092,316.0529479980469,35034800,0.0,0.0
2021-12-17 00:00:00-05:00,312.1424081741553,316.0724068561132,308.6112487109197,314.9828796386719,47750300,0.0,0.0
2021-12-20 00:00:00-05:00,311.3350249012845,314.0101423864705,308.922574314058,311.1988525390625,28326500,0.0,0.0
2021-12-21 00:00:00-05:00,314.4868794889813,318.805981458776,311.09189137730567,318.3779602050781,24740600,0.0,0.0
2021-12-22 00:00:00-05:00,319.36035671028753,324.52576267281427,316.8798052590248,324.126953125,24831500,0.0,0.0
2021-12-23 00:00:00-05:00,323.6892397112023,327.2301370037353,323.66979499703837,325.576416015625,19617800,0.0,0.0
2021-12-27 00:00:00-05:00,326.32549888908255,333.15436502542786,326.2963169691235,333.12518310546875,19947000,0.0,0.0
2021-12-28 00:00:00-05:00,333.80605142857513,334.44808325225506,331.0531251278716,331.9577941894531,15661500,0.0,0.0
2021-12-29 00:00:00-05:00,332.00643908331915,334.9247495224456,330.4305561960451,332.6387634277344,15042000,0.0,0.0
2021-12-30 00:00:00-05:00,332.59979299362385,333.78657357656004,329.59393726748044,330.080322265625,15994500,0.0,0.0
2021-12-31 00:00:00-05:00,329.29235580887786,330.1191864933447,326.70478425386625,327.1619873046875,18000800,0.0,0.0
2022-01-03 00:00:00-05:00,326.21846414915797,328.79629901774877,320.80012748139205,325.6347961425781,28865100,0.0,0.0
2022-01-04 00:00:00-05:00,325.71252348924486,326.07247327895465,317.23970620831426,320.051025390625,32674300,0.0,0.0
2022-01-05 00:00:00-05:00,316.9868563666347,317.1911594657353,307.3759125385984,307.7650146484375,40054300,0.0,0.0
2022-01-06 00:00:00-05:00,304.6229360221158,310.02182762578025,303.00813417247446,305.33306884765625,39646100,0.0,0.0
2022-01-07 00:00:00-05:00,305.5957294780859,307.8817452139908,301.64628513715576,305.4887390136719,32720000,0.0,0.0
2022-01-10 00:00:00-05:00,301.0625932107802,306.15019125836943,296.39330884640736,305.7124328613281,44289500,0.0,0.0
2022-01-11 00:00:00-05:00,304.8466991075708,307.9887275354808,301.4517409536046,306.40313720703125,29386800,0.0,0.0
2022-01-12 00:00:00-05:00,310.9653561516189,314.60350595104916,308.44585607428314,309.60345458984375,34372200,0.0,0.0
2022-01-13 00:00:00-05:00,311.7436252200972,312.14246451080345,295.7221009951654,296.50030517578125,45366000,0.0,0.0
2022-01-14 00:00:00-05:00,295.96530194791075,302.3564086085924,295.4789168995165,301.7532958984375,39846400,0.0,0.0
2022-01-18 00:00:00-05:00,295.7901905004896,301.3641437796384,293.5236197033921,294.4088439941406,42333200,0.0,0.0
2022-01-19 00:00:00-05:00,297.9497330886086,305.36223577548463,294.4574923336944,295.0703125,45933900,0.0,0.0
2022-01-20 00:00:00-05:00,300.6540758605654,303.1638097727385,292.9400157349673,293.3874816894531,35380700,0.0,0.0
2022-01-21 00:00:00-05:00,294.44776829500927,295.82908513910786,287.56053972855347,287.9691162109375,57984400,0.0,0.0
2022-01-24 00:00:00-05:00,284.24346117552335,289.01973668057565,268.53319886975106,288.2998962402344,85731500,0.0,0.0
2022-01-25 00:00:00-05:00,283.5819220766219,286.9574354302845,277.40485583875466,280.6344299316406,72848600,0.0,0.0
2022-01-26 00:00:00-05:00,299.60346104770645,300.09958331074847,285.05082830215923,288.630615234375,90428900,0.0,0.0
2022-01-27 00:00:00-05:00,294.4186033404908,298.93224118758064,289.8173900598136,291.6753845214844,53481300,0.0,0.0
2022-01-28 00:00:00-05:00,292.0547469763375,300.0800994540567,286.432137579411,299.8660888671875,49743700,0.0,0.0
2022-01-31 00:00:00-05:00,300.5373626588656,303.8739572922646,298.0275989393004,302.5120849609375,46444500,0.0,0.0
2022-02-01 00:00:00-05:00,301.9575732884717,302.17158390005085,296.82134829715966,300.3525085449219,40950400,0.0,0.0
2022-02-02 00:00:00-05:00,301.1987730404669,306.539270720024,300.4691955569609,304.9244689941406,36636000,0.0,0.0
2022-02-03 00:00:00-05:00,301.06261331619567,302.7552535027513,291.79211531003233,293.0469970703125,43730000,0.0,0.0
2022-02-04 00:00:00-05:00,292.03536004132286,300.3914532583766,291.80190467175834,297.6093444824219,35096500,0.0,0.0
2022-02-07 00:00:00-05:00,297.8330493495718,299.45755887264727,291.733761520673,292.75518798828125,28533300,0.0,0.0
2022-02-08 00:00:00-05:00,293.04700938052804,297.2396463763231,291.7824200528577,296.2668762207031,32421200,0.0,0.0
2022-02-09 00:00:00-05:00,301.43230080464684,303.43620506618737,299.0198496786087,302.7358093261719,31284700,0.0,0.0
2022-02-10 00:00:00-05:00,295.76101154707897,300.7026702927466,292.5119631728677,294.1462097167969,45386200,0.0,0.0
2022-02-11 00:00:00-05:00,294.9341740286448,296.00422709422884,286.2084248952271,287.006103515625,39175600,0.0,0.0
2022-02-14 00:00:00-05:00,285.7706148538707,288.67921716406687,283.4165282213555,286.9671325683594,36359500,0.0,0.0
2022-02-15 00:00:00-05:00,291.84074211252357,292.609209051119,288.932139576683,292.2882080078125,27058300,0.0,0.0
2022-02-16 00:00:00-05:00,290.8455137721883,293.2824672069494,286.2737867487392,291.947021484375,29982100,0.62,0.0
2022-02-17 00:00:00-05:00,288.8862496034896,289.31515587085715,282.68665314458684,283.39825439453125,32461600,0.0,0.0
2022-02-18 00:00:00-05:00,285.65966857933506,286.44923910919783,279.0896516648839,280.6687927246094,34264000,0.0,0.0
2022-02-22 00:00:00-05:00,277.81276513418686,284.1878453372253,277.325374318162,280.46417236328125,41736100,0.0,0.0
2022-02-23 00:00:00-05:00,282.86208392715645,284.34377082174444,273.03629965616943,273.2019958496094,37811200,0.0,0.0
2022-02-24 00:00:00-05:00,265.6376972494891,287.71649070941305,264.67264340429557,287.1608581542969,56989700,0.0,0.0
2022-02-25 00:00:00-05:00,287.6970574684167,290.12425414795905,284.29504943491895,289.81231689453125,32546700,0.0,0.0
2022-02-28 00:00:00-05:00,286.8879425112131,291.59615384176226,285.6109811188131,291.2549743652344,34627500,0.0,0.0
2022-03-01 00:00:00-05:00,288.9252562718697,292.4052336749819,284.78243452949044,287.5118408203125,31217800,0.0,0.0
2022-03-02 00:00:00-05:00,287.91144814315027,293.8673785477649,286.29333703933276,292.6196594238281,31873000,0.0,0.0
2022-03-03 00:00:00-05:00,295.2515954797372,295.4855335304221,286.6345004718667,288.4573669433594,27314500,0.0,0.0
2022-03-04 00:00:00-05:00,286.8684448672686,288.20389071093314,279.92800561542646,282.5501403808594,32356500,0.0,0.0
2022-03-07 00:00:00-05:00,281.25370554415764,282.3844556560814,271.5058905254741,271.8763122558594,43157200,0.0,0.0
2022-03-08 00:00:00-05:00,270.7942690725029,276.79892624479913,263.1909858256169,268.8934631347656,48159500,0.0,0.0
2022-03-09 00:00:00-05:00,276.2920948638608,282.29675299790483,273.69917227770725,281.2244873046875,35204500,0.0,0.0
2022-03-10 00:00:00-05:00,275.8826220369622,279.37235611943896,273.5041530332084,278.3878173828125,30628000,0.0,0.0
2022-03-11 00:00:00-05:00,280.6980597805448,282.2089888863428,272.38317514959226,273.0070495605469,27209300,0.0,0.0
2022-03-14 00:00:00-04:00,273.2702392726219,278.2026312310251,268.8642376481267,269.4685974121094,30660700,0.0,0.0
2022-03-15 00:00:00-04:00,273.27997605054975,280.56159442132866,271.7008349155803,279.9084777832031,34245100,0.0,0.0
2022-03-16 00:00:00-04:00,281.8190374929418,287.14136537848043,276.05810557225556,286.9659118652344,37826300,0.0,0.0
2022-03-17 00:00:00-04:00,285.8936424341939,288.1551126523713,282.072486293192,287.77496337890625,30816600,0.0,0.0
2022-03-18 00:00:00-04:00,287.921155021076,293.4091786369837,285.347747793667,292.8535461425781,43390600,0.0,0.0
2022-03-21 00:00:00-04:00,291.3524813032419,292.5709582806592,287.4630825627041,291.61566162109375,28351200,0.0,0.0
2022-03-22 00:00:00-04:00,292.2395107234234,297.3083869242725,291.2354868689751,296.39208984375,27599700,0.0,0.0
2022-03-23 00:00:00-04:00,292.93158249273176,295.5829892215264,290.2119339230564,291.9372863769531,25715400,0.0,0.0
2022-03-24 00:00:00-04:00,291.59609282952135,296.5284838356089,290.7967650227256,296.4309997558594,24484500,0.0,0.0
2022-03-25 00:00:00-04:00,297.53256612739574,297.7957464215104,291.74236167311045,296.0216369628906,22566500,0.0,0.0
2022-03-28 00:00:00-04:00,296.65521098671854,302.962047847687,296.65521098671854,302.8645935058594,29578200,0.0,0.0
2022-03-29 00:00:00-04:00,305.9936080477829,307.8554439406665,301.2561553587359,307.4557800292969,30393400,0.0,0.0
2022-03-30 00:00:00-04:00,305.8473698935943,307.9821431786442,303.72232419228243,305.94482421875,28163600,0.0,0.0
2022-03-31 00:00:00-04:00,305.9839376726165,307.19268708279805,300.1255204970668,300.534912109375,33422100,0.0,0.0
2022-04-01 00:00:00-04:00,301.56812540407276,302.3089688081705,297.83472562662047,301.61688232421875,27110500,0.0,0.0
2022-04-04 00:00:00-04:00,302.26994819237575,307.1633399077133,301.8995265160975,307.0268859863281,24289600,0.0,0.0
2022-04-05 00:00:00-04:00,305.3697818354029,306.92943814434017,302.05553077139234,303.0400695800781,23156700,0.0,0.0
2022-04-06 00:00:00-04:00,297.4935298817285,299.25788178865815,289.22737312175093,291.947021484375,40110400,0.0,0.0
2022-04-07 00:00:00-04:00,289.1786849009009,295.99239810286326,288.87650501412816,293.7698974609375,31411200,0.0,0.0
2022-04-08 00:00:00-04:00,292.86338937369976,293.52623372917947,288.80829430515956,289.48089599609375,24361900,0.0,0.0
2022-04-11 00:00:00-04:00,284.4315149162905,285.2308131735271,277.8127399062841,278.0661926269531,34569300,0.0,0.0
2022-04-12 00:00:00-04:00,281.9457616678411,283.4079337629206,273.4164244465442,274.94683837890625,30966700,0.0,0.0
2022-04-13 00:00:00-04:00,275.5999423242994,281.30238943438314,274.2059823826669,280.3666076660156,21907200,0.0,0.0
2022-04-14 00:00:00-04:00,280.82483816317216,281.0392913131774,272.2760139180962,272.77313232421875,28221600,0.0,0.0
2022-04-18 00:00:00-04:00,271.87629487230055,275.3367570834857,271.32066231224934,273.4456787109375,20778000,0.0,0.0
2022-04-19 00:00:00-04:00,272.3344435881337,278.953217898112,271.3889044009939,278.1051330566406,22297700,0.0,0.0
2022-04-20 00:00:00-04:00,282.1018027892859,282.3942551322716,278.17343394044303,279.1384582519531,22906700,0.0,0.0
2022-04-21 00:00:00-04:00,281.3023724572072,285.90334135028814,272.9972465497491,273.72833251953125,29454600,0.0,0.0
2022-04-22 00:00:00-04:00,274.5764889818925,276.0581761337199,266.48581315810736,267.1194152832031,29405800,0.0,0.0
2022-04-25 00:00:00-04:00,266.3980066233075,274.02077426205614,263.941538553541,273.640625,35678900,0.0,0.0
2022-04-26 00:00:00-04:00,270.5019273100701,271.3402253102722,263.19106440979795,263.405517578125,46518400,0.0,0.0
2022-04-27 00:00:00-04:00,274.9858861228988,283.63219386636825,272.12002593480327,276.07763671875,63477700,0.0,0.0
2022-04-28 00:00:00-04:00,277.9979262014816,283.6419191689695,274.36198065629725,282.3259582519531,33646600,0.0,0.0
2022-04-29 00:00:00-04:00,281.33162254066934,282.5696138560068,269.5270350322061,270.52130126953125,37073900,0.0,0.0
2022-05-02 00:00:00-04:00,270.7065195990292,277.7541994484891,269.25410491106345,277.2960510253906,35151100,0.0,0.0
2022-05-03 00:00:00-04:00,276.7989361292909,276.96466206724233,273.0850211320763,274.6739196777344,25978600,0.0,0.0
2022-05-04 00:00:00-04:00,275.4634656066809,283.5444115470414,269.75126101959535,282.6671142578125,33599300,0.0,0.0
2022-05-05 00:00:00-04:00,278.33911462820026,279.12868525425324,267.42155005496926,270.35565185546875,43260400,0.0,0.0
2022-05-06 00:00:00-04:00,267.8796661979223,272.2076978652137,264.42893181498096,267.80169677734375,37780300,0.0,0.0
2022-05-09 00:00:00-04:00,263.24952897380894,265.49151486071605,256.6795101982503,257.90771484375,47726000,0.0,0.0
2022-05-10 00:00:00-04:00,264.8383871382154,266.84643464097286,258.38533839168707,262.70361328125,39336400,0.0,0.0
2022-05-11 00:00:00-04:00,258.9799429594715,264.5166947651642,252.76083220148422,253.97930908203125,48975900,0.0,0.0
2022-05-12 00:00:00-04:00,251.19146195961426,253.32623595061162,243.71488919764607,248.9104766845703,51033800,0.0,0.0
2022-05-13 00:00:00-04:00,250.85998193534874,256.4064900985897,248.910419269829,254.53489685058594,34925100,0.0,0.0
2022-05-16 00:00:00-04:00,253.404208303593,259.11644376588214,249.3296284853974,254.90538024902344,32550900,0.0,0.0
2022-05-17 00:00:00-04:00,259.39907029430674,261.56308624410974,255.84112404859522,260.0911865234375,28828800,0.0,0.0
2022-05-18 00:00:00-04:00,256.96462907264123,257.55086612903364,246.9693931124063,248.24932861328125,31356000,0.62,0.0
2022-05-19 00:00:00-04:00,248.07344082605815,251.75694511743646,246.09980696588278,247.3308868408203,32692300,0.0,0.0
2022-05-20 00:00:00-04:00,251.3368013062836,252.6069865660278,240.78465354901417,246.7642059326172,39199300,0.0,0.0
2022-05-23 00:00:00-04:00,249.62697256957765,255.49904858681893,247.61423331558927,254.66854858398438,33175400,0.0,0.0
2022-05-24 00:00:00-04:00,251.97188996672497,255.3329205528105,247.68261847454892,253.66217041015625,29043900,0.0,0.0
2022-05-25 00:00:00-04:00,252.2162340290929,258.5084218872718,251.2294019032581,256.4956970214844,28547900,0.0,0.0
2022-05-26 00:00:00-04:00,256.2513925154789,260.98032015992106,255.43067249294842,259.798095703125,25002100,0.0,0.0
2022-05-27 00:00:00-04:00,262.3188585448169,267.06731562839224,261.41995783588675,266.9696044921875,26910800,0.0,0.0
2022-05-31 00:00:00-04:00,266.2758695926918,268.4644556206849,262.75847789252555,265.6310119628906,37827700,0.0,0.0
2022-06-01 00:00:00-04:00,268.8846289375869,271.31747803108357,263.8430387905665,266.1684265136719,25292200,0.0,0.0
2022-06-02 00:00:00-04:00,258.3813599596805,268.34727041092106,255.59675637137263,268.27886962890625,44008200,0.0,0.0
2022-06-03 00:00:00-04:00,264.1068702171186,267.17482718772595,262.25047775674227,263.8235168457031,28059000,0.0,0.0
2022-06-06 00:00:00-04:00,265.816680309024,267.88802512038586,261.0877537090418,262.5826416015625,22400300,0.0,0.0
2022-06-07 00:00:00-04:00,260.5211630991976,266.86222112303204,259.8372147630866,266.2466735839844,22860700,0.0,0.0
2022-06-08 00:00:00-04:00,265.474714635958,266.73511970427035,263.42290005939776,264.2045593261719,17372300,0.0,0.0
2022-06-09 00:00:00-04:00,261.6349374373484,266.4517957956073,258.55723014109145,258.71356201171875,26439700,0.0,0.0
2022-06-10 00:00:00-04:00,254.60016185798392,254.60016185798392,246.73490627176395,247.18435668945312,31422800,0.0,0.0
2022-06-13 00:00:00-04:00,239.48514965297508,243.30542548762986,235.98730267760425,236.70054626464844,46135800,0.0,0.0
2022-06-14 00:00:00-04:00,238.2638775793901,240.10073992715505,235.9677996446839,238.87942504882812,28651500,0.0,0.0
2022-06-15 00:00:00-04:00,242.61174847888114,249.4413464461291,240.76512103312788,245.98257446289062,33111700,0.0,0.0
2022-06-16 00:00:00-04:00,240.33522097758944,241.7421780918866,237.44315571698203,239.34840393066406,33169200,0.0,0.0
2022-06-17 00:00:00-04:00,239.0846034844519,244.75150764110145,238.42998048259105,241.96690368652344,43084800,0.0,0.0
2022-06-21 00:00:00-04:00,244.51699356218077,248.90396178868318,243.7842046658451,247.91714477539062,29928300,0.0,0.0
2022-06-22 00:00:00-04:00,246.1095868286238,251.26843424817747,244.6244638607428,247.32113647460938,25939900,0.0,0.0
2022-06-23 00:00:00-04:00,249.70513771941606,253.41792266280578,247.80965482657095,252.91961669921875,25861400,0.0,0.0
2022-06-24 00:00:00-04:00,255.80194348120352,261.8303665392892,255.7140123924243,261.5567932128906,33923200,0.0,0.0
2022-06-27 00:00:00-04:00,262.0550996833187,262.14303078226516,257.2382406428297,258.8113098144531,24615100,0.0,0.0
2022-06-28 00:00:00-04:00,257.922189071422,260.7849441795725,250.4379674235614,250.59429931640625,27295500,0.0,0.0
2022-06-29 00:00:00-04:00,251.6788100350008,255.95830237758284,249.89080316458814,254.2875518798828,20069800,0.0,0.0
2022-06-30 00:00:00-04:00,251.15117086547428,253.57427023351318,247.0964115747402,250.93621826171875,31730900,0.0,0.0
2022-07-01 00:00:00-04:00,250.50632484705463,253.8087348784013,248.76715893036126,253.6230926513672,22837700,0.0,0.0
2022-07-05 00:00:00-04:00,250.28157571455267,256.9450756953764,248.89416404155705,256.81805419921875,22941000,0.0,0.0
2022-07-06 00:00:00-04:00,257.6974130616981,261.8401031652253,256.3783871640925,260.1009521484375,23824400,0.0,0.0
2022-07-07 00:00:00-04:00,259.03596348868336,262.88554989240333,258.9382523471021,262.2406921386719,20859900,0.0,0.0
2022-07-08 00:00:00-04:00,258.71350579252936,261.94754425664775,257.24792836828544,261.51763916015625,19658800,0.0,0.0
2022-07-11 00:00:00-04:00,259.5538260801544,260.4136365057184,256.16345486227567,258.44000244140625,19455200,0.0,0.0
2022-07-12 00:00:00-04:00,259.77854920606694,259.8371699313609,246.25614034660703,247.84873962402344,35868500,0.0,0.0
2022-07-13 00:00:00-04:00,244.44860746990463,247.73150231895372,242.41633781014775,246.92054748535156,29497400,0.0,0.0
2022-07-14 00:00:00-04:00,244.81988208668008,249.28500115876392,240.29612738205486,248.24932861328125,25102800,0.0,0.0
2022-07-15 00:00:00-04:00,249.85171396560196,254.39499935360527,248.923517638966,250.82876586914062,29774100,0.0,0.0
2022-07-18 00:00:00-04:00,253.78922102936602,254.85420398035012,247.48723950429894,248.41543579101562,20975000,0.0,0.0
2022-07-19 00:00:00-04:00,251.66900149881295,253.75990676258039,247.85850526096056,253.5742645263672,25012600,0.0,0.0
2022-07-20 00:00:00-04:00,253.93573497770862,258.79168319801533,252.9684633205692,256.2513427734375,22788300,0.0,0.0
2022-07-21 00:00:00-04:00,253.82835044024134,258.8113216628112,251.13167734672467,258.762451171875,22404700,0.0,0.0
2022-07-22 00:00:00-04:00,259.1532104358892,259.2411415200037,253.1248175148645,254.38519287109375,21881300,0.0,0.0
2022-07-25 00:00:00-04:00,255.01055086689712,255.49907682641225,250.91670094077966,252.8903350830078,21056000,0.0,0.0
2022-07-26 00:00:00-04:00,253.89667859982464,253.91623871980474,243.8428365645717,246.11935424804688,39348000,0.0,0.0
2022-07-27 00:00:00-04:00,255.1668665380829,263.85284204135934,252.9098791339182,262.5729064941406,45994000,0.0,0.0
2022-07-28 00:00:00-04:00,263.5597258949392,271.4640714641904,261.72286372035086,270.06689453125,33459300,0.0,0.0
2022-07-29 00:00:00-04:00,271.3272998322268,275.5286106924797,270.28184723835176,274.2975158691406,32152800,0.0,0.0
2022-08-01 00:00:00-04:00,271.4444847623129,274.8250749755643,269.50991184517835,271.630126953125,21539600,0.0,0.0
2022-08-02 00:00:00-04:00,269.66634189503026,271.5129844181178,266.12941855832804,268.513427734375,22754200,0.0,0.0
2022-08-03 00:00:00-04:00,270.4088660501321,276.99418564890556,270.26228442614376,275.9878234863281,23518900,0.0,0.0
2022-08-04 00:00:00-04:00,275.33319521187644,277.2872988821304,273.7406257671143,277.1407470703125,18098700,0.0,0.0
2022-08-05 00:00:00-04:00,272.74403046110217,277.14076398755924,272.28481487787076,276.4177551269531,16774600,0.0,0.0
2022-08-08 00:00:00-04:00,277.531498914178,279.35861047808595,272.9100638649227,273.8871154785156,18739200,0.0,0.0
2022-08-09 00:00:00-04:00,273.2227847117655,276.5838155339825,271.23934089655916,275.82171630859375,23405200,0.0,0.0
2022-08-10 00:00:00-04:00,281.5570506992945,283.15940026226946,280.35526616412074,282.5243225097656,24687800,0.0,0.0
2022-08-11 00:00:00-04:00,284.175504994771,284.52722930944947,279.9351040144919,280.4333801269531,20065900,0.0,0.0
2022-08-12 00:00:00-04:00,281.85996159203745,285.21124267578125,280.35529321713346,285.21124267578125,22619700,0.0,0.0
2022-08-15 00:00:00-04:00,284.32209329350565,287.42911107438584,283.4525028196031,286.73541259765625,18085700,0.0,0.0
2022-08-16 00:00:00-04:00,285.28938031228677,287.29235463676724,283.7554314604386,285.99285888671875,18102900,0.0,0.0
2022-08-17 00:00:00-04:00,283.6918866931279,287.22654620657715,283.4275334962736,285.2389221191406,18253400,0.62,0.0
2022-08-18 00:00:00-04:00,284.13248679589566,285.81658418043264,283.04564174048915,284.1129150390625,17186200,0.0,0.0
2022-08-19 00:00:00-04:00,282.8694145780961,283.21211455626116,279.5991382584274,280.17681884765625,20570000,0.0,0.0
2022-08-22 00:00:00-04:00,276.19171834797754,276.5637908329488,271.4331825804988,271.9521179199219,25061100,0.0,0.0
2022-08-23 00:00:00-04:00,270.6695251464844,273.0389927321079,269.65122599832847,270.6695251464844,17527400,0.0,0.0
2022-08-24 00:00:00-04:00,269.6610389889987,271.44305510856765,269.3672833219495,270.0331115722656,18137000,0.0,0.0
2022-08-25 00:00:00-04:00,271.5409454973836,273.1956704930622,268.7896043844489,273.02923583984375,16583400,0.0,0.0
2022-08-26 00:00:00-04:00,273.2543550280399,274.48806282652345,262.38608494240646,262.4937744140625,27549300,0.0,0.0
2022-08-29 00:00:00-04:00,260.3005345079081,261.8181671643971,258.3422833999013,259.6934814453125,20338500,0.0,0.0
2022-08-30 00:00:00-04:00,261.1034284098942,261.4754710261423,255.21887418345176,257.48065185546875,22767100,0.0,0.0
2022-08-31 00:00:00-04:00,259.85021020629233,261.53427789568053,255.87493197122282,256.01202392578125,24791800,0.0,0.0
2022-09-01 00:00:00-04:00,253.46626383334169,255.44411686039697,250.07849729586817,254.96432495117188,23263400,0.0,0.0
2022-09-02 00:00:00-04:00,256.2372344294896,259.21375535466535,249.15814412143888,250.71495056152344,22855400,0.0,0.0
2022-09-06 00:00:00-04:00,250.8520254014025,252.44797525069836,246.68094020616354,247.96359252929688,21328200,0.0,0.0
2022-09-07 00:00:00-04:00,249.38329462378468,253.4270733106384,247.93419287668956,252.70252990722656,24126700,0.0,0.0
2022-09-08 00:00:00-04:00,252.13471463130423,254.9937454645158,249.47147610526244,253.1236114501953,20319900,0.0,0.0
2022-09-09 00:00:00-04:00,255.06227583640336,259.6935517170331,254.85666778097755,258.9396057128906,22084700,0.0,0.0
2022-09-12 00:00:00-04:00,260.23205814335745,261.8672114032807,259.62500491841365,261.0838928222656,18747700,0.0,0.0
2022-09-13 00:00:00-04:00,253.43687527963175,254.9643088767863,246.33821443983342,246.72987365722656,33353300,0.0,0.0
2022-09-14 00:00:00-04:00,248.23774570259533,248.92313072711704,244.64435605806372,246.95509338378906,23913000,0.0,0.0
2022-09-15 00:00:00-04:00,244.55623484084325,246.15219960227225,238.92626196066945,240.25787353515625,31530900,0.0,0.0
2022-09-16 00:00:00-04:00,239.16121927116086,240.17951828552927,237.0071458888342,239.63121032714844,39791800,0.0,0.0
2022-09-19 00:00:00-04:00,237.40863687528983,240.02290100098614,235.82245784044076,239.4158477783203,26826900,0.0,0.0
2022-09-20 00:00:00-04:00,237.01694998589443,238.42687835254904,234.63766692038863,237.38900756835938,26660300,0.0,0.0
2022-09-21 00:00:00-04:00,239.17105337813675,242.4902891041455,233.91313789195507,233.96209716796875,28625600,0.0,0.0
2022-09-22 00:00:00-04:00,232.90465563000026,238.76962471077854,232.61092983419246,235.94973754882812,31061200,0.0,0.0
2022-09-23 00:00:00-04:00,234.53976160325183,236.09658280757657,230.29035968717196,232.95358276367188,34176000,0.0,0.0
2022-09-26 00:00:00-04:00,232.10173340994166,236.40988020268483,231.95485560138613,232.49337768554688,27694200,0.0,0.0
2022-09-27 00:00:00-04:00,234.97059942345413,236.7526155062125,229.6049943569396,231.47512817382812,27018700,0.0,0.0
2022-09-28 00:00:00-04:00,231.86674172637478,237.27151947294985,229.8301585908498,236.03782653808594,29029700,0.0,0.0
2022-09-29 00:00:00-04:00,233.90334255103218,234.94121342333523,229.51686351062435,232.5423583984375,27484200,0.0,0.0
2022-09-30 00:00:00-04:00,233.31584731377308,235.51888005222983,227.87191102607457,228.03836059570312,35694800,0.0,0.0
2022-10-03 00:00:00-04:00,230.49598001028534,236.5665562407545,229.76163574998006,235.7147216796875,28880400,0.0,0.0
2022-10-04 00:00:00-04:00,239.9739045740591,245.13390098876755,239.86620015378074,243.68479919433594,34888400,0.0,0.0
2022-10-05 00:00:00-04:00,240.85512295414316,245.34930608205255,239.00457608145862,243.99810791015625,20347100,0.0,0.0
2022-10-06 00:00:00-04:00,242.7546304477217,245.11432699777998,240.94325684585763,241.638427734375,20239900,0.0,0.0
2022-10-07 00:00:00-04:00,235.87139983946656,236.28264582394613,228.30276156963245,229.35043334960938,37769600,0.0,0.0
2022-10-10 00:00:00-04:00,228.1852652907987,229.66373983539455,221.99718320956242,224.46458435058594,29743600,0.0,0.0
2022-10-11 00:00:00-04:00,222.86860200727992,224.27854550032873,219.43187594817857,220.70474243164062,30474000,0.0,0.0
2022-10-12 00:00:00-04:00,220.69492820055035,223.10358401151333,219.28499973345657,221.03762817382812,21903900,0.0,0.0
2022-10-13 00:00:00-04:00,215.260813649644,231.1716079398188,214.55584187664203,229.35043334960938,42551800,0.0,0.0
2022-10-14 00:00:00-04:00,230.62327997694132,232.2878057575382,223.57357733892508,223.7889862060547,30198600,0.0,0.0
2022-10-17 00:00:00-04:00,230.89745009814104,233.97190446953263,230.2316367945102,232.57174682617188,28142300,0.0,0.0
2022-10-18 00:00:00-04:00,238.16256123142458,238.83814547298792,230.45683114701563,233.52149963378906,26329600,0.0,0.0
2022-10-19 00:00:00-04:00,232.0919634303183,234.60832380326266,229.3993675920163,231.5436553955078,19985700,0.0,0.0
2022-10-20 00:00:00-04:00,230.8484928943571,236.27284322549886,229.96727071460137,231.22055053710938,21811000,0.0,0.0
2022-10-21 00:00:00-04:00,229.83998021019283,237.92755339567935,229.60498465550126,237.06591796875,26299700,0.0,0.0
2022-10-24 00:00:00-04:00,238.67169753815492,242.6665325599833,236.26305645781395,242.08885192871094,24911200,0.0,0.0
2022-10-25 00:00:00-04:00,242.0986065964554,245.79970041565298,240.69846406656384,245.42764282226562,34775500,0.0,0.0
2022-10-26 00:00:00-04:00,226.34451620438443,233.32568814935135,225.2576859360683,226.49139404296875,82543200,0.0,0.0
2022-10-27 00:00:00-04:00,226.21721240884574,228.81190467591765,221.06701621251608,222.0167694091797,40424600,0.0,0.0
2022-10-28 00:00:00-04:00,221.5173953809148,231.6611378474482,221.33135911449682,230.9463653564453,40647700,0.0,0.0
2022-10-31 00:00:00-04:00,228.88043444903704,230.01622392707068,226.32491559359812,227.2844696044922,28357300,0.0,0.0
2022-11-01 00:00:00-04:00,229.70290606892462,230.81910882214837,222.58465770971134,223.40711975097656,30592300,0.0,0.0
2022-11-02 00:00:00-04:00,224.67018647629374,226.47177415281237,215.4468093670209,215.5055694580078,38407000,0.0,0.0
2022-11-03 00:00:00-04:00,215.4957542224193,215.8090815922982,209.51329608376886,209.7776641845703,36633900,0.0,0.0
2022-11-04 00:00:00-04:00,213.00880699714827,216.96446839951057,208.97479880274778,216.76864624023438,36789100,0.0,0.0
2022-11-07 00:00:00-05:00,217.35615346462475,223.6421396474345,216.66096753534208,223.1134033203125,33498000,0.0,0.0
2022-11-08 00:00:00-05:00,223.92604919971197,226.81446708596394,221.12574904260384,224.09249877929688,28192500,0.0,0.0
2022-11-09 00:00:00-05:00,222.62381708948223,223.85752509677178,219.64728138196077,219.82351684570312,27852900,0.0,0.0
2022-11-10 00:00:00-05:00,230.515571727907,238.2506742370908,230.0945548202056,237.90797424316406,46268000,0.0,0.0
2022-11-11 00:00:00-05:00,237.91775861613573,242.81338710367922,236.87987282694763,241.95175170898438,34620200,0.0,0.0
2022-11-14 00:00:00-05:00,236.9386301923904,238.81854971714387,234.21666197985724,236.5078125,31123300,0.0,0.0
2022-11-15 00:00:00-05:00,240.53202842828813,241.8440533099723,235.0195458330885,236.91905212402344,31390100,0.0,0.0
2022-11-16 00:00:00-05:00,238.39188532341055,239.38359889843684,236.06482234792887,237.35108947753906,24093300,0.68,0.0
2022-11-17 00:00:00-05:00,233.47264075020115,238.84355351183237,233.3253639763413,237.30198669433594,23123500,0.0,0.0
2022-11-18 00:00:00-05:00,239.09880603195285,239.32465036461224,234.69996551761506,236.8502960205078,27613500,0.0,0.0
2022-11-21 00:00:00-05:00,237.05650427423635,240.23781728148245,236.8208614471362,237.665283203125,26394700,0.0,0.0
2022-11-22 00:00:00-05:00,239.17737646147847,240.8662199512073,236.34955769689049,240.59129333496094,19665700,0.0,0.0
2022-11-23 00:00:00-05:00,240.66986581127168,243.78243988838923,239.84508589442336,243.09512329101562,19508500,0.0,0.0
2022-11-25 00:00:00-05:00,242.82998203144444,244.19480161069367,242.26048692164872,243.00672912597656,9200800,0.0,0.0
2022-11-28 00:00:00-05:00,241.62228980968135,242.18195653187612,236.4379376244034,237.3805389404297,24778200,0.0,0.0
2022-11-29 00:00:00-05:00,237.02704966267706,238.3918693092864,233.89484887777672,235.9764404296875,17956300,0.0,0.0
2022-11-30 00:00:00-05:00,236.21211456463936,250.7047337909563,235.51496952522623,250.51817321777344,47594200,0.0,0.0
2022-12-01 00:00:00-05:00,249.27117147020317,251.480412997738,246.37461335279977,250.07632446289062,26041500,0.0,0.0
2022-12-02 00:00:00-05:00,245.29454527511953,251.42149877038435,245.16689541650894,250.4003448486328,21528500,0.0,0.0
2022-12-05 00:00:00-05:00,247.44485794412677,249.22208255520144,243.56641480678124,245.6676483154297,23435300,0.0,0.0
2022-12-06 00:00:00-05:00,246.2764137142749,247.29756756690452,239.3639346203721,240.67965698242188,22463700,0.0,0.0
2022-12-07 00:00:00-05:00,240.39491100568443,241.70081987887235,237.82237705020034,239.9432373046875,20481500,0.0,0.0
2022-12-08 00:00:00-05:00,240.40474204316993,244.2341028868354,238.65698778008183,242.91836547851562,22611800,0.0,0.0
2022-12-09 00:00:00-05:00,240.26728468255888,243.8118905475725,239.7370733126201,240.9742431640625,20609700,0.0,0.0
2022-12-12 00:00:00-05:00,242.96745501103524,247.96524636882398,242.69252839292668,247.935791015625,30665100,0.0,0.0
2022-12-13 00:00:00-05:00,256.94949571953015,259.13911012222144,248.48565156116547,252.2659149169922,42196900,0.0,0.0
2022-12-14 00:00:00-05:00,252.47213503033785,257.8332195935308,249.70321169806795,252.5605010986328,35410900,0.0,0.0
2022-12-15 00:00:00-05:00,249.1238764690628,249.5951770987246,242.8594450460343,244.4991912841797,35560400,0.0,0.0
2022-12-16 00:00:00-05:00,244.047507540001,245.314132534403,239.0987989973889,240.25743103027344,86102000,0.0,0.0
2022-12-19 00:00:00-05:00,240.424385676434,240.76805145365768,234.3857983171658,236.09426879882812,29696400,0.0,0.0
2022-12-20 00:00:00-05:00,235.06329699213606,238.50972342913573,234.1010537480817,237.41983032226562,25150800,0.0,0.0
2022-12-21 00:00:00-05:00,237.3117960868346,241.1705970760226,235.76041593639175,240.0021514892578,23690600,0.0,0.0
2022-12-22 00:00:00-05:00,236.8895930796324,237.60637998766668,229.63346281298368,233.87521362304688,28651700,0.0,0.0
2022-12-23 00:00:00-05:00,231.83286167183076,234.5428588047953,229.7021730774097,234.4053955078125,21207000,0.0,0.0
2022-12-27 00:00:00-05:00,234.37595081143152,234.60178017051703,231.55794560399602,232.66748046875,16688600,0.0,0.0
2022-12-28 00:00:00-05:00,232.5987588155398,235.37749542343812,229.9280301670431,230.28150939941406,17457100,0.0,0.0
2022-12-29 00:00:00-05:00,231.38121460067237,237.53763828702606,231.38121460067237,236.6441192626953,19770700,0.0,0.0
2022-12-30 00:00:00-05:00,233.8948571328509,235.6131560642394,232.37293222571697,235.47569274902344,21938500,0.0,0.0
2023-01-03 00:00:00-05:00,238.6766338893005,241.29826533020105,233.099518684118,235.2400360107422,25740000,0.0,0.0
2023-01-04 00:00:00-05:00,228.07226219993836,228.6515707937887,221.86675636636124,224.9498748779297,50623400,0.0,0.0
2023-01-05 00:00:00-05:00,223.0843004172486,223.42796620859252,217.7428428679085,218.2828826904297,39585600,0.0,0.0
2023-01-06 00:00:00-05:00,218.96037666884743,221.67037414337992,215.376502057129,220.85540771484375,43613600,0.0,0.0
2023-01-09 00:00:00-05:00,222.34787609092098,227.05111407181693,222.30860727948638,223.0057373046875,27369800,0.0,0.0
2023-01-10 00:00:00-05:00,223.63414061358225,227.11983564696362,223.21193722037137,224.70440673828125,27033900,0.0,0.0
2023-01-11 00:00:00-05:00,227.100182955992,231.67577081089505,226.92345084138603,231.49903869628906,28669300,0.0,0.0
2023-01-12 00:00:00-05:00,230.99828080713587,235.55422702400872,229.32907915113603,234.1894073486328,27269500,0.0,0.0
2023-01-13 00:00:00-05:00,232.7067627824332,235.0338256158968,230.6644400284827,234.8963623046875,21333300,0.0,0.0
2023-01-17 00:00:00-05:00,233.65918727061418,236.54593172373328,232.79512362957803,235.99607849121094,29831300,0.0,0.0
2023-01-18 00:00:00-05:00,237.19398238340665,237.9893068890098,231.25357474268407,231.53831481933594,30028700,0.0,0.0
2023-01-19 00:00:00-05:00,229.5450852501205,231.25357062675482,226.50123560933417,227.7285919189453,28623000,0.0,0.0
2023-01-20 00:00:00-05:00,230.60551909385947,236.3790078733517,230.2618533398891,235.86842346191406,35389800,0.0,0.0
2023-01-23 00:00:00-05:00,236.7324833169044,240.72874754062073,235.30873805800567,238.1856689453125,31934000,0.0,0.0
2023-01-24 00:00:00-05:00,238.10714555670972,239.53087600789277,236.0844645730786,237.6554718017578,40234400,0.0,0.0
2023-01-25 00:00:00-05:00,230.23238312463445,238.89261573480215,226.71723314095732,236.2513427734375,66526600,0.0,0.0
2023-01-26 00:00:00-05:00,239.23628611084743,243.81187403333118,237.61618177352415,243.5074920654297,33454500,0.0,0.0
2023-01-27 00:00:00-05:00,244.47956294350342,245.30434278619185,242.35868764883875,243.6645965576172,26498900,0.0,0.0
2023-01-30 00:00:00-05:00,240.08068968374297,241.1509556923859,237.81253779018328,238.3133087158203,25867400,0.0,0.0
2023-01-31 00:00:00-05:00,239.03991858279355,243.45840142159702,238.5489760451487,243.32093811035156,26541100,0.0,0.0
2023-02-01 00:00:00-05:00,243.507493740727,250.55742124700228,241.02332574913956,248.17144775390625,31259900,0.0,0.0
2023-02-02 00:00:00-05:00,254.13149875716766,259.8951592726371,252.5899320193859,259.8067932128906,39940400,0.0,0.0
2023-02-03 00:00:00-05:00,254.83844372730002,259.41403146682933,252.4426419072074,253.6699981689453,29077300,0.0,0.0
2023-02-06 00:00:00-05:00,252.77649801588666,253.62090480368727,250.1646801008737,252.11862182617188,22518000,0.0,0.0
2023-02-07 00:00:00-05:00,255.81048476727034,263.9012071647271,255.36862455396962,262.713134765625,50841400,0.0,0.0
2023-02-08 00:00:00-05:00,268.25102168143684,271.7465302451499,261.387624446795,261.8982238769531,54686000,0.0,0.0
2023-02-09 00:00:00-05:00,268.84012651357125,269.0168886035488,258.039390489122,258.84454345703125,42375100,0.0,0.0
2023-02-10 00:00:00-05:00,256.7923871898371,259.30601043512377,255.93815201976537,258.3339538574219,25818500,0.0,0.0
2023-02-13 00:00:00-05:00,262.7916999067122,269.62561070371584,262.31055590974864,266.405029296875,44630900,0.0,0.0
2023-02-14 00:00:00-05:00,267.7306276163226,269.9889513959728,264.40202269183845,267.23968505859375,37047900,0.0,0.0
2023-02-15 00:00:00-05:00,264.11932371191284,266.4915975640465,262.0128120607115,265.1036682128906,28922400,0.68,0.0
2023-02-16 00:00:00-05:00,259.88658706642394,262.5640049267377,257.79978182996587,258.0458679199219,29603600,0.0,0.0
2023-02-17 00:00:00-05:00,255.32906157790475,256.01808450784296,251.9921202538756,254.01986694335938,30000100,0.0,0.0
2023-02-21 00:00:00-05:00,250.4959553706836,251.49015281418258,247.65120069336206,248.71429443359375,28397400,0.0,0.0
2023-02-22 00:00:00-05:00,250.1120590242694,250.35814511839848,246.42076761233298,247.57244873046875,22491100,0.0,0.0
2023-02-23 00:00:00-05:00,251.55901267335202,252.81897210448008,246.5585421098557,250.78138732910156,29219100,0.0,0.0
2023-02-24 00:00:00-05:00,246.0467338648536,247.0704454363902,244.21585267237742,245.3183135986328,24990900,0.0,0.0
2023-02-27 00:00:00-05:00,248.50760176361655,248.86196635972186,245.48565714962064,246.2436065673828,21190000,0.0,0.0
2023-02-28 00:00:00-05:00,245.17065572399935,247.55276726085282,244.83596722815324,245.51516723632812,22491000,0.0,0.0
2023-03-01 00:00:00-05:00,246.83417077282937,247.0015075011103,241.94197840990938,242.4144744873047,27565300,0.0,0.0
2023-03-02 00:00:00-05:00,242.69010309363986,247.46416419094516,241.76481699917866,247.1787109375,24808200,0.0,0.0
2023-03-03 00:00:00-05:00,248.24183038751409,251.61812465694902,247.4543518199206,251.2932891845703,30760100,0.0,0.0
2023-03-06 00:00:00-05:00,252.41542732051573,256.0476605602481,251.97247534442963,252.84854125976562,24109800,0.0,0.0
2023-03-07 00:00:00-05:00,252.287461805782,253.65571496313456,249.4230309703386,250.17112731933594,21473200,0.0,0.0
2023-03-08 00:00:00-05:00,250.06283815522548,250.55501034221174,246.88341003286706,249.72816467285156,17340200,0.0,0.0
2023-03-09 00:00:00-05:00,251.81498682862087,255.49642520187024,247.6413612448282,248.36978149414062,26653400,0.0,0.0
2023-03-10 00:00:00-05:00,247.1491888076624,248.8324092868265,243.72367456979757,244.6981658935547,28333900,0.0,0.0
2023-03-13 00:00:00-04:00,243.52680285893817,253.87227229864152,241.8829494842542,249.94473266601562,33339700,0.0,0.0
2023-03-14 00:00:00-04:00,252.73036397116775,256.98273796691427,251.8542982664746,256.7071228027344,33620300,0.0,0.0
2023-03-15 00:00:00-04:00,255.90985113280536,262.30808931293495,255.15188676906854,261.28436279296875,46028000,0.0,0.0
2023-03-16 00:00:00-04:00,261.05798023414945,272.23029562382413,259.1582026765928,271.8759460449219,54768800,0.0,0.0
2023-03-17 00:00:00-04:00,273.9036927174477,278.89429618396935,271.9940621060292,275.05535888671875,69527400,0.0,0.0
2023-03-20 00:00:00-04:00,272.6437454200395,273.13591766100586,265.6253644574901,267.9681091308594,43466600,0.0,0.0
2023-03-21 00:00:00-04:00,270.57658976474096,270.6947062847507,265.30048823245505,269.4938049316406,34558700,0.0,0.0
2023-03-22 00:00:00-04:00,269.1197379308607,276.6401431462095,267.9188366282979,268.0271301269531,34873300,0.0,0.0
2023-03-23 00:00:00-04:00,273.58866452624983,276.65981401873677,270.89157068422304,273.31304931640625,36610900,0.0,0.0
2023-03-24 00:00:00-04:00,272.8996370155353,276.2365790138879,270.9703303661151,276.1775207519531,28172000,0.0,0.0
2023-03-27 00:00:00-04:00,276.1085945660647,277.0535567459473,271.20654881077553,272.0531005859375,26840200,0.0,0.0
2023-03-28 00:00:00-04:00,271.4723425051547,271.8168690429862,267.79087413033056,270.9211120605469,21878600,0.0,0.0
2023-03-29 00:00:00-04:00,274.59271732819036,276.73861104356007,274.0513399006214,276.11846923828125,25087000,0.0,0.0
2023-03-30 00:00:00-04:00,279.7802016370314,280.00658160899906,277.07325471108254,279.6029968261719,25053400,0.0,0.0
2023-03-31 00:00:00-04:00,279.288067620429,284.7413143620683,278.5694853421409,283.7864990234375,32766000,0.0,0.0
2023-04-03 00:00:00-04:00,282.03430927205466,283.75691174361395,279.50456732978654,282.73321533203125,24883300,0.0,0.0
2023-04-04 00:00:00-04:00,282.7332257176792,285.9028155833691,281.1976510040957,282.6839904785156,25824300,0.0,0.0
2023-04-05 00:00:00-04:00,281.37485845642465,282.6544941864627,278.490736515466,279.88848876953125,22064800,0.0,0.0
2023-04-06 00:00:00-04:00,278.7761273414218,287.5072560547923,277.6146083330159,287.0347900390625,29770300,0.0,0.0
2023-04-10 00:00:00-04:00,284.6822007169839,285.0661094051673,280.2526514583947,284.8594055175781,23103000,0.0,0.0
2023-04-11 00:00:00-04:00,281.27642916480585,281.5028392047115,277.23078785734424,278.4021301269531,27276600,0.0,0.0
2023-04-12 00:00:00-04:00,280.331454092245,282.51669989305793,277.5457425781535,279.0517883300781,27403400,0.0,0.0
2023-04-13 00:00:00-04:00,279.1501860013685,285.3613958990932,278.7367782331064,285.3023376464844,24222700,0.0,0.0
2023-04-14 00:00:00-04:00,282.5068611754226,283.96370179651217,279.24868340268176,281.66033935546875,20987900,0.0,0.0
2023-04-17 00:00:00-04:00,285.390939367987,287.03480758768944,281.6799721234841,284.27862548828125,23836200,0.0,0.0
2023-04-18 00:00:00-04:00,287.0052911530972,287.19231898396373,282.51668329191097,283.8553771972656,20161800,0.0,0.0
2023-04-19 00:00:00-04:00,281.51260405135076,284.52469507035653,280.0853229045868,283.9341125488281,17150300,0.0,0.0
2023-04-20 00:00:00-04:00,280.7842156136177,284.50503591954333,280.6168638626968,281.6307373046875,23244400,0.0,0.0
2023-04-21 00:00:00-04:00,280.5480574852668,281.7883112251336,278.62857354431657,281.28631591796875,21676400,0.0,0.0
2023-04-24 00:00:00-04:00,277.67373157493995,280.4889724167193,274.3564954739549,277.3587341308594,26611000,0.0,0.0
2023-04-25 00:00:00-04:00,275.13415035436924,277.19142682597555,271.0589495638587,271.1081848144531,45772200,0.0,0.0
2023-04-26 00:00:00-04:00,292.05498339426265,294.8800468988335,288.1471350865969,290.74578857421875,64599200,0.0,0.0
2023-04-27 00:00:00-04:00,291.33637197631697,300.4218803148907,290.62764290717814,300.0576477050781,46462600,0.0,0.0
2023-04-28 00:00:00-04:00,299.25052694953416,304.09348419157374,298.5614739081994,302.44964599609375,36446700,0.0,0.0
2023-05-01 00:00:00-04:00,302.1642048581886,303.7686910534892,300.3726908217299,300.7762756347656,21294100,0.0,0.0
2023-05-02 00:00:00-04:00,302.9418162241632,304.3395683302201,299.1520846006122,300.62860107421875,26404400,0.0,0.0
2023-05-03 00:00:00-04:00,301.81964496531594,303.7784805128606,299.3292550837356,299.6343994140625,22360800,0.0,0.0
2023-05-04 00:00:00-04:00,301.44559363876704,302.9418162241632,298.65005938684857,300.62860107421875,22519900,0.0,0.0
2023-05-05 00:00:00-04:00,300.93377975527426,307.085932430796,299.50646831862997,305.7865905761719,28181200,0.0,0.0
2023-05-08 00:00:00-04:00,305.2747115147881,305.3436228273613,301.2979520150605,303.81787109375,21318600,0.0,0.0
2023-05-09 00:00:00-04:00,303.1781312029214,305.1862025609974,301.51458645644766,302.19378662109375,21340800,0.0,0.0
2023-05-10 00:00:00-04:00,303.7883902256099,308.09982387729104,302.8532809885263,307.4206237792969,30078000,0.0,0.0
2023-05-11 00:00:00-04:00,305.24518186660805,306.2492022660023,301.46530325501186,305.2550048828125,31680200,0.0,0.0
2023-05-12 00:00:00-04:00,305.68812438304315,305.78656482552327,301.79998224342324,304.13287353515625,19758100,0.0,0.0
2023-05-15 00:00:00-04:00,304.26088478130237,305.04834834939237,302.77451500373724,304.615234375,16336500,0.0,0.0
2023-05-16 00:00:00-04:00,304.9793957630767,308.79865663517415,304.9793957630767,306.8594970703125,26730300,0.0,0.0
2023-05-17 00:00:00-04:00,308.07292647953415,310.1840128280389,306.54383920821226,309.75982666015625,24315000,0.68,0.0
2023-05-18 00:00:00-04:00,310.2826700411064,314.73177784456124,309.483610472281,314.2187805175781,27276000,0.0,0.0
2023-05-19 00:00:00-04:00,312.46279877914503,314.44566578774686,312.0977999996557,314.04119873046875,27529500,0.0,0.0
2023-05-22 00:00:00-04:00,314.29768758586613,318.2337976929915,313.7156584548846,316.84283447265625,24115700,0.0,0.0
2023-05-23 00:00:00-04:00,315.70838374356634,318.3620609809565,310.99293302124596,311.0028076171875,30797200,0.0,0.0
2023-05-24 00:00:00-04:00,310.47996842062906,312.22605590477934,308.3885711303924,309.6118469238281,23384900,0.0,0.0
2023-05-25 00:00:00-04:00,318.87505739171115,322.4856374964896,315.6788189832587,321.5188903808594,43301700,0.0,0.0
2023-05-26 00:00:00-04:00,319.64446830879535,328.89780691493297,319.50637450410005,328.39471435546875,36630600,0.0,0.0
2023-05-30 00:00:00-04:00,330.70309932273216,331.20619186335273,326.0566810034036,326.73736572265625,29503100,0.0,0.0
2023-05-31 00:00:00-04:00,327.80283457515725,331.403539726326,322.9097916897827,323.95550537109375,45950600,0.0,0.0
2023-06-01 00:00:00-04:00,321.5287039010863,329.02608115085206,320.33505191131786,328.0888977050781,26773900,0.0,0.0
2023-06-02 00:00:00-04:00,329.7363544841506,332.94246713059334,328.05929890382134,330.8708190917969,25864000,0.0,0.0
2023-06-05 00:00:00-04:00,330.6932859235735,333.9881799034305,330.1408504123087,331.403564453125,21307100,0.0,0.0
2023-06-06 00:00:00-04:00,330.80175444190655,330.84122271907466,327.6844529715384,329.1740417480469,20396200,0.0,0.0
2023-06-07 00:00:00-04:00,327.17146599385774,329.9731116515835,318.1450315839659,319.0131530761719,40717100,0.0,0.0
2023-06-08 00:00:00-04:00,319.5655851097024,322.2291369225087,318.98355595766924,320.8677673339844,23277700,0.0,0.0
2023-06-09 00:00:00-04:00,320.6013944671028,325.5338755296102,320.0292399102611,322.3771057128906,22514900,0.0,0.0
2023-06-12 00:00:00-04:00,324.1429125289751,327.6153984673946,320.76911233845874,327.3687744140625,24260300,0.0,0.0
2023-06-13 00:00:00-04:00,329.95341049295934,332.42952577838406,325.9285189350578,329.7758483886719,22951300,0.0,0.0
2023-06-14 00:00:00-04:00,329.8251487359543,334.46169309865223,328.31581069541244,332.7846374511719,26003800,0.0,0.0
2023-06-15 00:00:00-04:00,332.92279718310556,345.1158775506154,332.64657941086205,343.3993835449219,38899100,0.0,0.0
2023-06-16 00:00:00-04:00,346.57583523072196,346.7238036323781,337.332371106431,337.70721435546875,46533600,0.0,0.0
2023-06-20 00:00:00-04:00,334.72804129963237,337.46062508330874,331.3246171835482,333.48504638671875,26375400,0.0,0.0
2023-06-21 00:00:00-04:00,331.82774670017375,333.1693972869812,327.5858247663164,329.0556945800781,25117800,0.0,0.0
2023-06-22 00:00:00-04:00,329.6081394338645,335.52711724274883,328.8386735229286,335.1226501464844,23556800,0.0,0.0
2023-06-23 00:00:00-04:00,329.8448805246099,333.39627314072527,328.9471954059109,330.4959716796875,23084700,0.0,0.0
2023-06-26 00:00:00-04:00,329.2135454326496,331.5712559275852,324.05415896146803,324.1626892089844,21520600,0.0,0.0
2023-06-27 00:00:00-04:00,327.37863643109444,331.61071384237505,324.85320839821026,330.05206298828125,24354100,0.0,0.0
2023-06-28 00:00:00-04:00,330.14082540190753,333.4160000459161,329.30229760192987,331.31475830078125,20259500,0.0,0.0
2023-06-29 00:00:00-04:00,330.19013811405165,331.57122678735186,328.1283646472187,330.5255432128906,16997000,0.0,0.0
2023-06-30 00:00:00-04:00,333.18910383853483,338.1018659336961,332.64654295071426,335.9414367675781,26823800,0.0,0.0
2023-07-03 00:00:00-04:00,334.60968039782284,336.29658063116784,332.0250649242067,333.4258728027344,12508700,0.0,0.0
2023-07-05 00:00:00-04:00,330.5650637620157,337.03647751633315,330.2099395207875,333.583740234375,18172400,0.0,0.0
2023-07-06 00:00:00-04:00,332.7451687923729,338.3583347909345,330.9694876074592,336.66156005859375,28161200,0.0,0.0
2023-07-07 00:00:00-04:00,334.7379078689779,337.17455476042386,332.4492293908837,332.666259765625,21185300,0.0,0.0
2023-07-10 00:00:00-04:00,330.08161258316045,330.7031099646927,323.1662650474364,327.3489990234375,32791400,0.0,0.0
2023-07-11 00:00:00-04:00,326.58944439701025,328.36512559547043,322.58427205153635,327.98040771484375,26698200,0.0,0.0
2023-07-12 00:00:00-04:00,332.05461117957884,337.0364047109199,331.13717698244034,332.6465148925781,29995300,0.0,0.0
2023-07-13 00:00:00-04:00,334.97469226215384,339.0982397067737,334.4419758130588,338.0328369140625,20567200,0.0,0.0
2023-07-14 00:00:00-04:00,342.8962140090438,346.684355842652,339.66050764457793,340.57794189453125,28302200,0.0,0.0
2023-07-17 00:00:00-04:00,341.0120279721599,342.3043356947929,337.57904017391905,341.0613708496094,20363900,0.0,0.0
2023-07-18 00:00:00-04:00,341.1599567699789,361.8270635461225,337.5494072854083,354.635498046875,64872700,0.0,0.0
2023-07-19 00:00:00-04:00,356.8650077338188,357.56541162077775,347.6807303302268,350.2850646972656,39732900,0.0,0.0
2023-07-20 00:00:00-04:00,348.7954493013007,353.1360263193054,340.7061688680628,342.1859130859375,33778400,0.0,0.0
2023-07-21 00:00:00-04:00,344.4351932948175,345.569658071984,335.2410401218458,339.1278381347656,69368900,0.0,0.0
2023-07-24 00:00:00-04:00,341.1797347293557,342.2352929441679,337.6875295682125,340.44970703125,26678100,0.0,0.0
2023-07-25 00:00:00-04:00,342.42268240569985,347.13816315499605,340.4102518285033,346.2404479980469,41637700,0.0,0.0
2023-07-26 00:00:00-04:00,336.82928631733375,340.01568008356725,328.611755590644,333.2088317871094,58383700,0.0,0.0
2023-07-27 00:00:00-04:00,335.8822409797451,336.7207386752654,324.6065664004519,326.2540283203125,39635300,0.0,0.0
2023-07-28 00:00:00-04:00,329.16420605704235,335.418588461766,328.6709579484161,333.80072021484375,28484900,0.0,0.0
2023-07-31 00:00:00-04:00,332.37034639692763,333.1398123061402,328.8583918744818,331.38385009765625,25446000,0.0,0.0
2023-08-01 00:00:00-04:00,330.6636616188916,333.96842988932275,329.1937919238342,331.7981262207031,18311900,0.0,0.0
2023-08-02 00:00:00-04:00,329.12474134255,329.12474134255,321.9528944979642,323.0775146484375,27761300,0.0,0.0
2023-08-03 00:00:00-04:00,321.5977492515645,325.4253591822319,321.5484364855866,322.24884033203125,18253700,0.0,0.0
2023-08-04 00:00:00-04:00,327.39836976439574,330.61435706998384,322.82101286060225,323.3537292480469,23727700,0.0,0.0
2023-08-07 00:00:00-04:00,323.9357584110446,326.638748415641,323.09723060433043,325.6522521972656,17741500,0.0,0.0
2023-08-08 00:00:00-04:00,322.544748733652,324.3105851400682,318.638232700356,321.64703369140625,22327600,0.0,0.0
2023-08-09 00:00:00-04:00,322.0614270294025,322.69276896492516,316.7146041895466,317.8786926269531,22373300,0.0,0.0
2023-08-10 00:00:00-04:00,321.6174835434037,323.8272555255074,316.84284549970266,318.5692138671875,20113700,0.0,0.0
2023-08-11 00:00:00-04:00,315.9352987108156,318.05625962756983,314.8994595848591,316.6751708984375,24342600,0.0,0.0
2023-08-14 00:00:00-04:00,317.0500063588165,319.6839341725632,315.75766872867933,319.6642150878906,18836100,0.0,0.0
2023-08-15 00:00:00-04:00,318.63826143664926,320.70003480975896,316.56661346813354,317.5136413574219,16966300,0.0,0.0
2023-08-16 00:00:00-04:00,317.13801214006867,320.7167146880456,316.1494272765782,316.7425842285156,20698900,0.68,0.0
2023-08-17 00:00:00-04:00,316.88098033707746,318.19578484702873,312.60039125699797,313.26275634765625,21257200,0.0,0.0
2023-08-18 00:00:00-04:00,310.90003574711136,314.74564524442695,307.9935939126714,312.8673400878906,24744800,0.0,0.0
2023-08-21 00:00:00-04:00,314.30079649101214,319.08554388527233,313.42097159988043,318.2057189941406,24040000,0.0,0.0
2023-08-22 00:00:00-04:00,321.7843590357293,322.357724957099,317.7904679139887,318.779052734375,16102000,0.0,0.0
2023-08-23 00:00:00-04:00,320.1235196626651,325.4421104227594,319.7676134661455,323.2672119140625,21166400,0.0,0.0
2023-08-24 00:00:00-04:00,329.0504194570365,329.1789402935589,316.30754834662827,316.31744384765625,23281400,0.0,0.0
2023-08-25 00:00:00-04:00,317.8003790491066,321.64595850158366,315.16084417438077,319.29315185546875,21684100,0.0,0.0
2023-08-28 00:00:00-04:00,321.9425618021561,322.4269587484768,318.0475348868792,320.00494384765625,14808500,0.0,0.0
2023-08-29 00:00:00-04:00,318.20573519575873,325.2246945215674,318.20573519575873,324.66119384765625,19284600,0.0,0.0
2023-08-30 00:00:00-04:00,324.91820935696705,326.0451804445671,322.72354969246516,325.0368347167969,15222100,0.0,0.0
2023-08-31 00:00:00-04:00,325.4421498250876,327.13262149789296,323.0497611758668,324.0185852050781,26411000,0.0,0.0
2023-09-01 00:00:00-04:00,327.5280384500807,328.2002688955857,323.04975036551434,324.9082946777344,14931200,0.0,0.0
2023-09-05 00:00:00-04:00,325.2444131923776,331.02764055502126,324.9082979662232,329.7424621582031,18553900,0.0,0.0
2023-09-06 00:00:00-04:00,329.5744315993732,330.64208999362666,326.41094792069816,329.08013916015625,17535800,0.0,0.0
2023-09-07 00:00:00-04:00,327.50826429163334,329.2778093480337,325.27405300686524,326.1440124511719,18381000,0.0,0.0
2023-09-08 00:00:00-04:00,326.3219766279449,332.32269403883413,325.699163331797,330.4542541503906,19530100,0.0,0.0
2023-09-11 00:00:00-04:00,333.3903759343724,334.556929093658,331.60103960424,334.0823974609375,16583300,0.0,0.0
2023-09-12 00:00:00-04:00,331.98660575990687,332.94553436993846,327.6961506893259,327.9828186035156,17565500,0.0,0.0
2023-09-13 00:00:00-04:00,327.52803797035625,333.0048063818992,327.38965178199726,332.22381591796875,16544400,0.0,0.0
2023-09-14 00:00:00-04:00,335.27855480966366,336.9690265009899,332.7280191029121,334.8337097167969,20267000,0.0,0.0
2023-09-15 00:00:00-04:00,333.0740001194204,333.5485015094664,325.8869694008101,326.4504699707031,37666900,0.0,0.0
2023-09-18 00:00:00-04:00,324.058114839662,326.6284415872305,322.63455018467687,325.3037414550781,16834200,0.0,0.0
2023-09-19 00:00:00-04:00,322.44673584714667,325.6299802911353,320.8056813654168,324.8984069824219,16505900,0.0,0.0
2023-09-20 00:00:00-04:00,325.74858912301113,325.82766263304757,316.85132586781475,317.10833740234375,21436500,0.0,0.0
2023-09-21 00:00:00-04:00,315.6156002828941,321.6360782353787,311.40421928226147,315.88250732421875,35529500,0.0,0.0
2023-09-22 00:00:00-04:00,317.6520947233704,317.78061558235316,312.54109771841047,313.39129638671875,21447900,0.0,0.0
2023-09-25 00:00:00-04:00,312.9760849775433,314.04377354761226,311.404238631424,313.9152526855469,17836000,0.0,0.0
2023-09-26 00:00:00-04:00,311.5327634853885,312.27420215829727,306.4810789726441,308.576904296875,26297600,0.0,0.0
2023-09-27 00:00:00-04:00,308.7350248311766,310.7121944558891,306.1548329521496,309.2194519042969,19410100,0.0,0.0
2023-09-28 00:00:00-04:00,307.43997954346224,311.8787458429494,305.9175806621763,310.05975341796875,19683600,0.0,0.0
2023-09-29 00:00:00-04:00,314.12283006246753,315.82319717862225,311.38446094140835,312.1456604003906,24140300,0.0,0.0
2023-10-02 00:00:00-04:00,312.66960950158256,318.21558609786393,311.58216015238867,318.1265869140625,20570000,0.0,0.0
2023-10-03 00:00:00-04:00,317.167696875075,317.72133220387497,307.65751446392886,309.8126525878906,21033500,0.0,0.0
2023-10-04 00:00:00-04:00,310.4452543612115,316.38665810497963,310.41559802676716,315.3189697265625,20720100,0.0,0.0
2023-10-05 00:00:00-04:00,315.4475399696837,316.3273949780159,311.30536698470246,315.7144470214844,16965600,0.0,0.0
2023-10-06 00:00:00-04:00,312.93649686639475,325.4322228400408,312.6893506739022,323.5242614746094,25645500,0.0,0.0
2023-10-09 00:00:00-04:00,321.0429514638944,326.529585679886,319.49086590519653,326.0550842285156,19891200,0.0,0.0
2023-10-10 00:00:00-04:00,327.1820280328287,327.32044439073553,323.92960565259705,324.6413879394531,20557100,0.0,0.0
2023-10-11 00:00:00-04:00,327.4291569039612,329.0207940895387,325.38280933566625,328.6253662109375,20063200,0.0,0.0
2023-10-12 00:00:00-04:00,326.7964688409997,329.82153576980227,324.9675810152199,327.3797302246094,19313100,0.0,0.0
2023-10-13 00:00:00-04:00,328.58583561463803,330.01926553838706,322.63453553932317,323.9889221191406,21072400,0.0,0.0
2023-10-16 00:00:00-04:00,327.271049340128,332.30297349534186,326.82620419552325,328.8429260253906,22158000,0.0,0.0
2023-10-17 00:00:00-04:00,325.8277251039162,329.65354421009977,323.67261705395947,328.26953125,18338500,0.0,0.0
2023-10-18 00:00:00-04:00,328.6945726494821,331.759191769858,324.55239964479256,326.34173583984375,23153600,0.0,0.0
2023-10-19 00:00:00-04:00,328.35844548463956,333.0344625947889,327.1326099487148,327.5379333496094,25052100,0.0,0.0
2023-10-20 00:00:00-04:00,327.9333816774439,328.13111072358873,321.73496526369917,322.9410400390625,25012600,0.0,0.0
2023-10-23 00:00:00-04:00,321.7547330640911,328.9318691915997,320.68707463176605,325.560791015625,24374700,0.0,0.0
2023-10-24 00:00:00-04:00,327.5181575017648,328.0520017824309,323.86041156041205,326.7569580078125,31153600,0.0,0.0
2023-10-25 00:00:00-04:00,341.08153951297123,342.24809258313576,333.7660175404183,336.7812194824219,55053800,0.0,0.0
2023-10-26 00:00:00-04:00,336.6526868052071,337.7302406507204,323.20792706940125,324.1470947265625,37828500,0.0,0.0
2023-10-27 00:00:00-04:00,326.65805321881913,332.87625977257466,324.6512273737684,326.0451354980469,29856500,0.0,0.0
2023-10-30 00:00:00-04:00,329.60408920215934,335.5751503381647,328.04210819348634,333.4595642089844,22828100,0.0,0.0
2023-10-31 00:00:00-04:00,334.9819700053902,335.1302516935357,330.86945356194263,334.2503967285156,20265300,0.0,0.0
2023-11-01 00:00:00-04:00,335.9112561909914,343.45416345864317,335.7728398301243,342.11956787109375,28158800,0.0,0.0
2023-11-02 00:00:00-04:00,343.2762139918915,344.8480603761851,340.83440806099617,344.3439025878906,24348100,0.0,0.0
2023-11-03 00:00:00-04:00,345.6389384028993,350.34461211282445,343.36517506433484,348.7727355957031,23624000,0.0,0.0
2023-11-06 00:00:00-05:00,349.4153160772212,353.4586243635472,349.31645156155355,352.46014404296875,23828300,0.0,0.0
2023-11-07 00:00:00-05:00,355.29738405424604,358.3224512391216,353.5475997552972,356.41448974609375,25833900,0.0,0.0
2023-11-08 00:00:00-05:00,357.55134788937477,359.7163510431648,356.43424222372255,359.05401611328125,26767800,0.0,0.0
2023-11-09 00:00:00-05:00,358.1643000917095,360.6258970276353,356.2464429567003,356.57269287109375,24847300,0.0,0.0
2023-11-10 00:00:00-05:00,357.36351801413326,365.8752490282028,356.9483292832311,365.4501647949219,28042100,0.0,0.0
2023-11-13 00:00:00-05:00,364.0167223614231,364.2638685791425,361.7231982203745,362.4942932128906,19986500,0.0,0.0
2023-11-14 00:00:00-05:00,366.77487775321134,367.70414993309754,363.15665355329156,366.0433044433594,27683900,0.0,0.0
2023-11-15 00:00:00-05:00,367.78673199342217,369.6193319212851,363.65595302337914,366.19189453125,26860100,0.75,0.0
2023-11-16 00:00:00-05:00,367.4697349394166,372.8090364808357,366.6970749456609,372.6307373046875,27182300,0.0,0.0
2023-11-17 00:00:00-05:00,370.0948424049753,370.84770155077825,363.5470476915022,366.3702392578125,40157000,0.0,0.0
2023-11-20 00:00:00-05:00,367.7273146646205,375.3053322916461,367.5093833628424,373.8887939453125,52465100,0.0,0.0
2023-11-21 00:00:00-05:00,372.13544944909,372.680262575537,367.6282408658245,369.5599060058594,28423100,0.0,0.0
2023-11-22 00:00:00-05:00,374.44353505087355,376.2167020543969,371.4420444315091,374.2949523925781,23345300,0.0,0.0
2023-11-24 00:00:00-05:00,373.7798105540461,374.4138035112927,371.61044336899096,373.8788757324219,10176600,0.0,0.0
2023-11-27 00:00:00-05:00,373.23502159050327,377.05872006421737,372.6604918874323,375.04779052734375,22179200,0.0,0.0
2023-11-28 00:00:00-05:00,374.7902561506727,379.3965000397917,374.6020413692927,379.0993347167969,20453100,0.0,0.0
2023-11-29 00:00:00-05:00,380.1493294028235,380.6842269423362,373.88878509131484,375.2855224609375,28963400,0.0,0.0
2023-11-30 00:00:00-05:00,374.92890903622725,376.5138612366037,371.9373340529728,375.344970703125,30554400,0.0,0.0
2023-12-01 00:00:00-05:00,373.21521977574577,374.6020416682448,367.8164846369156,370.98638916015625,33020400,0.0,0.0
2023-12-04 00:00:00-05:00,365.62723800249125,366.04326940024094,359.48556013374906,365.6668701171875,32063300,0.0,0.0
2023-12-05 00:00:00-05:00,363.002209215325,369.5698044164444,362.1800014727598,369.01507568359375,23065000,0.0,0.0
2023-12-06 00:00:00-05:00,370.0255016850389,370.65946442979055,364.5673336677576,365.330078125,21182100,0.0,0.0
2023-12-07 00:00:00-05:00,364.7654294389967,367.9551344956752,362.87339651052025,367.4598388671875,23118900,0.0,0.0
2023-12-08 00:00:00-05:00,365.7263114622475,370.93680102116286,364.765436714598,370.708984375,20144800,0.0,0.0
2023-12-11 00:00:00-05:00,365.01313478005966,368.10377515204266,362.6555223800224,367.80657958984375,27708800,0.0,0.0
2023-12-12 00:00:00-05:00,367.3607883950642,370.8972065792804,366.9744432787704,370.8575744628906,24838300,0.0,0.0
2023-12-13 00:00:00-05:00,372.48215648382853,374.086939898613,367.28155178547297,370.8476867675781,30955500,0.0,0.0
2023-12-14 00:00:00-05:00,369.79762904450155,370.2434072135556,360.7040083315525,362.487060546875,43277500,0.0,0.0
2023-12-15 00:00:00-05:00,363.39841387280694,368.8961833355917,362.833769592936,367.2419128417969,78478200,0.0,0.0
2023-12-18 00:00:00-05:00,365.97401594280865,369.4906034274848,365.21124119414236,369.1438903808594,21802900,0.0,0.0
2023-12-19 00:00:00-05:00,367.9947723838569,369.7481384277344,366.3603026960237,369.7481384277344,20603700,0.0,0.0
2023-12-20 00:00:00-05:00,371.47179096076275,372.49209893738356,367.0438460032924,367.13299560546875,26316700,0.0,0.0
2023-12-21 00:00:00-05:00,369.0546918220557,370.8872917707244,366.5584126323143,370.0254821777344,17708000,0.0,0.0
2023-12-22 00:00:00-05:00,370.1641379669173,371.65002486970394,369.20326322723065,371.0556640625,17091100,0.0,0.0
2023-12-26 00:00:00-05:00,371.47174615266005,373.393495737859,369.98585916804944,371.13494873046875,12673100,0.0,0.0
2023-12-27 00:00:00-05:00,370.1741075355698,371.5312129344826,369.30238225527376,370.550537109375,14905400,0.0,0.0
2023-12-28 00:00:00-05:00,371.8382951076273,372.91803612376333,370.63968795840486,371.7491455078125,14327000,0.0,0.0
2023-12-29 00:00:00-05:00,372.46235152363494,373.61144112939365,369.96607217829995,372.5019836425781,18723000,0.0,0.0
2024-01-02 00:00:00-05:00,370.3424737462839,372.3632885983454,363.319184585885,367.380615234375,25258600,0.0,0.0
2024-01-03 00:00:00-05:00,365.5381225658885,369.7481357898977,365.04282689247566,367.1131591796875,23083500,0.0,0.0
2024-01-04 00:00:00-05:00,367.1825359158742,369.5896658174796,363.7154659367805,364.47821044921875,20901500,0.0,0.0
2024-01-05 00:00:00-05:00,365.4984700948147,368.5593935584056,363.0517083951845,364.2899475097656,20987000,0.0,0.0
2024-01-08 00:00:00-05:00,365.8253710003868,371.66988411040546,365.53812127674354,371.1646728515625,23134000,0.0,0.0
2024-01-09 00:00:00-05:00,368.509899386066,372.4524336286839,367.6976072202341,372.25433349609375,20830000,0.0,0.0
2024-01-10 00:00:00-05:00,372.828831535822,380.5554615818058,372.77931406448965,379.1686096191406,25514200,0.0,0.0
2024-01-11 00:00:00-05:00,382.3682747948277,387.00423522356067,376.8011560453087,381.01116943359375,27850800,0.0,0.0
2024-01-12 00:00:00-05:00,381.8630597761942,385.0230486833725,381.03096664819185,384.8150329589844,21645700,0.0,0.0
2024-01-16 00:00:00-05:00,389.95617197189966,390.32268591338345,383.9729920985464,386.5980529785156,27202300,0.0,0.0
2024-01-17 00:00:00-05:00,384.32966203351646,386.4395963207224,381.1894739959276,385.8056335449219,22234100,0.0,0.0
2024-01-18 00:00:00-05:00,388.03448005572534,390.2831117413872,386.4495277057587,390.16424560546875,23392100,0.0,0.0
2024-01-19 00:00:00-05:00,392.0364429224476,394.9190673828125,389.7976967944334,394.9190673828125,29272000,0.0,0.0
2024-01-22 00:00:00-05:00,396.25634353223927,396.85070439221124,389.8868483654438,392.7793884277344,27016900,0.0,0.0
2024-01-23 00:00:00-05:00,392.02652441578425,395.6223758316309,390.22364091426874,395.1468811035156,20525900,0.0,0.0
2024-01-24 00:00:00-05:00,397.7620686193911,401.81358370975624,396.68232764982235,398.7724609375,24867000,0.0,0.0
2024-01-25 00:00:00-05:00,400.5159472859716,403.18064073795176,398.7427801039566,401.0607604980469,21021200,0.0,0.0
2024-01-26 00:00:00-05:00,400.5654097210854,402.34849224643625,398.6436601299057,400.1295471191406,17803300,0.0,0.0
2024-01-29 00:00:00-05:00,402.23954412902646,406.12267574413715,400.52581011271667,405.8651123046875,24510200,0.0,0.0
2024-01-30 00:00:00-05:00,408.3812111979871,409.16375662074074,402.6258777098208,404.7457275390625,33477600,0.0,0.0
2024-01-31 00:00:00-05:00,403.1310461052013,411.41240548584386,393.47278047208044,393.83929443359375,47871100,0.0,0.0
2024-02-01 00:00:00-05:00,398.0492918889721,404.16125355914335,398.0195753589577,399.98095703125,30657700,0.0,0.0
2024-02-02 00:00:00-05:00,400.0106970175581,408.7675210638453,399.7630491761005,407.3509826660156,28245000,0.0,0.0
2024-02-05 00:00:00-05:00,406.0434180871643,407.2915729534139,400.189019151807,401.8334045410156,25352300,0.0,0.0
2024-02-06 00:00:00-05:00,402.0612108490808,404.13154308563696,399.11915341177513,401.67486572265625,18382600,0.0,0.0
2024-02-07 00:00:00-05:00,403.60653322309605,410.4019752246544,403.5669011054383,410.1543273925781,22340500,0.0,0.0
2024-02-08 00:00:00-05:00,410.15437308446036,411.65017583057954,408.6486849806617,410.21380615234375,21225300,0.0,0.0
2024-02-09 00:00:00-05:00,411.34301809604267,416.86061863442,411.18451986779826,416.5931396484375,22032800,0.0,0.0
2024-02-12 00:00:00-05:00,416.6030882773996,416.78138746189904,410.847755055397,411.35296630859375,21202900,0.0,0.0
2024-02-13 00:00:00-05:00,401.13007987504017,406.21181854248556,399.5946753127585,402.4971008300781,27824900,0.0,0.0
2024-02-14 00:00:00-05:00,404.97813565927675,406.73471379055,401.50465451788693,406.3873596191406,20401200,0.75,0.0
2024-02-15 00:00:00-05:00,405.0476293953427,406.03011869599004,401.22679392364836,403.4795837402344,21825500,0.0,0.0
2024-02-16 00:00:00-05:00,404.86897976610464,405.19649639829663,400.3832375883185,400.99853515625,22281100,0.0,0.0
2024-02-20 00:00:00-05:00,400.1847314590158,401.4252604899609,394.9943773768075,399.7381591796875,24307900,0.0,0.0
2024-02-21 00:00:00-05:00,397.1380014467668,399.24193376469594,394.21034092041026,399.13275146484375,18631100,0.0,0.0
2024-02-22 00:00:00-05:00,407.08207646174907,409.70205797134184,405.4743557171247,408.531005859375,27009900,0.0,0.0
2024-02-23 00:00:00-05:00,412.5205899694505,412.70912252547726,405.87134201034183,407.23095703125,16295900,0.0,0.0
2024-02-26 00:00:00-05:00,408.34243031561954,409.0371386513167,404.2734892487182,404.4521484375,16193500,0.0,0.0
2024-02-27 00:00:00-05:00,404.898754425873,405.22627106063214,400.7901378959309,404.39263916015625,14835800,0.0,0.0
2024-02-28 00:00:00-05:00,405.0873045429746,406.1988137086949,402.24898865810695,404.63079833984375,13183100,0.0,0.0
2024-02-29 00:00:00-05:00,405.5438348800808,411.06170550216336,402.84444253870316,410.5059509277344,31947300,0.0,0.0
2024-03-01 00:00:00-05:00,408.153876143975,412.71902889421233,407.76684684717014,412.3518371582031,17800300,0.0,0.0
2024-03-04 00:00:00-05:00,410.307447886493,414.18782621068357,409.19593875466035,411.7762451171875,17596000,0.0,0.0
2024-03-05 00:00:00-05:00,410.8235170993726,411.1113283199567,397.60446252322527,399.5992126464844,26919200,0.0,0.0
2024-03-06 00:00:00-05:00,399.91679432847235,402.0902036474927,395.37150921419715,399.04345703125,22344100,0.0,0.0
2024-03-07 00:00:00-05:00,403.04287134892246,406.67514359077177,399.1922648099232,406.0400085449219,18718500,0.0,0.0
2024-03-08 00:00:00-05:00,404.8689575439801,407.3103404061873,401.2664565057241,403.14215087890625,17971700,0.0,0.0
2024-03-11 00:00:00-04:00,400.700826521959,402.6062622273282,398.21976836345937,401.4550476074219,16120800,0.0,0.0
2024-03-12 00:00:00-04:00,404.53154888971716,412.4213256188443,403.7078509414854,412.1335144042969,22457000,0.0,0.0
2024-03-13 00:00:00-04:00,414.9321647542621,415.0115452878592,408.3325562328795,411.95489501953125,17115900,0.0,0.0
2024-03-14 00:00:00-04:00,417.05592096351893,424.5785058716351,414.8229687362819,421.9981994628906,34157300,0.0,0.0
2024-03-15 00:00:00-04:00,416.1131423873529,419.39806083838096,409.6623914264508,413.264892578125,45049800,0.0,0.0
2024-03-18 00:00:00-04:00,411.111304092611,417.54221722990445,410.6448639845401,414.1580505371094,20106000,0.0,0.0
2024-03-19 00:00:00-04:00,414.6641794557911,418.4751112612702,412.40145573236146,418.2170715332031,19837900,0.0,0.0
2024-03-20 00:00:00-04:00,418.8025799169323,422.7325672103819,417.472736496582,422.00811767578125,17860100,0.0,0.0
2024-03-21 00:00:00-04:00,426.57326646256405,427.55578606152034,423.9235133811952,426.11676025390625,21296200,0.0,0.0
2024-03-22 00:00:00-04:00,426.4442947841674,426.6030558566972,422.8417934382558,425.4915466308594,17636500,0.0,0.0
2024-03-25 00:00:00-04:00,422.0180389961963,424.1716107025241,418.41553787360243,419.65606689453125,18060500,0.0,0.0
2024-03-26 00:00:00-04:00,422.3852180529654,422.76234370981615,418.1575158713517,418.4552307128906,16725600,0.0,0.0
2024-03-27 00:00:00-04:00,421.2241115258407,421.23404544961727,415.83526074059097,418.2369079589844,16705000,0.0,0.0
2024-03-28 00:00:00-04:00,417.7704900076875,418.673598815045,415.9444348307196,417.5323181152344,21871200,0.0,0.0
2024-04-01 00:00:00-04:00,420.7378213676411,424.64797113919235,419.0209183546172,421.3531188964844,16316000,0.0,0.0
2024-04-02 00:00:00-04:00,416.92688638600043,419.1797063812392,414.6740966771135,418.246826171875,17912000,0.0,0.0
2024-04-03 00:00:00-04:00,416.54979735190346,420.0530500088036,415.91463197146663,417.26434326171875,16502300,0.0,0.0
2024-04-04 00:00:00-04:00,421.76992047315406,425.4220608182633,414.4061573873391,414.71380615234375,19370900,0.0,0.0
2024-04-05 00:00:00-04:00,416.8276673390752,423.2784179752705,415.1504697507563,422.2958984375,16544300,0.0,0.0
2024-04-08 00:00:00-04:00,421.9485777283347,424.0425761054586,420.09272093696904,421.3729553222656,14272400,0.0,0.0
2024-04-09 00:00:00-04:00,423.20896224870864,424.4991003259259,418.4254750382327,423.0501708984375,12512300,0.0,0.0
2024-04-10 00:00:00-04:00,418.9911394928746,420.8171944866389,416.5200154975315,420.05303955078125,16216600,0.0,0.0
2024-04-11 00:00:00-04:00,422.5936541739285,426.1167444183971,419.15984809671994,424.6876525878906,17966400,0.0,0.0
2024-04-12 00:00:00-04:00,420.83704242845164,421.9584854811625,416.58947237839413,418.7033386230469,19232100,0.0,0.0
2024-04-15 00:00:00-04:00,423.36774724307367,423.5860815606245,410.2975202475589,410.5059509277344,20273500,0.0,0.0
2024-04-16 00:00:00-04:00,411.42887810136665,415.2298454910269,410.5952462785095,411.43878173828125,16765600,0.0,0.0
2024-04-17 00:00:00-04:00,414.0885872118868,415.70624190109544,407.22100522560083,408.7195739746094,15855500,0.0,0.0
2024-04-18 00:00:00-04:00,407.5187363707615,408.76919927263555,400.88935677884103,401.2069091796875,21029900,0.0,0.0
2024-04-19 00:00:00-04:00,400.9687488676842,402.4077746386735,394.7561698730406,396.095947265625,30276500,0.0,0.0
2024-04-22 00:00:00-04:00,397.04869026067945,399.79772211379026,392.7515108089053,397.9220275878906,20286900,0.0,0.0
2024-04-23 00:00:00-04:00,401.1771473553241,405.10716505974153,400.0060952402287,404.48193359375,15734500,0.0,0.0
2024-04-24 00:00:00-04:00,406.45684392489727,409.3447990752087,403.6979086365787,405.96063232421875,15065300,0.0,0.0
2024-04-25 00:00:00-04:00,391.04452101034235,396.8601368410158,385.08998167747234,396.0165710449219,40586500,0.0,0.0
2024-04-26 00:00:00-04:00,409.04710666417816,409.87080464048637,402.6856699602139,403.2414245605469,29694700,0.0,0.0
2024-04-29 00:00:00-04:00,402.17947890315463,403.2413789354232,396.165397076456,399.20220947265625,19582100,0.0,0.0
2024-04-30 00:00:00-04:00,398.44799719369325,399.112934090919,386.2213658866136,386.380126953125,28781400,0.0,0.0
2024-05-01 00:00:00-04:00,389.635268755834,398.6762601059751,387.35270744745037,391.9476318359375,23562500,0.0,0.0
2024-05-02 00:00:00-04:00,394.64702416400013,396.89981398666424,391.6598205584853,394.8256530761719,17709400,0.0,0.0
2024-05-03 00:00:00-04:00,399.2320083912343,404.06510458639696,398.815177316325,403.5788269042969,17446700,0.0,0.0
2024-05-06 00:00:00-04:00,405.6628958084665,410.79370652504514,403.2909899464774,410.40667724609375,16996600,0.0,0.0
2024-05-07 00:00:00-04:00,411.5181933814727,411.52812730475875,405.9903890817075,406.2384948730469,20018200,0.0,0.0
2024-05-08 00:00:00-04:00,405.07737479693975,409.1066104061556,403.6284151762591,407.4294128417969,11792300,0.0,0.0
2024-05-09 00:00:00-04:00,407.45921271703617,409.59291660377954,406.00034935781423,409.1959533691406,14689700,0.0,0.0
2024-05-10 00:00:00-04:00,409.81127592440214,412.2327911756722,408.6798988359958,411.5976257324219,13402300,0.0,0.0
2024-05-13 00:00:00-04:00,414.84286198683617,415.18028226525166,407.70733623194405,410.5853576660156,15440200,0.0,0.0
2024-05-14 00:00:00-04:00,408.8981987547859,414.3267549073316,408.43175863614476,413.40380859375,15109300,0.0,0.0
2024-05-15 00:00:00-04:00,415.48172683662517,421.35753100749633,414.85536761085484,420.6317443847656,22239500,0.75,0.0
2024-05-16 00:00:00-04:00,419.35914332573157,422.9582208339026,417.91755229509,418.5538330078125,17530100,0.0,0.0
2024-05-17 00:00:00-04:00,420.09485405964773,420.4726599302369,415.6109428181483,417.7783203125,15352200,0.0,0.0
2024-05-20 00:00:00-04:00,417.778343258253,424.30037978174784,417.55961512858175,422.878662109375,16272100,0.0,0.0
2024-05-21 00:00:00-04:00,424.36001790160714,430.46450167288947,422.39149513236316,426.5572509765625,21453300,0.0,0.0
2024-05-22 00:00:00-04:00,427.60118209872775,429.9077641693655,424.6583193119375,428.0286865234375,18073700,0.0,0.0
2024-05-23 00:00:00-04:00,430.46453792464195,431.090897164325,422.9582395726222,424.5290832519531,17211700,0.0,0.0
2024-05-24 00:00:00-04:00,424.71796179341015,428.565562226306,421.95405016489985,427.6707763671875,11845800,0.0,0.0
2024-05-28 00:00:00-04:00,427.14385491376675,428.3269711402922,424.13138989907134,427.8298645019531,15718000,0.0,0.0
2024-05-29 00:00:00-04:00,423.22665032702537,428.44627000677747,423.22665032702537,426.6865234375,15517100,0.0,0.0
2024-05-30 00:00:00-04:00,421.84466424386284,421.84466424386284,411.84288150879064,412.2704162597656,28424800,0.0,0.0
2024-05-31 00:00:00-04:00,414.3383733012913,414.3383733012913,402.1692127903504,412.7277526855469,47995300,0.0,0.0
2024-06-03 00:00:00-04:00,413.1254229827006,414.02020882309534,406.553688084388,411.1270446777344,17484700,0.0,0.0
2024-06-04 00:00:00-04:00,410.04337212748766,414.03017705380546,407.30928563189894,413.6623229980469,14348900,0.0,0.0
2024-06-05 00:00:00-04:00,415.39223173706347,421.6259378345122,413.89096003424896,421.5563659667969,16988000,0.0,0.0
2024-06-06 00:00:00-04:00,421.5563568996983,422.848821948627,418.14618249774657,422.0633850097656,14861300,0.0,0.0
2024-06-07 00:00:00-04:00,423.73371564550735,423.81323935854607,420.55222098628695,421.3973083496094,13621700,0.0,0.0
2024-06-10 00:00:00-04:00,422.2424037753453,425.6028192678221,421.4370934236562,425.39404296875,14003000,0.0,0.0
2024-06-11 00:00:00-04:00,423.01786084549974,430.3153823959729,422.78918087724,430.1761779785156,14551100,0.0,0.0
2024-06-12 00:00:00-04:00,432.8009161252906,440.8341457768561,430.7428874309175,438.5076904296875,22366200,0.0,0.0
2024-06-13 00:00:00-04:00,438.2989324414096,440.8242426789463,436.8274858579273,439.0246887207031,15960600,0.0,0.0
2024-06-14 00:00:00-04:00,435.74378876375306,440.5756810111054,434.19281849694386,440.00897216796875,13582000,0.0,0.0
2024-06-17 00:00:00-04:00,440.0288392462003,448.3305259626429,438.16966532085047,445.775390625,20790000,0.0,0.0
2024-06-18 00:00:00-04:00,447.10763493198164,447.53516969127554,442.3155500964385,443.75714111328125,17112500,0.0,0.0
2024-06-20 00:00:00-04:00,443.71738383441055,443.94606381625726,438.7164921470121,443.1208801269531,19877400,0.0,0.0
2024-06-21 00:00:00-04:00,444.79114029939626,447.97260457820744,443.9261796037789,447.17724609375,34486200,0.0,0.0
2024-06-24 00:00:00-04:00,447.197116551364,450.13005783321864,443.82674934456685,445.0794677734375,15913700,0.0,0.0
2024-06-25 00:00:00-04:00,445.65606632861267,448.80773551860256,444.1647465305247,448.3404541015625,16747500,0.0,0.0
2024-06-26 00:00:00-04:00,446.4017395883299,450.9751265075422,445.59642930053803,449.54345703125,16507000,0.0,0.0
2024-06-27 00:00:00-04:00,449.56335593650766,453.5302875755873,449.1557248487335,450.2294921875,14806300,0.0,0.0
2024-06-28 00:00:00-04:00,450.44819707911165,452.7448272217048,443.8267333016812,444.3636169433594,28362300,0.0,0.0
2024-07-01 00:00:00-04:00,446.0637277902953,454.72331684606445,443.0810879907853,454.0870361328125,17662800,0.0,0.0
2024-07-02 00:00:00-04:00,450.57745029839504,456.9304570935814,450.48794440717063,456.62225341796875,13979800,0.0,0.0
2024-07-03 00:00:00-04:00,455.5385808076234,458.3521910129211,455.23037712106725,458.1036376953125,9932800,0.0,0.0
2024-07-05 00:00:00-04:00,456.95033221316646,465.6397765538939,456.3140515175161,464.8543395996094,16000300,0.0,0.0
2024-07-08 00:00:00-04:00,463.8501958785038,464.99356542878803,461.77229375422786,463.5419921875,12962300,0.0,0.0
2024-07-09 00:00:00-04:00,464.29759021110544,464.6256672353131,455.3496709136752,456.8807678222656,17207200,0.0,0.0
2024-07-10 00:00:00-04:00,458.55104934272356,463.7607172108967,456.20469022907776,463.55194091796875,18196100,0.0,0.0
2024-07-11 00:00:00-04:00,460.3008712942663,462.0904430463112,448.93699054354346,452.06878662109375,23111200,0.0,0.0
2024-07-12 00:00:00-04:00,451.70090017355875,453.71915189160546,448.0422026334216,450.9254150390625,16324300,0.0,0.0
2024-07-15 00:00:00-04:00,450.67685394437046,454.6139602586164,448.8176800220224,451.3330383300781,14429400,0.0,0.0
2024-07-16 00:00:00-04:00,451.5915461266938,451.67106983710227,444.07529634239484,446.9187316894531,17175700,0.0,0.0
2024-07-17 00:00:00-04:00,440.0288496296795,442.2757813397234,436.63857872187197,440.9534606933594,21778000,0.0,0.0
2024-07-18 00:00:00-04:00,441.76874441556754,442.07694811849893,431.88626155510383,437.82171630859375,20794800,0.0,0.0
2024-07-19 00:00:00-04:00,430.59376141790096,438.58724438350157,429.5001207828966,434.5805358886719,20940400,0.0,0.0
2024-07-22 00:00:00-04:00,439.23349185507885,442.0272287343498,436.37015276462773,440.3768310546875,15808800,0.0,0.0
2024-07-23 00:00:00-04:00,441.33127259326983,445.7953108894537,440.53591409904936,442.2757873535156,13107100,0.0,0.0
2024-07-24 00:00:00-04:00,437.90124163761953,438.9252800797557,425.11564336198785,426.4180603027344,26805800,0.0,0.0
2024-07-25 00:00:00-04:00,426.31863260886945,427.3128458662045,415.0939867790631,415.97882080078125,29943800,0.0,0.0
2024-07-26 00:00:00-04:00,415.7799870015666,426.4379540941027,414.8553456338981,422.8090515136719,23583800,0.0,0.0
2024-07-29 00:00:00-04:00,429.0825608465564,429.6492697069918,422.2423988579534,424.2606506347656,15125800,0.0,0.0
2024-07-30 00:00:00-04:00,425.2448982961915,426.5671885866718,414.9448331085773,420.4726867675781,32687600,0.0,0.0
2024-07-31 00:00:00-04:00,418.0666907004293,419.33928250485553,409.8246539863894,415.92913818359375,42891400,0.0,0.0
2024-08-01 00:00:00-04:00,418.3549862264431,424.98637136355273,410.6995323530128,414.6962585449219,30296400,0.0,0.0
2024-08-02 00:00:00-04:00,410.1030434734576,412.59852862073603,402.0002109675361,406.1261901855469,29437900,0.0,0.0
2024-08-05 00:00:00-04:00,386.91799678720787,398.7193036046689,383.34874440032485,392.8633728027344,40709200,0.0,0.0
2024-08-06 00:00:00-04:00,397.6853041219084,403.3225066578681,396.1939842314513,397.29754638671875,24946500,0.0,0.0
2024-08-07 00:00:00-04:00,406.27529777749277,407.7069368759002,395.16992295159474,396.1243591308594,20650900,0.0,0.0
2024-08-08 00:00:00-04:00,400.1111573966137,403.51134950514665,397.6256244291568,400.3597106933594,20203000,0.0,0.0
2024-08-09 00:00:00-04:00,401.6919964430869,405.68872296700823,399.9322498333492,403.67047119140625,19276700,0.0,0.0
2024-08-12 00:00:00-04:00,404.7044554196647,406.39463013243375,401.9007666876047,404.4559020996094,16762900,0.0,0.0
2024-08-13 00:00:00-04:00,407.2198216789193,412.54882074125726,407.1999483356839,411.6142578125,19414300,0.0,0.0
2024-08-14 00:00:00-04:00,412.3996465083127,415.30276256625774,410.0632696291805,414.4477233886719,18267000,0.0,0.0
2024-08-15 00:00:00-04:00,418.1229861127925,419.42775054091777,415.991550712489,419.34808349609375,20752100,0.75,0.0
2024-08-16 00:00:00-04:00,418.919805326896,419.6568394696199,415.6329698343419,416.7983093261719,22775600,0.0,0.0
2024-08-19 00:00:00-04:00,417.2863590170559,420.06522222853687,414.7963458443911,419.8460998535156,15234000,0.0,0.0
2024-08-20 00:00:00-04:00,420.015435317403,424.15879050030776,419.9556774327427,423.10302734375,16387600,0.0,0.0
2024-08-21 00:00:00-04:00,422.38589043229285,424.69662989295495,420.03533264675815,422.4456787109375,16067300,0.0,0.0
2024-08-22 00:00:00-04:00,422.66478826233237,425.0851042062188,412.953736731063,413.8899841308594,19361900,0.0,0.0
2024-08-23 00:00:00-04:00,415.3142739439322,417.58516466451346,410.44379375355777,415.1250305175781,18493800,0.0,0.0
2024-08-26 00:00:00-04:00,414.70669574720716,415.6130641605339,409.6967906199474,411.83819580078125,13152800,0.0,0.0
2024-08-27 00:00:00-04:00,411.21070203411466,412.70470986954564,408.6111429903849,412.1867980957031,13492900,0.0,0.0
2024-08-28 00:00:00-04:00,413.22267925405737,413.3421950254565,405.68291191971673,408.95977783203125,14882700,0.0,0.0
2024-08-29 00:00:00-04:00,413.2824329478728,420.3640158924635,408.95977368399144,411.4696960449219,17045200,0.0,0.0
2024-08-30 00:00:00-04:00,413.93977626013776,415.822210323597,410.48363692465733,415.4736328125,24308300,0.0,0.0
2024-09-03 00:00:00-04:00,416.2405478075573,418.20267931936957,405.4040060811421,407.80438232421875,20313600,0.0,0.0
2024-09-04 00:00:00-04:00,404.2884945573242,409.5971891641853,402.7546379619835,407.26654052734375,15135800,0.0,0.0
2024-09-05 00:00:00-04:00,405.9916319874654,411.44975138862225,404.50759397621573,406.7585754394531,14195500,0.0,0.0
2024-09-06 00:00:00-04:00,407.4258901774711,409.0095348193582,399.19887738785627,400.0953063964844,19609500,0.0,0.0
2024-09-09 00:00:00-04:00,405.6131601713445,407.01753119323797,400.5434971977151,404.0992431640625,15295100,0.0,0.0
2024-09-10 00:00:00-04:00,406.56934824108026,414.66684525245614,406.0713456246143,412.5453796386719,19594300,0.0,0.0
2024-09-11 00:00:00-04:00,413.84017908445105,422.29625388353406,407.9438146629927,421.3500671386719,19266900,0.0,0.0
2024-09-12 00:00:00-04:00,421.6189886086143,425.6627675750461,418.07321227741465,425.29425048828125,17418800,0.0,0.0
2024-09-13 00:00:00-04:00,424.12890877471926,430.10494036688726,423.76039168984255,428.8699035644531,15874600,0.0,0.0
2024-09-16 00:00:00-04:00,428.87987866290234,431.79816683164466,426.50938123863534,429.6169128417969,13834700,0.0,0.0
2024-09-17 00:00:00-04:00,438.47140586333086,440.08492951868885,430.5431821213062,433.41168212890625,18874200,0.0,0.0
2024-09-18 00:00:00-04:00,433.2622842089649,434.28816840172493,428.6906237541022,429.0890197753906,18898000,0.0,0.0
2024-09-19 00:00:00-04:00,439.46742297057807,439.73633345516527,435.1547030637013,436.93756103515625,21706600,0.0,0.0
2024-09-20 00:00:00-04:00,435.47341133704515,437.4853309751932,432.4853956233,433.53118896484375,55167100,0.0,0.0
2024-09-23 00:00:00-04:00,432.5451724016005,434.7164566201473,428.6707276626035,431.77825927734375,15128900,0.0,0.0
2024-09-24 00:00:00-04:00,431.27028375011014,431.6188916752313,424.39785343692114,427.4555969238281,17015800,0.0,0.0
2024-09-25 00:00:00-04:00,428.11292879639643,431.38979462226376,426.8579828341436,430.3838195800781,13396400,0.0,0.0
2024-09-26 00:00:00-04:00,433.3519348863203,433.56108748494046,427.41575191106693,429.5870361328125,14492000,0.0,0.0
2024-09-27 00:00:00-04:00,429.7961684722898,430.1248672217253,425.762359424982,426.3101501464844,14896100,0.0,0.0
2024-09-30 00:00:00-04:00,426.49940732473704,428.7006008520287,423.67075601092984,428.5810546875,16807300,0.0,0.0
2024-10-01 00:00:00-04:00,426.73847108913304,426.7683500314763,417.1369656739266,419.00946044921875,19092900,0.0,0.0
2024-10-02 00:00:00-04:00,420.89186366215563,421.13092557899313,415.0453180067373,415.4636535644531,16582300,0.0,0.0
2024-10-03 00:00:00-04:00,415.9616796785687,417.8739927473743,412.63502577299244,414.87603759765625,13686400,0.0,0.0
2024-10-04 00:00:00-04:00,416.5692334072243,418.07321108796054,413.3123071245128,414.39794921875,19169700,0.0,0.0
2024-10-07 00:00:00-04:00,414.3381769946468,415.4437282135342,407.3661403625253,407.90399169921875,20919800,0.0,0.0
2024-10-08 00:00:00-04:00,409.25856700863125,413.99956190900485,406.5394920239681,413.0533447265625,19229300,0.0,0.0
2024-10-09 00:00:00-04:00,414.19871346026423,418.70067647812056,412.6449477589923,415.7923278808594,14974300,0.0,0.0
2024-10-10 00:00:00-04:00,413.57128437543724,415.68281071093077,411.49957636636015,414.1788330078125,13848400,0.0,0.0
2024-10-11 00:00:00-04:00,414.47761722865823,415.4636526469778,411.59914761969196,414.6568908691406,14144900,0.0,0.0
2024-10-14 00:00:00-04:00,416.10111495840073,422.3460875183581,415.8521136383557,417.4656677246094,16653100,0.0,0.0
2024-10-15 00:00:00-04:00,420.4934907291295,420.7923105426525,413.60115139482065,417.0672302246094,18900200,0.0,0.0
2024-10-16 00:00:00-04:00,413.51151588006746,414.6967341717602,408.84024879356656,414.45770263671875,15508900,0.0,0.0
2024-10-17 00:00:00-04:00,420.6727515049861,420.81220682616237,413.9298070859751,415.0552978515625,14820000,0.0,0.0
2024-10-18 00:00:00-04:00,415.47364856596283,417.97360109842316,414.5971590742364,416.48956298828125,17145300,0.0,0.0
2024-10-21 00:00:00-04:00,414.457708513249,417.2863598354636,412.09718088424023,417.1070861816406,14206100,0.0,0.0
2024-10-22 00:00:00-04:00,416.8182287379404,428.85992860317606,416.3700446113444,425.8022155761719,25482200,0.0,0.0
2024-10-23 00:00:00-04:00,429.13881136450993,429.3579337373482,420.8421009299413,422.9038391113281,19654400,0.0,0.0
2024-10-24 00:00:00-04:00,423.6309040350223,424.27833177082186,420.71261591698874,423.0333251953125,13581600,0.0,0.0
2024-10-25 00:00:00-04:00,425.0552047565001,430.79217425375066,424.8659613297776,426.43963623046875,16899100,0.0,0.0
2024-10-28 00:00:00-04:00,429.9356180313113,430.21449827781026,424.5970142324742,424.8858642578125,14882400,0.0,0.0
2024-10-29 00:00:00-04:00,426.29025434116863,431.43961494644003,424.09903059516625,430.2244873046875,17644100,0.0,0.0
2024-10-30 00:00:00-04:00,435.69254402246366,436.7483071680008,430.3738795735308,430.8021545410156,29749100,0.0,0.0
2024-10-31 00:00:00-04:00,413.70073237613923,414.4975548257246,404.67692710480617,404.72674560546875,53971000,0.0,0.0
2024-11-01 00:00:00-04:00,407.37612978056814,413.8401943287888,405.8721520793777,408.7306823730469,24230400,0.0,0.0
2024-11-04 00:00:00-05:00,408.1629515330161,408.78050033889826,403.9498686523884,406.82830810546875,19672300,0.0,0.0
2024-11-05 00:00:00-05:00,406.73866209939297,413.24257521436044,406.4498120639611,409.8163146972656,17626000,0.0,0.0
2024-11-06 00:00:00-05:00,410.77248502778195,418.77040570560524,408.8800507986786,418.50146484375,26681800,0.0,0.0
2024-11-07 00:00:00-05:00,419.5970836269586,425.14484007349097,418.2026823789465,423.7304992675781,19901800,0.0,0.0
2024-11-08 00:00:00-05:00,423.6209440547306,424.7962229099081,420.095077093531,420.85205078125,16891400,0.0,0.0
2024-11-11 00:00:00-05:00,420.83211176857736,423.11297221775334,414.3381687204943,416.34014892578125,24503300,0.0,0.0
2024-11-12 00:00:00-05:00,416.57918414479684,422.744458901271,415.533390819855,421.340087890625,19401200,0.0,0.0
2024-11-13 00:00:00-05:00,419.9556581526565,427.6149103778975,416.5393371261829,423.5014343261719,21502200,0.0,0.0
2024-11-14 00:00:00-05:00,423.30222788535474,426.4595778768523,418.3222016749388,425.1846923828125,30246900,0.0,0.0
2024-11-15 00:00:00-05:00,418.14294637599176,421.1110226744225,411.98764100476023,413.3421936035156,28247600,0.0,0.0
2024-11-18 00:00:00-05:00,413.21269235073834,416.72858966014985,410.45376875637714,414.0991516113281,24742000,0.0,0.0
2024-11-19 00:00:00-05:00,411.4597051471197,416.27042741990954,409.9059394231008,416.12103271484375,18133500,0.0,0.0
2024-11-20 00:00:00-05:00,415.2046922657536,415.62302783332285,408.93981090505724,413.8302001953125,19191700,0.0,0.0
2024-11-21 00:00:00-05:00,418.6605301722443,418.9399686403921,409.4689690149979,412.0437927246094,20780200,0.83,0.0
2024-11-22 00:00:00-05:00,410.5467888521348,416.56472079906104,410.2374116400306,416.16552734375,24814600,0.0,0.0
2024-11-25 00:00:00-05:00,417.54278213072394,420.23736087052777,414.0198472532827,417.95196533203125,27691100,0.0,0.0
2024-11-26 00:00:00-05:00,418.75036014607525,428.18146205416855,418.01185069672323,427.133544921875,23458900,0.0,0.0
2024-11-27 00:00:00-05:00,424.2593075311874,426.37509083138485,421.17549451394376,422.1435546875,18332400,0.0,0.0
2024-11-29 00:00:00-05:00,419.24935840992123,424.0297817162198,416.9639323784013,422.61260986328125,16271900,0.0,0.0
2024-12-02 00:00:00-05:00,420.72641076442574,432.13353107658475,420.4669212999132,430.1175842285156,20207200,0.0,0.0
2024-12-03 00:00:00-05:00,428.9798333762607,431.60457529422956,426.88402964452257,430.3371276855469,18302000,0.0,0.0
2024-12-04 00:00:00-05:00,432.1634480898198,438.79017518476684,431.7642546343851,436.544677734375,26009400,0.0,0.0
2024-12-05 00:00:00-05:00,437.0436765362191,443.770179142923,435.2971785217715,441.7342529296875,21697800,0.0,0.0
2024-12-06 00:00:00-05:00,441.4148949698492,445.2073090094776,440.88595677867977,442.682373046875,18821000,0.0,0.0
2024-12-09 00:00:00-05:00,441.7143023543043,447.4328163406456,439.6184986530788,445.12744140625,19144400,0.0,0.0
2024-12-10 00:00:00-05:00,443.500747434082,448.7202622082635,440.71632196493806,442.4428405761719,18469500,0.0,0.0
2024-12-11 00:00:00-05:00,443.1614051498909,449.4488165759074,443.1614051498909,448.0915222167969,19200200,0.0,0.0
2024-12-12 00:00:00-05:00,448.2112581986308,455.24716851093444,448.2112581986308,448.6603698730469,20834800,0.0,0.0
2024-12-13 00:00:00-05:00,447.5426110314286,450.5266178755225,444.6883184556146,446.37493896484375,20177800,0.0,0.0
2024-12-16 00:00:00-05:00,446.37494735046533,451.27512549789225,444.38893932865295,450.6863098144531,23598800,0.0,0.0
2024-12-17 00:00:00-05:00,450.10748972576295,454.3789237624039,448.67036888572403,453.5505676269531,22733500,0.0,0.0
2024-12-18 00:00:00-05:00,450.4168569277278,451.7441820228141,436.1454548251872,436.5147399902344,24444500,0.0,0.0
2024-12-19 00:00:00-05:00,440.73626782337294,442.29314366547726,435.4468858542376,436.15545654296875,22963700,0.0,0.0
2024-12-20 00:00:00-05:00,432.2432815476765,442.85201454579715,427.7722660445124,435.726318359375,64263700,0.0,0.0
2024-12-23 00:00:00-05:00,435.86603695951885,436.7742196281346,431.96385754199804,434.3790283203125,19152500,0.0,0.0
2024-12-24 00:00:00-05:00,433.7802087154167,438.7203153724094,433.32113775673025,438.4508361816406,7164500,0.0,0.0
2024-12-26 00:00:00-05:00,438.20133650274425,440.0576302640168,435.7562575113133,437.2332763671875,8194200,0.0,0.0
2024-12-27 00:00:00-05:00,433.73031978660106,434.3490742197977,425.49682901810996,429.66845703125,18117700,0.0,0.0
2024-12-30 00:00:00-05:00,425.2074080072107,426.6944166190143,421.05572893712207,423.9798583984375,13158700,0.0,0.0
2024-12-31 00:00:00-05:00,425.24732556190753,425.8760697244736,419.81820926028456,420.6565246582031,13246500,0.0,0.0
2025-01-02 00:00:00-05:00,424.67847521686525,425.2174031564215,414.01985416103116,417.74237060546875,16896500,0.0,0.0
2025-01-03 00:00:00-05:00,420.2373611517797,423.1814700735548,418.7004647827294,422.5028381347656,16662900,0.0,0.0
2025-01-06 00:00:00-05:00,427.1435291929144,433.450889550372,424.6285829292995,426.99383544921875,20573600,0.0,0.0
2025-01-07 00:00:00-05:00,428.1415176926379,429.7882097463078,419.957914728963,421.5247802734375,18139100,0.0,0.0
2025-01-08 00:00:00-05:00,422.61261379874435,426.11559975123726,420.69647292951623,423.7104187011719,15054600,0.0,0.0
2025-01-10 00:00:00-05:00,423.7802594986814,423.86008600637365,414.1894746460312,418.11163330078125,20201100,0.0,0.0
2025-01-13 00:00:00-05:00,414.4090535363967,417.66253969684465,411.4649750549722,416.35516357421875,17604800,0.0,0.0
2025-01-14 00:00:00-05:00,416.9739281792526,418.9000587938386,409.89811945983064,414.8382263183594,16935900,0.0,0.0
2025-01-15 00:00:00-05:00,418.29128437786517,427.29322350331137,417.4329894853562,425.4569091796875,19637800,0.0,0.0
2025-01-16 00:00:00-05:00,427.84212760615685,428.6305247845027,423.5407549144398,423.7303466796875,15300000,0.0,0.0
2025-01-17 00:00:00-05:00,433.22135040368397,433.61058460419247,427.31321381371214,428.1714782714844,26197500,0.0,0.0
2025-01-21 00:00:00-05:00,429.33912735658424,430.03770829379437,424.7483264493822,427.64251708984375,26085700,0.0,0.0
2025-01-22 00:00:00-05:00,436.68440364505375,446.37496460039233,435.1275277712005,445.30712890625,27803800,0.0,0.0
2025-01-23 00:00:00-05:00,441.1155043659929,445.85599903960934,440.61650492666485,445.8160705566406,18389300,0.0,0.0
2025-01-24 00:00:00-05:00,444.2691915941594,445.7562002010948,440.5167060042179,443.17138671875,15549500,0.0,0.0
2025-01-27 00:00:00-05:00,423.16152296669173,434.32913308449037,422.6525337820519,433.6903991699219,35647800,0.0,0.0
2025-01-28 00:00:00-05:00,433.73032267022137,447.4827461239755,430.51676503368185,446.30511474609375,23491700,0.0,0.0
2025-01-29 00:00:00-05:00,445.79611510422404,445.98573732495043,439.51869372032735,441.44482421875,23581400,0.0,0.0
2025-01-30 00:00:00-05:00,417.9319804505241,422.0137922192137,412.33322134699057,414.1595458984375,54586300,0.0,0.0
2025-01-31 00:00:00-05:00,418.141600337115,419.84816997012905,414.0797374049759,414.22943115234375,34223400,0.0,0.0
2025-02-03 00:00:00-05:00,410.7763492208031,414.57872255523336,407.8422300476431,410.09771728515625,25679100,0.0,0.0
2025-02-04 00:00:00-05:00,411.86416676091864,413.09171636714575,408.9200578355856,411.5447998046875,20532100,0.0,0.0
2025-02-05 00:00:00-05:00,411.5248607564065,413.0018796658512,409.5787506797878,412.4629821777344,16316700,0.0,0.0
2025-02-06 00:00:00-05:00,413.1715497090401,417.36315732347487,413.1715497090401,414.9879150390625,16309800,0.0,0.0
2025-02-07 00:00:00-05:00,415.6465973451397,417.8122379259866,407.2833615993766,408.9300537109375,22886800,0.0,0.0
2025-02-10 00:00:00-05:00,412.8821197108573,414.62861779989964,410.0977246861568,411.3951110839844,20817900,0.0,0.0
2025-02-11 00:00:00-05:00,408.8202828688126,411.6645553606299,408.48093644203584,410.6166687011719,18140600,0.0,0.0
2025-02-12 00:00:00-05:00,406.3951110778186,409.92803560329327,403.56079794352274,408.2214660644531,19121700,0.0,0.0
2025-02-13 00:00:00-05:00,406.185550721702,410.17754630619044,405.54681680905935,409.7184753417969,23891700,0.0,0.0
2025-02-14 00:00:00-05:00,406.9739674594389,408.0917213200678,405.06778596420224,407.6126708984375,22758500,0.0,0.0
2025-02-18 00:00:00-05:00,407.18354917543536,409.7783523938356,405.6865508328786,408.8202819824219,21423100,0.0,0.0
2025-02-19 00:00:00-05:00,407.06380569744374,414.6585628844229,406.8342549807474,413.94000244140625,24114200,0.0,0.0
2025-02-20 00:00:00-05:00,415.2900085449219,419.30999755859375,412.5400085449219,416.1300048828125,23508700,0.83,0.0
2025-02-21 00:00:00-05:00,417.3399963378906,418.04998779296875,407.8900146484375,408.2099914550781,27524800,0.0,0.0
2025-02-24 00:00:00-05:00,408.510009765625,409.3699951171875,399.32000732421875,404.0,26443700,0.0,0.0
2025-02-25 00:00:00-05:00,401.1000061035156,401.9200134277344,396.70001220703125,397.8999938964844,29387400,0.0,0.0
2025-02-26 00:00:00-05:00,398.010009765625,403.6000061035156,394.25,399.7300109863281,19619000,0.0,0.0
2025-02-27 00:00:00-05:00,401.2699890136719,405.739990234375,392.1700134277344,392.5299987792969,21127400,0.0,0.0
2025-02-28 00:00:00-05:00,392.6600036621094,397.6300048828125,386.57000732421875,396.989990234375,32845700,0.0,0.0
2025-03-03 00:00:00-05:00,398.82000732421875,398.82000732421875,386.1600036621094,388.489990234375,23007700,0.0,0.0
2025-03-04 00:00:00-05:00,383.3999938964844,392.5799865722656,381.0,388.6099853515625,29342900,0.0,0.0
2025-03-05 00:00:00-05:00,389.3399963378906,401.6700134277344,388.80999755859375,401.0199890136719,23433100,0.0,0.0
2025-03-06 00:00:00-05:00,394.2799987792969,402.1499938964844,392.67999267578125,396.8900146484375,23304600,0.0,0.0
2025-03-07 00:00:00-05:00,392.32000732421875,394.79998779296875,385.5400085449219,393.30999755859375,22034100,0.0,0.0
2025-03-10 00:00:00-04:00,385.8399963378906,386.3999938964844,377.2200012207031,380.1600036621094,32840100,0.0,0.0
2025-03-11 00:00:00-04:00,379.0,386.0,376.9100036621094,380.45001220703125,30380200,0.0,0.0
2025-03-12 00:00:00-04:00,382.95001220703125,385.2200012207031,378.95001220703125,383.2699890136719,24253600,0.0,0.0
2025-03-13 00:00:00-04:00,383.1600036621094,385.32000732421875,377.45001220703125,378.7699890136719,20473000,0.0,0.0
2025-03-14 00:00:00-04:00,379.7799987792969,390.2300109863281,379.510009765625,388.55999755859375,19952800,0.0,0.0
2025-03-17 00:00:00-04:00,386.70001220703125,392.7099914550781,385.57000732421875,388.70001220703125,22474300,0.0,0.0
2025-03-18 00:00:00-04:00,387.07000732421875,387.3699951171875,381.1000061035156,383.5199890136719,19486900,0.0,0.0
2025-03-19 00:00:00-04:00,385.5299987792969,389.67999267578125,384.0,387.82000732421875,19185500,0.0,0.0
2025-03-20 00:00:00-04:00,385.739990234375,391.7900085449219,383.2799987792969,386.8399963378906,18470500,0.0,0.0
2025-03-21 00:00:00-04:00,383.2200012207031,391.739990234375,382.79998779296875,391.260009765625,39675900,0.0,0.0
2025-03-24 00:00:00-04:00,395.3999938964844,395.3999938964844,389.80999755859375,393.0799865722656,21004500,0.0,0.0
2025-03-25 00:00:00-04:00,393.9200134277344,396.3599853515625,392.6400146484375,395.1600036621094,15775000,0.0,0.0
2025-03-26 00:00:00-04:00,395.0,395.30999755859375,388.57000732421875,389.9700012207031,16108400,0.0,0.0
2025-03-27 00:00:00-04:00,390.1300048828125,392.239990234375,387.3999938964844,390.5799865722656,13766800,0.0,0.0
2025-03-28 00:00:00-04:00,388.0799865722656,389.1300048828125,376.92999267578125,378.79998779296875,21632000,0.0,0.0
2025-03-31 00:00:00-04:00,372.5400085449219,377.07000732421875,367.239990234375,375.3900146484375,35184700,0.0,0.0
2025-04-01 00:00:00-04:00,374.6499938964844,382.8500061035156,373.2300109863281,382.19000244140625,19689500,0.0,0.0
2025-04-02 00:00:00-04:00,377.9700012207031,385.0799865722656,376.6199951171875,382.1400146484375,16092600,0.0,0.0
2025-04-03 00:00:00-04:00,374.7900085449219,377.4800109863281,369.3500061035156,373.1099853515625,30198000,0.0,0.0
2025-04-04 00:00:00-04:00,364.1300048828125,374.5899963378906,359.4800109863281,359.8399963378906,49209900,0.0,0.0
2025-04-07 00:00:00-04:00,350.8800048828125,371.0,344.7900085449219,357.8599853515625,50425000,0.0,0.0
2025-04-08 00:00:00-04:00,368.260009765625,373.6499938964844,350.25,354.55999755859375,35868900,0.0,0.0
2025-04-09 00:00:00-04:00,353.5400085449219,393.2300109863281,353.1000061035156,390.489990234375,50199700,0.0,0.0
2025-04-10 00:00:00-04:00,382.05999755859375,383.8999938964844,367.79998779296875,381.3500061035156,38024400,0.0,0.0
2025-04-11 00:00:00-04:00,380.6400146484375,390.04998779296875,378.8900146484375,388.45001220703125,23839200,0.0,0.0
2025-04-14 00:00:00-04:00,393.2200012207031,394.6499938964844,384.2099914550781,387.80999755859375,19251200,0.0,0.0
2025-04-15 00:00:00-04:00,388.510009765625,391.8900146484375,384.1600036621094,385.7300109863281,17199900,0.0,0.0
2025-04-16 00:00:00-04:00,380.6700134277344,381.6099853515625,368.0,371.6099853515625,21967800,0.0,0.0
2025-04-17 00:00:00-04:00,373.75,374.32000732421875,366.8900146484375,367.7799987792969,20943700,0.0,0.0
2025-04-21 00:00:00-04:00,362.82000732421875,364.4800109863281,355.6700134277344,359.1199951171875,20807300,0.0,0.0
2025-04-22 00:00:00-04:00,363.3800048828125,367.7699890136719,359.8599853515625,366.82000732421875,19485000,0.0,0.0
2025-04-23 00:00:00-04:00,376.05999755859375,380.3900146484375,373.0199890136719,374.3900146484375,20545500,0.0,0.0
2025-04-24 00:00:00-04:00,375.70001220703125,388.45001220703125,375.19000244140625,387.29998779296875,22232300,0.0,0.0
2025-04-25 00:00:00-04:00,387.0,392.1600036621094,384.6000061035156,391.8500061035156,18973200,0.0,0.0
2025-04-28 00:00:00-04:00,391.9599914550781,392.739990234375,386.6400146484375,391.1600036621094,16579400,0.0,0.0
2025-04-29 00:00:00-04:00,391.29998779296875,395.1000061035156,390.3800048828125,394.0400085449219,14974000,0.0,0.0
