Date,Open,High,Low,Close,Volume,Dividends,Stock Splits
2019-01-02 00:00:00-05:00,3.2394146399426385,3.433819052704614,3.2247847018464455,3.377779006958008,508752000,0.0,0.0
2019-01-03 00:00:00-05:00,3.3175235866890644,3.3514948117165626,3.1662650253054467,3.173703908920288,705552000,0.0,0.0
2019-01-04 00:00:00-05:00,3.246853156512521,3.4152213399831215,3.2161056016981533,3.377034902572632,585620000,0.0,0.0
2019-01-07 00:00:00-05:00,3.434315750145806,3.5927653887223716,3.382986807469436,3.555818557739258,709160000,0.0,0.0
2019-01-08 00:00:00-05:00,3.63739865805279,3.639630536113456,3.394640890046276,3.467294692993164,786016000,0.0,0.0
2019-01-09 00:00:00-05:00,3.518623687193654,3.5828468232133175,3.4680389400350418,3.5354855060577393,617260000,0.0,0.0
2019-01-10 00:00:00-05:00,3.516143481815704,3.6098740718264133,3.4556399190383114,3.6011953353881836,523156000,0.0,0.0
2019-01-11 00:00:00-05:00,3.578879093014986,3.7132763270259823,3.5511071314183558,3.6904635429382324,874764000,0.0,0.0
2019-01-14 00:00:00-05:00,3.6381421571545687,3.7556775515991787,3.614585417920929,3.7303850650787354,730168000,0.0,0.0
2019-01-15 00:00:00-05:00,3.7631160686379284,3.802542594862659,3.697901400865892,3.7162508964538574,617012000,0.0,0.0
2019-01-16 00:00:00-05:00,3.74352788210557,3.7765070855015805,3.6852561883953454,3.690711259841919,470104000,0.0,0.0
2019-01-17 00:00:00-05:00,3.657732329706635,3.802047925140972,3.630456024524547,3.7621254920959473,493436000,0.0,0.0
2019-01-18 00:00:00-05:00,3.811965786256249,3.9173509531694863,3.7603890234866792,3.8913145065307617,651336000,0.0,0.0
2019-01-22 00:00:00-05:00,3.8610623591213886,3.872716695041027,3.658722958565261,3.688974618911743,661552000,0.0,0.0
2019-01-23 00:00:00-05:00,3.7442718634101175,3.8330432905960445,3.6706262701491577,3.7018697261810303,591020000,0.0,0.0
2019-01-24 00:00:00-05:00,3.786425869566935,3.931485175442335,3.781714521067783,3.913879871368408,708972000,0.0,0.0
2019-01-25 00:00:00-05:00,3.8543677777953187,3.9892606529172285,3.751710380207253,3.9711592197418213,1154572000,0.0,0.0
2019-01-28 00:00:00-05:00,3.385962285157664,3.512176436947682,3.248341859729649,3.4221651554107666,2511528000,0.0,0.0
2019-01-29 00:00:00-05:00,3.3760439057476446,3.4243972485348295,3.2485898924778076,3.2632198333740234,1153932000,0.0,0.0
2019-01-30 00:00:00-05:00,3.339344652694599,3.4211730836735206,3.2597478632009476,3.4067912101745605,974228000,0.0,0.0
2019-01-31 00:00:00-05:00,3.403568117334014,3.6002044500673946,3.3817471199052385,3.564497470855713,842852000,0.0,0.0
2019-02-01 00:00:00-05:00,3.583093956476168,3.639877960275876,3.53548481974273,3.588797092437744,625048000,0.0,0.0
2019-02-04 00:00:00-05:00,3.6046671841853786,3.736336635172922,3.5825983612912555,3.6991419792175293,528592000,0.0,0.0
2019-02-05 00:00:00-05:00,3.7110441990820515,3.75493401670386,3.6773210375621233,3.7182352542877197,542424000,0.0,0.0
2019-02-06 00:00:00-05:00,3.751462590826733,3.858335686829096,3.7460075194814295,3.7938647270202637,702464000,0.0,0.0
2019-02-07 00:00:00-05:00,3.747495266403964,3.7497269080362785,3.612602379033736,3.6555001735687256,637120000,0.0,0.0
2019-02-08 00:00:00-05:00,3.588301480661377,3.6847598514853512,3.5739196070014203,3.6740975379943848,461604000,0.0,0.0
2019-02-11 00:00:00-05:00,3.6299593966636032,3.684263694271687,3.583093982384313,3.6314473152160645,495180000,0.0,0.0
2019-02-12 00:00:00-05:00,3.6698817600081273,3.764108481009168,3.655499651139106,3.7484865188598633,591060000,0.0,0.0
2019-02-13 00:00:00-05:00,3.777994595509776,3.8640384771434837,3.7643564454130916,3.790888786315918,605372000,0.0,0.0
2019-02-14 00:00:00-05:00,3.7898973164389975,3.8600714124739066,3.746751221132702,3.831803321838379,827264000,0.0,0.0
2019-02-15 00:00:00-05:00,4.040589970789013,4.063402517766154,3.8786688449629603,3.9014816284179688,1516748000,0.0,0.0
2019-02-19 00:00:00-05:00,3.890818724559441,3.9647123761538743,3.8717255032248925,3.8841235637664795,551892000,0.0,0.0
2019-02-20 00:00:00-05:00,3.9133830294867753,3.9986829445713377,3.902224823467355,3.9314844608306885,540988000,0.0,0.0
2019-02-21 00:00:00-05:00,3.944131824964691,3.9686801209290485,3.8479212716691165,3.862551212310791,448548000,0.0,0.0
2019-02-22 00:00:00-05:00,3.914375355567139,3.966199947153265,3.900737205580121,3.947354555130005,401740000,0.0,0.0
2019-02-25 00:00:00-05:00,4.030919267172402,4.098365589907887,3.9262778151631865,3.9349567890167236,656020000,0.0,0.0
2019-02-26 00:00:00-05:00,3.9302449284657395,3.986284970912245,3.8620544187988846,3.8955297470092773,488464000,0.0,0.0
2019-02-27 00:00:00-05:00,3.881147995106965,3.9076800986647706,3.7965917983401463,3.853623867034912,500256000,0.0,0.0
2019-02-28 00:00:00-05:00,3.8474189526731846,3.869758842531903,3.806710887786944,3.8290505409240723,324944000,0.004,0.0
2019-03-01 00:00:00-05:00,3.8789428107662443,3.925608209742704,3.8206110620456695,3.883410930633545,357188000,0.0,0.0
2019-03-04 00:00:00-05:00,3.92188464290107,3.94472093484492,3.835007357804544,3.891601800918579,409992000,0.0,0.0
2019-03-05 00:00:00-05:00,3.875963963292582,3.923374086167874,3.821603695081215,3.885148286819458,362924000,0.0,0.0
2019-03-06 00:00:00-05:00,3.876212236061873,3.8846515966987245,3.7714631787438155,3.774193525314331,403524000,0.0,0.0
2019-03-07 00:00:00-05:00,3.7506124272354757,3.7602931555732804,3.6587708520941855,3.704939842224121,450104000,0.0,0.0
2019-03-08 00:00:00-05:00,3.6155807539530342,3.7498681708144153,3.5942336754772803,3.739194631576538,422416000,0.0,0.0
2019-03-11 00:00:00-04:00,3.7627764735864706,4.022663208721236,3.715614423265847,3.9998271465301514,859728000,0.0,0.0
2019-03-12 00:00:00-04:00,4.027626052712269,4.0804968597789495,3.951422314497766,4.0340800285339355,579576000,0.0,0.0
2019-03-13 00:00:00-04:00,4.071560827577849,4.214783972624473,4.064114042144982,4.1854939460754395,768900000,0.0,0.0
2019-03-14 00:00:00-04:00,4.194680236140912,4.206594909048257,4.101845589301372,4.1095404624938965,519384000,0.0,0.0
2019-03-15 00:00:00-04:00,4.152729833857256,4.257727213524288,4.149254761185275,4.215033531188965,661484000,0.0,0.0
2019-03-18 00:00:00-04:00,4.246556818989251,4.300420913134458,4.166629682568827,4.193686008453369,486992000,0.0,0.0
2019-03-19 00:00:00-04:00,4.288258484298324,4.4059152695797685,4.271379761446527,4.361483573913574,854972000,0.0,0.0
2019-03-20 00:00:00-04:00,4.390523663713559,4.443891103350429,4.294213998868269,4.328965187072754,719148000,0.0,0.0
2019-03-21 00:00:00-04:00,4.352051276652491,4.592080321323037,4.347086751867949,4.565768718719482,824312000,0.0,0.0
2019-03-22 00:00:00-04:00,4.53846465628506,4.58711567221418,4.39201449321232,4.405914783477783,747644000,0.0,0.0
2019-03-25 00:00:00-04:00,4.36520613460403,4.429494968417297,4.2473012939946,4.3135762214660645,525212000,0.0,0.0
2019-03-26 00:00:00-04:00,4.455310476682251,4.511408278972324,4.33393054894447,4.390276908874512,703508000,0.0,0.0
2019-03-27 00:00:00-04:00,4.4158447080394785,4.462261555043418,4.311592036941523,4.381093502044678,474372000,0.0,0.0
2019-03-28 00:00:00-04:00,4.407154582708,4.465486549241608,4.346588912047181,4.399708271026611,480264000,0.0,0.0
2019-03-29 00:00:00-04:00,4.4664803464991625,4.481373920040012,4.41609179567099,4.457047939300537,456896000,0.0,0.0
2019-04-01 00:00:00-04:00,4.548889773632758,4.5548471083926945,4.477154145762543,4.524564266204834,483824000,0.0,0.0
2019-04-02 00:00:00-04:00,4.548642493225226,4.586868297366812,4.505700247903824,4.542436599731445,440920000,0.0,0.0
2019-04-03 00:00:00-04:00,4.592079603645218,4.7410120098034065,4.587115079636563,4.6819353103637695,783504000,0.0,0.0
2019-04-04 00:00:00-04:00,4.666547311059874,4.715446896558792,4.6102014102128726,4.673001289367676,457376000,0.0,0.0
2019-04-05 00:00:00-04:00,4.7161901091758605,4.757146724218757,4.679701850039642,4.739770889282227,481744000,0.0,0.0
2019-04-08 00:00:00-04:00,4.709240190136148,4.785692257812176,4.685162767072555,4.760622024536133,424192000,0.0,0.0
2019-04-09 00:00:00-04:00,4.727113084917723,4.738283030437748,4.655625528278199,4.6978230476379395,439972000,0.0,0.0
2019-04-10 00:00:00-04:00,4.697077285673346,4.794131227388076,4.692609403139238,4.768316268920898,444772000,0.0,0.0
2019-04-11 00:00:00-04:00,4.770799019021911,4.802323231055334,4.705020721761634,4.754416465759277,374600000,0.0,0.0
2019-04-12 00:00:00-04:00,4.793138927871197,4.797110642459718,4.707751088484751,4.7164387702941895,471708000,0.0,0.0
2019-04-15 00:00:00-04:00,4.708742644860897,4.713707168413738,4.544917155161312,4.584632396697998,440092000,0.0,0.0
2019-04-16 00:00:00-04:00,4.623852363178733,4.690623466124073,4.591087258909269,4.671758651733398,394964000,0.0,0.0
2019-04-17 00:00:00-04:00,4.706758744602291,4.7276091830110625,4.626583506356754,4.648923397064209,351004000,0.0,0.0
2019-04-18 00:00:00-04:00,4.655623806724307,4.689629799187818,4.596547112088734,4.624347686767578,380988000,0.0,0.0
2019-04-22 00:00:00-04:00,4.600768233384799,4.693850947262469,4.569244493654826,4.678213119506836,279936000,0.0,0.0
2019-04-23 00:00:00-04:00,4.6913677295083955,4.76409663345037,4.6816872390750355,4.732820510864258,346856000,0.0,0.0
2019-04-24 00:00:00-04:00,4.743246011461354,4.785940163102569,4.682432245594799,4.745232105255127,318204000,0.0,0.0
2019-04-25 00:00:00-04:00,4.705021785947168,4.727361679398447,4.55981295195711,4.639491558074951,499296000,0.0,0.0
2019-04-26 00:00:00-04:00,4.4855939367154125,4.490062293532506,4.301662678146843,4.420560359954834,868988000,0.0,0.0
2019-04-29 00:00:00-04:00,4.42850176694011,4.479138865495448,4.356269511763721,4.451338291168213,391920000,0.0,0.0
2019-04-30 00:00:00-04:00,4.419069467153522,4.518357573153393,4.399956571846963,4.492791175842285,362920000,0.0,0.0
2019-05-01 00:00:00-04:00,4.545167365707555,4.587364884366795,4.479388588317941,4.479637145996094,354280000,0.0,0.0
2019-05-02 00:00:00-04:00,4.489318119274477,4.588854354107428,4.446127785611975,4.547153472900391,394684000,0.0,0.0
2019-05-03 00:00:00-04:00,4.555591078978331,4.565519652969722,4.481124643549219,4.5426836013793945,336824000,0.0,0.0
2019-05-06 00:00:00-04:00,4.356270934892559,4.476409981956644,4.319037943048975,4.464247226715088,422176000,0.0,0.0
2019-05-07 00:00:00-04:00,4.415844692294973,4.415844692294973,4.24879214550784,4.296947002410889,555220000,0.0,0.0
2019-05-08 00:00:00-04:00,4.269392738544462,4.397226143020666,4.257478071360348,4.317050933837891,419168000,0.0,0.0
2019-05-09 00:00:00-04:00,4.248044707733169,4.25772519509551,4.105566322282478,4.22446346282959,660248000,0.0,0.0
2019-05-10 00:00:00-04:00,4.193686239704331,4.259216448720151,4.070816861078106,4.190459251403809,569500000,0.0,0.0
2019-05-13 00:00:00-04:00,4.058406337911871,4.081490952751725,3.9171687756356715,3.9330549240112305,656912000,0.0,0.0
2019-05-14 00:00:00-04:00,3.972770032750843,4.057413622475935,3.9340478262869696,4.0221662521362305,524880000,0.0,0.0
2019-05-15 00:00:00-04:00,3.9665643709042584,3.9975919404015254,3.9072398152086056,3.961103677749634,502320000,0.0,0.0
2019-05-16 00:00:00-04:00,3.9556430484306704,4.018939323421054,3.9131974475472107,3.976245164871216,781088000,0.0,0.0
2019-05-17 00:00:00-04:00,3.9342960569413328,4.063618948811245,3.8459295489004566,3.8853964805603027,1022068000,0.0,0.0
2019-05-20 00:00:00-04:00,3.7866041440940967,3.8417091310435936,3.7419243737628203,3.7667465209960938,572064000,0.0,0.0
2019-05-21 00:00:00-04:00,3.827560868877688,3.8647938563869233,3.7888384293040094,3.848907709121704,361848000,0.0,0.0
2019-05-22 00:00:00-04:00,3.810185368322027,3.836248411290568,3.76699481084029,3.777916669845581,325868000,0.0,0.0
2019-05-23 00:00:00-04:00,3.7156136414344476,3.7156136414344476,3.596964287794492,3.656785488128662,591844000,0.0,0.0
2019-05-24 00:00:00-04:00,3.6756504140817543,3.7108977872335642,3.5962199007313345,3.602921962738037,357584000,0.0,0.0
2019-05-28 00:00:00-04:00,3.6205453249661255,3.6533104324600605,3.555759599351059,3.5577454566955566,428356000,0.0,0.0
2019-05-29 00:00:00-04:00,3.5100868721445884,3.5450859198163482,3.4487764584867997,3.483527421951294,559800000,0.0,0.0
2019-05-30 00:00:00-04:00,3.4867579887823474,3.5225425609214227,3.418667883671068,3.456937551498413,394300000,0.004,0.0
2019-05-31 00:00:00-04:00,3.407982295901955,3.4753268275582676,3.3644940676131325,3.3662335872650146,389720000,0.0,0.0
2019-06-03 00:00:00-04:00,3.3774162284144906,3.4161828688993725,3.295161597313659,3.3244850635528564,478644000,0.0,0.0
2019-06-04 00:00:00-04:00,3.388599306671337,3.558824592791078,3.366482520793292,3.5536060333251953,641836000,0.0,0.0
2019-06-05 00:00:00-04:00,3.627410618441743,3.6328777807087262,3.4745808122187323,3.510862350463867,511616000,0.0,0.0
2019-06-06 00:00:00-04:00,3.515087395466578,3.5975906262764936,3.5126022998598807,3.572988748550415,408140000,0.0,0.0
2019-06-07 00:00:00-04:00,3.5789531985054914,3.6500251379808932,3.5598182450382985,3.615731716156006,348856000,0.0,0.0
2019-06-10 00:00:00-04:00,3.671893699820949,3.7571306414737142,3.671893699820949,3.6885435581207275,402780000,0.0,0.0
2019-06-11 00:00:00-04:00,3.7484327614973827,3.7862054607206415,3.7066842880297246,3.7461962699890137,383872000,0.0,0.0
2019-06-12 00:00:00-04:00,3.702707513482679,3.7089202523359184,3.6179677936535795,3.6331264972686768,358892000,0.0,0.0
2019-06-13 00:00:00-04:00,3.6552436812465916,3.7027079211490617,3.6375998801476244,3.684318780899048,308080000,0.0,0.0
2019-06-14 00:00:00-04:00,3.5911296783061224,3.615482952749099,3.5496295752090177,3.594360113143921,394428000,0.0,0.0
2019-06-17 00:00:00-04:00,3.5926207681473916,3.6410791890036958,3.569758407828001,3.6040520668029785,276040000,0.0,0.0
2019-06-18 00:00:00-04:00,3.6654324564911045,3.854543841227271,3.6544983666206434,3.7991275787353516,581920000,0.0,0.0
2019-06-19 00:00:00-04:00,3.834415085999431,3.8458461473541314,3.778998587891173,3.805091619491577,331644000,0.0,0.0
2019-06-20 00:00:00-04:00,3.895795715351258,3.909711873308816,3.815031993929556,3.8294451236724854,350168000,0.0,0.0
2019-06-21 00:00:00-04:00,3.8145346916961733,3.863738449062333,3.7648337255959237,3.7712948322296143,434428000,0.0,0.0
2019-06-24 00:00:00-04:00,3.7926662204093486,3.8232322335350424,3.74545035070567,3.7936601638793945,282948000,0.0,0.0
2019-06-25 00:00:00-04:00,3.7986307227800666,3.873678912841051,3.7616035995326857,3.7643370628356934,311868000,0.0,0.0
2019-06-26 00:00:00-04:00,3.8918192212461324,4.018804857830017,3.8788970084624843,3.957672595977783,584072000,0.0,0.0
2019-06-27 00:00:00-04:00,4.043405609880805,4.075462530436243,4.007372442426079,4.056327819824219,445440000,0.0,0.0
2019-06-28 00:00:00-04:00,4.1003143356473615,4.109509142965526,4.034460954052617,4.081179618835449,397668000,0.0,0.0
2019-07-01 00:00:00-04:00,4.288432119239045,4.322725781373977,4.0918654284592115,4.129389762878418,709756000,0.0,0.0
2019-07-02 00:00:00-04:00,4.112739578115169,4.133862657230462,4.018308299554402,4.0314788818359375,400228000,0.0,0.0
2019-07-03 00:00:00-04:00,4.054836853668992,4.060552619976566,3.9845105086691075,4.044399738311768,246636000,0.0,0.0
2019-07-05 00:00:00-04:00,3.98600252173469,3.990475504427953,3.918409150648736,3.9817779064178467,396552000,0.0,0.0
2019-07-08 00:00:00-04:00,3.922136768704108,3.941023116827051,3.8766606549792244,3.9067294597625732,329788000,0.0,0.0
2019-07-09 00:00:00-04:00,3.864483486986716,3.9372951738764623,3.851809879074145,3.9092142581939697,342860000,0.0,0.0
2019-07-10 00:00:00-04:00,3.952702647043017,4.034957273726255,3.9387864907932983,3.977553129196167,452076000,0.0,0.0
2019-07-11 00:00:00-04:00,4.050612991208622,4.172877042352044,4.013337504586905,4.13212251663208,682560000,0.0,0.0
2019-07-12 00:00:00-04:00,4.159955447992416,4.2362464261127695,4.159955447992416,4.1651740074157715,506392000,0.0,0.0
2019-07-15 00:00:00-04:00,4.186295320703177,4.202447726971695,4.128393982674074,4.1567230224609375,289840000,0.0,0.0
2019-07-16 00:00:00-04:00,4.141814537164038,4.179090028099605,4.096338182271511,4.152003288269043,341444000,0.0,0.0
2019-07-17 00:00:00-04:00,4.153742889857145,4.22431809882267,4.124419420919609,4.217360019683838,348204000,0.0,0.0
2019-07-18 00:00:00-04:00,4.227795927884981,4.291909774159534,4.171136893419797,4.229038238525391,442192000,0.0,0.0
2019-07-19 00:00:00-04:00,4.267309130804441,4.27377000080973,4.179835463467045,4.185799598693848,344896000,0.0,0.0
2019-07-22 00:00:00-04:00,4.207170391872514,4.27029029976045,4.199715105498288,4.257368087768555,315940000,0.0,0.0
2019-07-23 00:00:00-04:00,4.296633215891825,4.367207957252126,4.280977062430895,4.365220069885254,428176000,0.0,0.0
2019-07-24 00:00:00-04:00,4.408458395193091,4.445485511839299,4.332416275122632,4.439769744873047,366236000,0.0,0.0
2019-07-25 00:00:00-04:00,4.398270292722599,4.410944139259118,4.285201039379807,4.308560371398926,392700000,0.0,0.0
2019-07-26 00:00:00-04:00,4.335647227502245,4.397275987465649,4.335647227502245,4.350557327270508,274160000,0.0,0.0
2019-07-29 00:00:00-04:00,4.343350672530743,4.360497499730886,4.2561258584134745,4.344344615936279,248160000,0.0,0.0
2019-07-30 00:00:00-04:00,4.297874640112289,4.372177247432304,4.28346127471765,4.3600006103515625,197772000,0.0,0.0
2019-07-31 00:00:00-04:00,4.328441106425115,4.329435524045486,4.150512397887782,4.192758083343506,359416000,0.0,0.0
2019-08-01 00:00:00-04:00,4.203195080422546,4.293650584510864,4.04614061476965,4.098326683044434,421212000,0.0,0.0
2019-08-02 00:00:00-04:00,4.005633354187012,4.074966234179459,3.958169360509785,4.005633354187012,428348000,0.0,0.0
2019-08-05 00:00:00-04:00,3.8219898180715823,3.823232365948057,3.7002229700783498,3.747190237045288,589156000,0.0,0.0
2019-08-06 00:00:00-04:00,3.8219905204905325,3.867466643566754,3.7382447215575847,3.7859573364257812,361272000,0.0,0.0
2019-08-07 00:00:00-04:00,3.7250730525241433,3.8361544104711895,3.707677857003392,3.824226140975952,372560000,0.0,0.0
2019-08-08 00:00:00-04:00,3.8818789540229655,3.9340647752442184,3.8244745743787623,3.9328222274780273,309300000,0.0,0.0
2019-08-09 00:00:00-04:00,3.8918190267083976,3.8952980655922635,3.7809862801400764,3.831432580947876,341816000,0.0,0.0
2019-08-12 00:00:00-04:00,3.779246725935072,3.8314325457047773,3.7417226376101493,3.7635910511016846,279200000,0.0,0.0
2019-08-13 00:00:00-04:00,3.762100736203237,3.923876789789998,3.7230857241134387,3.877903461456299,351956000,0.0,0.0
2019-08-14 00:00:00-04:00,3.789684329320449,3.800867023349917,3.685561280748226,3.7292978763580322,419880000,0.0,0.0
2019-08-15 00:00:00-04:00,3.7481837975894,3.7680640875982334,3.6626985031530666,3.6969919204711914,477200000,0.0,0.0
2019-08-16 00:00:00-04:00,3.959909148173061,4.014331222872721,3.8985285216837013,3.96512770652771,1007960000,0.0,0.0
2019-08-19 00:00:00-04:00,4.078444823021101,4.259852496358591,4.0622919421398835,4.243947982788086,815112000,0.0,0.0
2019-08-20 00:00:00-04:00,4.238482476586572,4.238979685357819,4.150512072843991,4.171635150909424,463188000,0.0,0.0
2019-08-21 00:00:00-04:00,4.237736525794346,4.3102996129999775,4.216116714852491,4.255131721496582,427244000,0.0,0.0
2019-08-22 00:00:00-04:00,4.264823471755045,4.307317514898693,4.222080587271448,4.2613444328308105,303488000,0.0,0.0
2019-08-23 00:00:00-04:00,4.184805390659598,4.2392277064288795,4.016816619353168,4.036696910858154,568056000,0.0,0.0
2019-08-26 00:00:00-04:00,4.115472218843759,4.139577121189208,4.07322654790724,4.1114959716796875,318208000,0.0,0.0
2019-08-27 00:00:00-04:00,4.14976674668129,4.1525002101288875,3.9914699682769803,4.020793437957764,290968000,0.0,0.0
2019-08-28 00:00:00-04:00,3.9944261467383586,4.063080889532141,3.95512342610678,4.010345935821533,255612000,0.004,0.0
2019-08-29 00:00:00-04:00,4.101885583243795,4.186460582853173,4.098403100005271,4.154123306274414,357976000,0.0,0.0
2019-08-30 00:00:00-04:00,4.200390372594672,4.250140538122573,4.148650352270532,4.16680908203125,290616000,0.0,0.0
2019-09-03 00:00:00-04:00,4.093925241452394,4.127008828598973,4.060841654305815,4.083726406097412,296140000,0.0,0.0
2019-09-04 00:00:00-04:00,4.144421419310178,4.205365346364056,4.144421419310178,4.197902679443359,227728000,0.0,0.0
2019-09-05 00:00:00-04:00,4.3001380951573225,4.477247931927208,4.29839685409214,4.471029281616211,695676000,0.0,0.0
2019-09-06 00:00:00-04:00,4.447646939746576,4.504610675999489,4.405857148728964,4.443915843963623,376976000,0.0,0.0
2019-09-09 00:00:00-04:00,4.47501053730465,4.576500729411963,4.473517908889104,4.489935398101807,417524000,0.0,0.0
2019-09-10 00:00:00-04:00,4.45710070398063,4.583216900725161,4.447399567566312,4.556601047515869,352812000,0.0,0.0
2019-09-11 00:00:00-04:00,4.5712770519909265,4.633464526154595,4.542173169848685,4.585206985473633,361512000,0.0,0.0
2019-09-12 00:00:00-04:00,4.631722932105672,4.686447734403449,4.575754114725706,4.583714008331299,327840000,0.0,0.0
2019-09-13 00:00:00-04:00,4.517050149368158,4.554113931279247,4.481976222695041,4.525756359100342,324592000,0.0,0.0
2019-09-16 00:00:00-04:00,4.450632194597504,4.51729706453766,4.44018474684624,4.482720851898193,231832000,0.0,0.0
2019-09-17 00:00:00-04:00,4.489438854896063,4.508343902861123,4.442922549304775,4.504115104675293,223048000,0.0,0.0
2019-09-18 00:00:00-04:00,4.497148817078808,4.512819989869579,4.3904349150473205,4.476999759674072,258152000,0.0,0.0
2019-09-19 00:00:00-04:00,4.482969795639282,4.501377611612964,4.390683525912575,4.4013800621032715,245476000,0.0,0.0
2019-09-20 00:00:00-04:00,4.400385505594887,4.424016573367991,4.285463087720507,4.295661449432373,350244000,0.0,0.0
2019-09-23 00:00:00-04:00,4.295910849970652,4.394664400006313,4.292179278874811,4.349143028259277,249712000,0.0,0.0
2019-09-24 00:00:00-04:00,4.380486048135575,4.410087158247444,4.25611109366906,4.291682243347168,317268000,0.0,0.0
2019-09-25 00:00:00-04:00,4.291183771073322,4.4531201756024625,4.246408719600698,4.433468818664551,308432000,0.0,0.0
2019-09-26 00:00:00-04:00,4.423768001859884,4.432474209776982,4.3603365162321746,4.411330223083496,234564000,0.0,0.0
2019-09-27 00:00:00-04:00,4.369540962500298,4.420286062353161,4.211833324278693,4.272528648376465,362056000,0.0,0.0
2019-09-30 00:00:00-04:00,4.298397995722028,4.340187792385558,4.267055173771648,4.329988956451416,186184000,0.0,0.0
2019-10-01 00:00:00-04:00,4.35312310806632,4.502373138090576,4.3235219999826215,4.328248023986816,366008000,0.0,0.0
2019-10-02 00:00:00-04:00,4.306357873856296,4.318297951275508,4.231981714896169,4.304368019104004,293372000,0.0,0.0
2019-10-03 00:00:00-04:00,4.308844586664904,4.516301849271386,4.278497172591459,4.510083198547363,450588000,0.0,0.0
2019-10-04 00:00:00-04:00,4.51232406148157,4.555855588563923,4.447151789194474,4.526503086090088,265524000,0.0,0.0
2019-10-07 00:00:00-04:00,4.5914256379994445,4.684955462499203,4.5827194295727525,4.585206985473633,480984000,0.0,0.0
2019-10-08 00:00:00-04:00,4.493416772043233,4.493416772043233,4.390434451398755,4.40859317779541,444436000,0.0,0.0
2019-10-09 00:00:00-04:00,4.485458013318154,4.544660704799519,4.4566032190159595,4.495159149169922,292412000,0.0,0.0
2019-10-10 00:00:00-04:00,4.492919846140023,4.603862066367149,4.487696122078728,4.552868366241455,309124000,0.0,0.0
2019-10-11 00:00:00-04:00,4.636947581099544,4.709831127613503,4.6180425334847435,4.626500129699707,446404000,0.0,0.0
2019-10-14 00:00:00-04:00,4.617791814787062,4.6608256205174525,4.58669808485446,4.639930725097656,200040000,0.0,0.0
2019-10-15 00:00:00-04:00,4.7302270529595,4.95733567910538,4.716296648463195,4.884700298309326,664124000,0.0,0.0
2019-10-16 00:00:00-04:00,4.850622120157369,4.955594777980669,4.819528388617898,4.830970764160156,428944000,0.0,0.0
2019-10-17 00:00:00-04:00,4.87549815151355,4.9205218228371015,4.778485367554893,4.8329620361328125,263436000,0.0,0.0
2019-10-18 00:00:00-04:00,4.833459151256394,4.866045516567658,4.664060533412796,4.738436698913574,307440000,0.0,0.0
2019-10-21 00:00:00-04:00,4.799876993071817,4.889178477784607,4.780971951312887,4.87574577331543,261868000,0.0,0.0
2019-10-22 00:00:00-04:00,4.932710059215283,5.037931341058643,4.858085285634905,4.8657965660095215,328720000,0.0,0.0
2019-10-23 00:00:00-04:00,4.783710381093429,4.867041384318865,4.751870323841751,4.85286283493042,279916000,0.0,0.0
2019-10-24 00:00:00-04:00,4.894154473238459,4.9304719386884015,4.860075950639329,4.896891117095947,232020000,0.0,0.0
2019-10-25 00:00:00-04:00,4.9774847276947565,5.108824622675186,4.969773447917292,5.087929725646973,423092000,0.0,0.0
2019-10-28 00:00:00-04:00,5.131709798534818,5.19638482405356,5.102357305201417,5.143898963928223,330792000,0.0,0.0
2019-10-29 00:00:00-04:00,5.129968267140471,5.136436006553304,5.028229948074158,5.047632217407227,211236000,0.0,0.0
2019-10-30 00:00:00-04:00,5.0744971402055,5.080218565482427,4.981464554253025,5.049622058868408,205960000,0.0,0.0
2019-10-31 00:00:00-04:00,5.028727592322199,5.049622491633122,4.920521524852951,5.000370025634766,209732000,0.0,0.0
2019-11-01 00:00:00-04:00,4.965046838364448,5.07176073786102,4.939923144962163,5.03942346572876,283640000,0.0,0.0
2019-11-04 00:00:00-05:00,5.120515402690841,5.248621897272539,5.09738203875551,5.236184120178223,376716000,0.0,0.0
2019-11-05 00:00:00-05:00,5.235936305060283,5.262054929260456,5.166037552829756,5.214046478271484,300868000,0.0,0.0
2019-11-06 00:00:00-05:00,5.189917664758374,5.215538587799784,5.0772337128851825,5.164793968200684,269012000,0.0,0.0
2019-11-07 00:00:00-05:00,5.251359371128686,5.266035619630899,5.137680479940307,5.182455539703369,280340000,0.0,0.0
2019-11-08 00:00:00-05:00,5.165539483490346,5.200115696871531,5.127978013857523,5.168524265289307,189100000,0.0,0.0
2019-11-11 00:00:00-05:00,5.167779318319857,5.201609226587556,5.081463068634347,5.178475856781006,243436000,0.0,0.0
2019-11-12 00:00:00-05:00,5.216782647313489,5.2700152975952514,5.18170872734986,5.214046478271484,283504000,0.0,0.0
2019-11-13 00:00:00-05:00,5.1827042955512415,5.210315551534549,5.121760831549319,5.188177108764648,300188000,0.0,0.0
2019-11-14 00:00:00-05:00,5.197129953868862,5.2207614906545725,5.137181440226778,5.218522548675537,518080000,0.0,0.0
2019-11-15 00:00:00-05:00,5.2162849712701425,5.268024993429491,4.990917538982779,5.079224109649658,1053628000,0.0,0.0
2019-11-18 00:00:00-05:00,5.071761412803243,5.307078592512595,5.068776630520327,5.280462741851807,574588000,0.0,0.0
2019-11-19 00:00:00-05:00,5.249368182425701,5.272999247095697,5.1155407381252616,5.173748016357422,414564000,0.0,0.0
2019-11-20 00:00:00-05:00,5.150863425798844,5.336928116030888,5.13817703517415,5.25309944152832,472588000,0.0,0.0
2019-11-21 00:00:00-05:00,5.248623383546975,5.304343122459314,5.2065844916334205,5.2282257080078125,288388000,0.0,0.0
2019-11-22 00:00:00-05:00,5.250860485498195,5.297376776547482,5.222254309204008,5.245885848999023,224100000,0.0,0.0
2019-11-25 00:00:00-05:00,5.373991704712721,5.507570535449033,5.361056701312303,5.5025954246521,506476000,0.0,0.0
2019-11-26 00:00:00-05:00,5.484934039654498,5.489660537347345,5.391404232067042,5.397871971130371,385244000,0.0,0.0
2019-11-27 00:00:00-05:00,5.443426997574796,5.47777945475488,5.406335877860473,5.432722568511963,215784000,0.004,0.0
2019-11-29 00:00:00-05:00,5.401855393170712,5.4302334079582915,5.3714851057615185,5.395382881164551,141556000,0.0,0.0
2019-12-02 00:00:00-05:00,5.3884130961771595,5.401855714341308,5.193747253108004,5.208931922912598,372036000,0.0,0.0
2019-12-03 00:00:00-05:00,5.025219473595006,5.1733347009969775,4.987879552169612,5.169352054595947,465232000,0.0,0.0
2019-12-04 00:00:00-05:00,5.252990761886733,5.275394798763803,5.184534193563521,5.213161468505859,273424000,0.0,0.0
2019-12-05 00:00:00-05:00,5.235070260095788,5.250752997982738,5.165617524707068,5.196236610412598,184884000,0.0,0.0
2019-12-06 00:00:00-05:00,5.265439695532855,5.314479703590132,5.2554821310367785,5.281620025634766,232236000,0.0,0.0
2019-12-09 00:00:00-05:00,5.258718386978284,5.336385680757568,5.250005755445621,5.281620025634766,211880000,0.0,0.0
2019-12-10 00:00:00-05:00,5.31174002482667,5.378454554660783,5.258966177580695,5.326676368713379,256388000,0.0,0.0
2019-12-11 00:00:00-05:00,5.337133214264256,5.415796179388265,5.334643822828341,5.4103193283081055,233796000,0.0,0.0
2019-12-12 00:00:00-05:00,5.381442468181327,5.596022946179587,5.3724810401434215,5.577850818634033,404348000,0.0,0.0
2019-12-13 00:00:00-05:00,5.58083785159959,5.700076968743973,5.521840284647246,5.575859069824219,454704000,0.0,0.0
2019-12-16 00:00:00-05:00,5.623405569456365,5.677175085340945,5.595275878618879,5.604735374450684,320976000,0.0,0.0
2019-12-17 00:00:00-05:00,5.623405741156201,5.705553747044424,5.613946245035569,5.682900905609131,321196000,0.0,0.0
2019-12-18 00:00:00-05:00,5.717751378167163,5.773761489575081,5.70928754358947,5.713270664215088,343548000,0.0,0.0
2019-12-19 00:00:00-05:00,5.747873280829343,5.874829394706986,5.742894497978565,5.861386775970459,445360000,0.0,0.0
2019-12-20 00:00:00-05:00,5.927852321913806,5.984111241211424,5.908684529358846,5.9587202072143555,603044000,0.0,0.0
2019-12-23 00:00:00-05:00,5.987346047660927,6.019458383551702,5.934323397683394,5.9450273513793945,355060000,0.0,0.0
2019-12-24 00:00:00-05:00,5.9295940133448966,5.957225638274681,5.89524107969104,5.940049171447754,138864000,0.0,0.0
2019-12-26 00:00:00-05:00,5.943533985610506,5.9823676319209165,5.924614993192397,5.954238414764404,182852000,0.0,0.0
2019-12-27 00:00:00-05:00,5.969423112990972,5.982865729966805,5.870098639700798,5.896485805511475,254644000,0.0,0.0
2019-12-30 00:00:00-05:00,5.874578984667855,5.879806562784661,5.751854822436861,5.783220291137695,258056000,0.0,0.0
2019-12-31 00:00:00-05:00,5.747871977644239,5.866862296864302,5.72870419029771,5.857402801513672,231004000,0.0,0.0
2020-01-02 00:00:00-05:00,5.943284736428357,5.972160816192627,5.892751478140193,5.972160816192627,237536000,0.0,0.0
2020-01-03 00:00:00-05:00,5.852424606945243,5.9203836073401535,5.827531170640705,5.876571178436279,205384000,0.0,0.0
2020-01-06 00:00:00-05:00,5.783221354213032,5.906443132361434,5.75708345882432,5.901215553283691,262636000,0.0,0.0
2020-01-07 00:00:00-05:00,5.9295930755902955,6.0184623802128785,5.884536194281414,5.972658634185791,314856000,0.0,0.0
2020-01-08 00:00:00-05:00,5.9684279819120185,6.025184964493922,5.928349873697572,5.983861923217773,277108000,0.0,0.0
2020-01-09 00:00:00-05:00,6.070242095491098,6.122020297480255,5.995811048832402,6.0495805740356445,255112000,0.0,0.0
2020-01-10 00:00:00-05:00,6.156870718144113,6.187240533231211,6.067752596061456,6.081941604614258,316296000,0.0,0.0
2020-01-13 00:00:00-05:00,6.165085449519322,6.2977667270316795,6.142432131580578,6.272624492645264,319840000,0.0,0.0
2020-01-14 00:00:00-05:00,6.229807106111832,6.255198609471692,6.142431523520895,6.155625343322754,359088000,0.0,0.0
2020-01-15 00:00:00-05:00,6.1683213424842025,6.19072538934148,6.087168990499455,6.113058090209961,263104000,0.0,0.0
2020-01-16 00:00:00-05:00,6.166579077421036,6.202674540532389,6.143179368014329,6.196700096130371,284192000,0.0,0.0
2020-01-17 00:00:00-05:00,6.2158670686359905,6.223335241855224,6.157865633561391,6.205411911010742,253792000,0.0,0.0
2020-01-21 00:00:00-05:00,6.16881898850275,6.205661312431895,6.137951108313541,6.172055244445801,217916000,0.0,0.0
2020-01-22 00:00:00-05:00,6.217361110121417,6.312702466469189,6.198442116859232,6.226073741912842,239240000,0.0,0.0
2020-01-23 00:00:00-05:00,6.266152851048206,6.302994704356055,6.177283524483221,6.294530868530273,244516000,0.0,0.0
2020-01-24 00:00:00-05:00,6.410035504074438,6.459822377522355,6.181016740859083,6.235284328460693,373512000,0.0,0.0
2020-01-27 00:00:00-05:00,5.930589870218753,6.03041241844546,5.780980921024543,5.979381084442139,470536000,0.0,0.0
2020-01-28 00:00:00-05:00,6.045347340574895,6.20516262639807,5.99207542036625,6.172801494598389,310976000,0.0,0.0
2020-01-29 00:00:00-05:00,6.158363432212784,6.194458888988712,6.072481105759523,6.112310886383057,258848000,0.0,0.0
2020-01-30 00:00:00-05:00,6.0144798564624296,6.132474522783302,5.959465881327927,6.11903190612793,290504000,0.0,0.0
2020-01-31 00:00:00-05:00,6.073229569592543,6.085178459445433,5.843713169979654,5.885533809661865,370420000,0.0,0.0
2020-02-03 00:00:00-05:00,5.867361355948489,6.002034443914505,5.861138114642713,5.9826178550720215,255564000,0.0,0.0
2020-02-04 00:00:00-05:00,6.124508879153485,6.1710594954488736,6.074473210292786,6.151891231536865,271544000,0.0,0.0
2020-02-05 00:00:00-05:00,6.272872865388671,6.283079226385113,6.158861317756116,6.242254257202148,208220000,0.0,0.0
2020-02-06 00:00:00-05:00,6.276606546794915,6.329131126403809,6.195454210072389,6.329131126403809,218284000,0.0,0.0
2020-02-07 00:00:00-05:00,6.289054462394148,6.311209713455725,6.237525057584864,6.262916564941406,189752000,0.0,0.0
2020-02-10 00:00:00-05:00,6.285568679018412,6.546948572779243,6.28058989680513,6.546202182769775,529608000,0.0,0.0
2020-02-11 00:00:00-05:00,6.6544878466622785,6.783435262639754,6.592503292289817,6.668676853179932,638556000,0.0,0.0
2020-02-12 00:00:00-05:00,6.721451236748671,6.79090396963494,6.682617588464696,6.784431457519531,374644000,0.0,0.0
2020-02-13 00:00:00-05:00,6.726428747125231,6.807829877717918,6.69904592375907,6.740617752075195,528016000,0.0,0.0
2020-02-14 00:00:00-05:00,7.150860274532229,7.342787888860641,7.119494805209288,7.213840484619141,1041924000,0.0,0.0
2020-02-18 00:00:00-05:00,7.110533174708703,7.401038871198781,7.091116590521098,7.382617473602295,620164000,0.0,0.0
2020-02-19 00:00:00-05:00,7.505093025636607,7.8516083635339475,7.505093025636607,7.8339338302612305,694332000,0.0,0.0
2020-02-20 00:00:00-05:00,7.785891365969586,7.8742626238608375,7.3771426051316435,7.68457555770874,810052000,0.0,0.0
2020-02-21 00:00:00-05:00,7.572305365329303,7.597447597328472,7.235498310480774,7.320384502410889,768180000,0.0,0.0
2020-02-24 00:00:00-05:00,6.725931724643267,7.016686246225031,6.671415340872214,6.802852153778076,856916000,0.0,0.0
2020-02-25 00:00:00-05:00,6.878030602828271,6.940015164910747,6.421486774021762,6.523300647735596,1055496000,0.0,0.0
2020-02-26 00:00:00-05:00,6.523548780567717,6.8568707909705555,6.5220555257655635,6.662702560424805,747732000,0.0,0.0
2020-02-27 00:00:00-05:00,6.349107911870958,6.6504977486511425,6.199409488033335,6.291819095611572,906416000,0.004,0.0
2020-02-28 00:00:00-05:00,6.0392493015615685,6.786496174779631,6.022560928685381,6.726965427398682,1133252000,0.0,0.0
2020-03-02 00:00:00-05:00,6.897089742048544,6.914276483358853,6.5010488055819176,6.885382652282715,890744000,0.0,0.0
2020-03-03 00:00:00-05:00,6.941176614126376,7.000956309250315,6.537414132705746,6.622849464416504,652792000,0.0,0.0
2020-03-04 00:00:00-05:00,6.730203658172349,7.096105511692178,6.655478685361388,7.086640357971191,597408000,0.0,0.0
2020-03-05 00:00:00-05:00,6.887126080116027,7.054011254176982,6.762584919625369,6.807170867919922,540328000,0.0,0.0
2020-03-06 00:00:00-05:00,6.627582217439397,6.685120456699991,6.426323565403089,6.626585960388184,515412000,0.0,0.0
2020-03-09 00:00:00-04:00,5.9754849320614145,6.461195656847714,5.932643026719614,6.113476753234863,614160000,0.0,0.0
2020-03-10 00:00:00-04:00,6.389957305900693,6.503040790557861,6.127175872348924,6.503040790557861,580648000,0.0,0.0
2020-03-11 00:00:00-04:00,6.363057079152088,6.391452544563444,6.041990066264939,6.139132022857666,499964000,0.0,0.0
2020-03-12 00:00:00-04:00,5.6158094578778455,5.881331187763637,5.375196053186379,5.387899398803711,816540000,0.0,0.0
2020-03-13 00:00:00-04:00,5.7413482010892425,6.003382854897509,5.47009781162902,5.998899459838867,634836000,0.0,0.0
2020-03-16 00:00:00-04:00,5.2907576038362425,5.6317516611543175,4.832197130858555,4.891976833343506,726972000,0.0,0.0
2020-03-17 00:00:00-04:00,5.00431319973112,5.501232677626322,4.757472794349884,5.411811828613281,833632000,0.0,0.0
2020-03-18 00:00:00-04:00,4.984137280788348,5.229234097462733,4.500419555917958,5.051887512207031,874268000,0.0,0.0
2020-03-19 00:00:00-04:00,5.030466496374493,5.398361392229957,4.817003328400876,5.304706573486328,765512000,0.0,0.0
2020-03-20 00:00:00-04:00,5.454903162780322,5.73686436466875,5.109426173092745,5.124869346618652,804636000,0.0,0.0
2020-03-23 00:00:00-04:00,5.123871498275957,5.392133512073568,4.944781368645172,5.297730922698975,643876000,0.0,0.0
2020-03-24 00:00:00-04:00,5.703984616493665,6.293313623833912,5.680321968852702,6.206632614135742,1101644000,0.0,0.0
2020-03-25 00:00:00-04:00,6.321708542587317,6.521472557882373,6.069139106484016,6.117959499359131,793432000,0.0,0.0
2020-03-26 00:00:00-04:00,6.325197250805853,6.53143770035433,6.227059024815773,6.407394886016846,696108000,0.0,0.0
2020-03-27 00:00:00-04:00,6.227058591970269,6.5538546952893775,6.194179730206056,6.295058250427246,638828000,0.0,0.0
2020-03-30 00:00:00-04:00,6.360566489333126,6.624594113037859,6.3164789035436195,6.615377902984619,602252000,0.0,0.0
2020-03-31 00:00:00-04:00,6.655479517008711,6.859727421478084,6.420096797169394,6.565810203552246,949960000,0.0,0.0
2020-04-01 00:00:00-04:00,6.367788726624759,6.514248946259146,6.009857415927741,6.054442882537842,656912000,0.0,0.0
2020-04-02 00:00:00-04:00,6.083585879611175,6.376506804819798,6.03551327444498,6.363305568695068,675764000,0.0,0.0
2020-04-03 00:00:00-04:00,6.3256944931640025,6.367291194451505,5.937873523633539,6.075366973876953,663212000,0.0,0.0
2020-04-06 00:00:00-04:00,6.357577616461794,6.72223433295234,6.300039372327948,6.685369968414307,727884000,0.0,0.0
2020-04-07 00:00:00-04:00,6.907052465159574,6.930715589086109,6.408887836296941,6.451979160308838,784520000,0.0,0.0
2020-04-08 00:00:00-04:00,6.561077251171953,6.674160741564589,6.4910850854844675,6.649252414703369,542444000,0.0,0.0
2020-04-09 00:00:00-04:00,6.775039347078759,6.797954685055107,6.486601782617421,6.549619674682617,525564000,0.0,0.0
2020-04-13 00:00:00-04:00,6.489840855257511,6.730205366569781,6.401416732984699,6.721487522125244,398408000,0.0,0.0
2020-04-14 00:00:00-04:00,6.8497640718262005,7.106816933648339,6.822115918006232,7.07269287109375,530948000,0.0,0.0
2020-04-15 00:00:00-04:00,6.9045617690365395,7.078172272245437,6.85922898423787,6.995227813720703,366148000,0.0,0.0
2020-04-16 00:00:00-04:00,7.150655492292634,7.447561485582483,7.137454254378709,7.340456008911133,745620000,0.0,0.0
2020-04-17 00:00:00-04:00,7.42265265770683,7.4440738466150815,7.147167873331114,7.281174182891846,539120000,0.0,0.0
2020-04-20 00:00:00-04:00,7.154640880780786,7.310566278221043,7.105571537705695,7.149908065795898,449388000,0.0,0.0
2020-04-21 00:00:00-04:00,7.031842995013919,7.09311684107269,6.653237765638514,6.713017463684082,735160000,0.0,0.0
2020-04-22 00:00:00-04:00,6.905308117972619,7.170331940494882,6.859726394032235,7.1274895668029785,483356000,0.0,0.0
2020-04-23 00:00:00-04:00,7.1695851787187115,7.301598496548493,7.049029054031035,7.074186325073242,424160000,0.0,0.0
2020-04-24 00:00:00-04:00,7.063974286406707,7.215166857112754,6.989249310229326,7.213174343109131,352328000,0.0,0.0
2020-04-27 00:00:00-04:00,7.347678772706695,7.559647764396308,7.323019393606737,7.3997368812561035,479388000,0.0,0.0
2020-04-28 00:00:00-04:00,7.5471934376689775,7.577083522460443,7.251782102156666,7.257261753082275,442904000,0.0,0.0
2020-04-29 00:00:00-04:00,7.392016524384657,7.486917023977469,7.316793647230619,7.434111595153809,379160000,0.0,0.0
2020-04-30 00:00:00-04:00,7.380059363266312,7.434110461581394,7.266229045301317,7.280177593231201,375916000,0.0,0.0
2020-05-01 00:00:00-04:00,7.082654878258051,7.195987302726831,6.9952270351013786,7.043549060821533,342096000,0.0,0.0
2020-05-04 00:00:00-04:00,6.9962232042594215,7.269217561570689,6.9962232042594215,7.255517959594727,317556000,0.0,0.0
2020-05-05 00:00:00-04:00,7.359635380039009,7.479194777190455,7.255518679739671,7.316544055938721,368896000,0.0,0.0
2020-05-06 00:00:00-04:00,7.395999677965379,7.522284375059608,7.35813906836305,7.417420387268066,323464000,0.0,0.0
2020-05-07 00:00:00-04:00,7.556658630118783,7.657038766296395,7.505347832309202,7.593771934509277,373732000,0.0,0.0
2020-05-08 00:00:00-04:00,7.66550833889682,7.7900494994803156,7.631633223032695,7.783822536468506,339216000,0.0,0.0
2020-05-11 00:00:00-04:00,7.778841056732437,8.08272180357761,7.750196645774987,8.035894393920898,469060000,0.0,0.0
2020-05-12 00:00:00-04:00,8.093680327138136,8.142500246306604,7.764144447490592,7.773858547210693,493060000,0.0,0.0
2020-05-13 00:00:00-04:00,7.888436070085844,8.048844839116034,7.56687074546384,7.75144100189209,625852000,0.0,0.0
2020-05-14 00:00:00-04:00,7.812963067036288,8.006500081380212,7.659279174618406,8.001020431518555,602312000,0.0,0.0
2020-05-15 00:00:00-04:00,7.860787295320807,8.469294998261924,7.8450951808578635,8.45958137512207,987660000,0.0,0.0
2020-05-18 00:00:00-04:00,8.7283406684085,8.883768138306543,8.648634419769518,8.718128204345703,774460000,0.0,0.0
2020-05-19 00:00:00-04:00,8.757981968752405,9.054140597698307,8.730582765622733,8.773176193237305,717320000,0.0,0.0
2020-05-20 00:00:00-04:00,8.957995574868523,9.00980473634849,8.85612082032211,8.93707275390625,587536000,0.0,0.0
2020-05-21 00:00:00-04:00,9.018274002825928,9.019269784718198,8.705426507238712,8.743038177490234,761068000,0.0,0.0
2020-05-22 00:00:00-04:00,8.792855860477836,9.059623799213172,8.681267452263336,8.993118286132812,1038764000,0.0,0.0
2020-05-26 00:00:00-04:00,9.123135727462815,9.148044523741856,8.640165427167261,8.685747146606445,770780000,0.0,0.0
2020-05-27 00:00:00-04:00,8.593339012702568,8.601060122818971,7.967395095749297,8.493955612182617,1175892000,0.0,0.0
2020-05-28 00:00:00-04:00,8.381367442466896,8.72833937315267,8.34848859602809,8.455843925476074,734896000,0.0,0.0
2020-05-29 00:00:00-04:00,8.523099422935942,8.842921257019043,8.453854560503746,8.842921257019043,745256000,0.0,0.0
2020-06-01 00:00:00-04:00,8.800825188704158,8.808297353850003,8.657602672309377,8.773923873901367,389876000,0.0,0.0
2020-06-02 00:00:00-04:00,8.763962380549906,8.804811298562834,8.626219498349856,8.792855262756348,391320000,0.0,0.0
2020-06-03 00:00:00-04:00,8.789866411031502,8.833704572769488,8.668064600878465,8.737309455871582,365440000,0.0,0.0
2020-06-04 00:00:00-04:00,8.69993003369928,8.914487794883852,8.649592527704726,8.738306999206543,424280000,0.004,0.0
2020-06-05 00:00:00-04:00,8.766216491605745,8.968064626034899,8.679994515638443,8.891312599182129,481748000,0.0,0.0
2020-06-08 00:00:00-04:00,8.848699907443434,8.861159516512084,8.657816072835747,8.77668285369873,387736000,0.0,0.0
2020-06-09 00:00:00-04:00,8.771699486873592,9.080452938826516,8.723106342386192,9.016907691955566,468488000,0.0,0.0
2020-06-10 00:00:00-04:00,9.138266635206357,9.469447753144577,9.124061710695678,9.336626052856445,632180000,0.0,0.0
2020-06-11 00:00:00-04:00,9.120572123559084,9.231464254182418,8.75774342237057,8.767960548400879,583652000,0.0,0.0
2020-06-12 00:00:00-04:00,9.133032174458457,9.15770233076544,8.675258754258273,8.90377140045166,570908000,0.0,0.0
2020-06-15 00:00:00-04:00,8.786900466028952,9.1527198178345,8.71562963502627,9.144247055053711,400004000,0.0,0.0
2020-06-16 00:00:00-04:00,9.195331790102433,9.236947471992163,8.81032351724379,9.039334297180176,535716000,0.0,0.0
2020-06-17 00:00:00-04:00,9.08444047440057,9.269094037882377,9.041079473800002,9.206296920776367,408304000,0.0,0.0
2020-06-18 00:00:00-04:00,9.197325372464938,9.252646909884222,9.085186992478928,9.1883544921875,254408000,0.0,0.0
2020-06-19 00:00:00-04:00,9.21277449670793,9.414622606088821,9.197573338557122,9.231463432312012,524160000,0.0,0.0
2020-06-22 00:00:00-04:00,9.270090738006576,9.500596831669908,9.2434262051228,9.496110916137695,398468000,0.0,0.0
2020-06-23 00:00:00-04:00,9.520285055300157,9.611491086367392,9.377247153432558,9.419610023498535,375108000,0.0,0.0
2020-06-24 00:00:00-04:00,9.445773236990211,9.525765883557868,9.11509025800938,9.205798149108887,449372000,0.0,0.0
2020-06-25 00:00:00-04:00,9.325663280622075,9.474433343604115,9.152721171879605,9.459481239318848,376072000,0.0,0.0
2020-06-26 00:00:00-04:00,9.469447680362943,9.469447680362943,9.095653692980196,9.125556945800781,592084000,0.0,0.0
2020-06-29 00:00:00-04:00,9.140259752452296,9.174897979179185,8.87137669129066,9.170412063598633,342248000,0.0,0.0
2020-06-30 00:00:00-04:00,9.2840458445988,9.495612994745153,9.23669894916683,9.467205047607422,367892000,0.0,0.0
2020-07-01 00:00:00-04:00,9.490129655526301,9.544953070141963,9.382726259130546,9.499349594116211,326648000,0.0,0.0
2020-07-02 00:00:00-04:00,9.60800151458769,9.706184995673514,9.547446875204932,9.581337928771973,364056000,0.0,0.0
2020-07-06 00:00:00-04:00,9.710423240732911,9.876886036692683,9.681267155399626,9.807609558105469,315892000,0.0,0.0
2020-07-07 00:00:00-04:00,9.914265432163926,10.037617218469448,9.81907254270678,9.840004920959473,357800000,0.0,0.0
2020-07-08 00:00:00-04:00,9.961610281782187,10.192117355273028,9.933451390758673,10.183145523071289,365480000,0.0,0.0
2020-07-09 00:00:00-04:00,10.346866776450545,10.53600625328091,10.200588280241728,10.475202560424805,494548000,0.0,0.0
2020-07-10 00:00:00-04:00,10.554697757820735,10.620983612949495,10.345373054175127,10.445549964904785,497676000,0.0,0.0
2020-07-13 00:00:00-04:00,10.560926145450688,10.75754119269287,9.992758651355837,10.01992130279541,457076000,0.0,0.0
2020-07-14 00:00:00-04:00,10.042597249487693,10.369293366563943,9.754028084827254,10.343626022338867,542676000,0.0,0.0
2020-07-15 00:00:00-04:00,10.380759641688453,10.399448583897819,10.023412047047865,10.194360733032227,403984000,0.0,0.0
2020-07-16 00:00:00-04:00,9.9827907942497,10.173923675334947,9.863674962154512,10.102155685424805,344964000,0.0,0.0
2020-07-17 00:00:00-04:00,10.19261461777992,10.21554041339797,10.055307952570034,10.168691635131836,266284000,0.0,0.0
2020-07-20 00:00:00-04:00,10.241207637017371,10.497381084457215,10.12408521745937,10.476946830749512,284852000,0.0,0.0
2020-07-21 00:00:00-04:00,10.47919067733373,10.526040411741064,10.253668581099737,10.295284271240234,277036000,0.0,0.0
2020-07-22 00:00:00-04:00,10.334156308955176,10.568400158790519,10.258400527525158,10.405177116394043,367292000,0.0,0.0
2020-07-23 00:00:00-04:00,10.416393348345077,10.513081524877485,9.998990208874888,10.097173690795898,411660000,0.0,0.0
2020-07-24 00:00:00-04:00,9.843237474307063,10.33141212259735,9.745553113092143,10.161709785461426,473292000,0.0,0.0
2020-07-27 00:00:00-04:00,10.199341982067489,10.408167564338216,10.184887999937322,10.387983322143555,292132000,0.0,0.0
2020-07-28 00:00:00-04:00,10.34088577402292,10.3486104081578,10.17641646872557,10.182645797729492,271636000,0.0,0.0
2020-07-29 00:00:00-04:00,10.357333253377416,10.482429371286324,10.3137241436091,10.431842803955078,284508000,0.0,0.0
2020-07-30 00:00:00-04:00,10.341634697822542,10.588837290995343,10.262141107619685,10.579866409301758,308880000,0.0,0.0
2020-07-31 00:00:00-04:00,10.529276541514152,10.73187374020232,10.399445468499222,10.580611228942871,386080000,0.0,0.0
2020-08-03 00:00:00-04:00,10.697984346886285,11.06305652459791,10.680789762062144,10.974841117858887,412720000,0.0,0.0
2020-08-04 00:00:00-04:00,11.014463809837823,11.191641807556152,10.870926855134206,11.191641807556152,310336000,0.0,0.0
2020-08-05 00:00:00-04:00,11.207837267143711,11.335175840013088,11.130337122839117,11.250449180603027,249924000,0.0,0.0
2020-08-06 00:00:00-04:00,11.313245718488675,11.321469420020733,11.142796171972975,11.299041748046875,244316000,0.0,0.0
2020-08-07 00:00:00-04:00,11.276118212824818,11.467750174407499,11.002003012203462,11.163481712341309,342516000,0.0,0.0
2020-08-10 00:00:00-04:00,11.297800314706754,11.371561742842399,10.82158594869938,11.129094123840332,427796000,0.0,0.0
2020-08-11 00:00:00-04:00,11.038134994023002,11.100933055062995,10.761029198085874,10.815105438232422,354512000,0.0,0.0
2020-08-12 00:00:00-04:00,10.955402269493776,11.43012026772217,10.923006528617766,11.403456687927246,464412000,0.0,0.0
2020-08-13 00:00:00-04:00,11.508865011413713,11.684050490191394,11.319227453098257,11.406196594238281,374460000,0.0,0.0
2020-08-14 00:00:00-04:00,11.492919593602549,11.667107929761102,11.403707947700358,11.526810646057129,366436000,0.0,0.0
2020-08-17 00:00:00-04:00,11.813135235638537,12.369839349029562,11.779245137203514,12.297323226928711,621300000,0.0,0.0
2020-08-18 00:00:00-04:00,12.409958625490619,12.455811161264746,12.047378997783936,12.221317291259766,503448000,0.0,0.0
2020-08-19 00:00:00-04:00,12.256954369804536,12.275394249767562,12.059092119307362,12.099462509155273,622624000,0.0,0.0
2020-08-20 00:00:00-04:00,11.936487959422175,12.335201151761469,11.840546973679533,12.101953506469727,921388000,0.0,0.0
2020-08-21 00:00:00-04:00,12.162508569332642,12.767556787011529,12.156029230192898,12.642709732055664,999868000,0.0,0.0
2020-08-24 00:00:00-04:00,12.842314360697754,12.870972315704087,12.467274157202104,12.679340362548828,490564000,0.0,0.0
2020-08-25 00:00:00-04:00,12.590128087439712,12.720208228124914,12.533311244809951,12.70899486541748,289076000,0.0,0.0
2020-08-26 00:00:00-04:00,12.758085705043182,12.827113095086357,12.636976448614934,12.73192024230957,321244000,0.0,0.0
2020-08-27 00:00:00-04:00,12.740391897809081,12.808672104676598,12.526083230478228,12.587635040283203,317604000,0.0,0.0
2020-08-28 00:00:00-04:00,12.634235653075363,13.105713994381041,12.60183991135932,13.105464935302734,537160000,0.0,0.0
2020-08-31 00:00:00-04:00,13.140352862145061,13.531341412382233,12.99581968925175,13.331486701965332,500840000,0.0,0.0
2020-09-01 00:00:00-04:00,13.440667445417443,13.952918495863635,13.397294423464833,13.780673027038574,511316000,0.004,0.0
2020-09-02 00:00:00-04:00,14.660845707915952,14.683779311477837,13.859440925316628,14.304638862609863,874012000,0.0,0.0
2020-09-03 00:00:00-04:00,13.788400514641319,13.843987742338365,12.841172588459598,12.977523803710938,945128000,0.0,0.0
2020-09-04 00:00:00-04:00,12.746446241371599,13.13655517149353,11.670595272815271,12.585667610168457,1463684000,0.0,0.0
2020-09-08 00:00:00-04:00,11.700260294828636,12.51338103804786,11.670098963293693,11.878239631652832,795728000,0.0,0.0
2020-09-09 00:00:00-04:00,12.363817029003448,12.771873116257286,12.19605789055686,12.677898406982422,736200000,0.0,0.0
2020-09-10 00:00:00-04:00,12.951347363833996,13.027125807738164,12.131496336044219,12.275824546813965,698684000,0.0,0.0
2020-09-11 00:00:00-04:00,12.449068884880385,12.61558141288369,11.861039427777566,12.129005432128906,636928000,0.0,0.0
2020-09-14 00:00:00-04:00,13.042830742844918,13.27614719918699,12.594393139992235,12.834689140319824,1201744000,0.0,0.0
2020-09-15 00:00:00-04:00,13.24124980982187,13.259945289075963,12.79031990895631,12.953093528747559,727556000,0.0,0.0
2020-09-16 00:00:00-04:00,12.919443521878879,13.054548120019335,12.477237981183846,12.477985382080078,556384000,0.0,0.0
2020-09-17 00:00:00-04:00,12.096851760196087,12.55301737616632,11.999636386534704,12.427135467529297,792512000,0.0,0.0
2020-09-18 00:00:00-04:00,12.55700241680166,12.595639043029594,11.953768216184255,12.153682708740234,698460000,0.0,0.0
2020-09-21 00:00:00-04:00,11.890205393675586,12.485961854454477,11.869765026058538,12.480727195739746,721044000,0.0,0.0
2020-09-22 00:00:00-04:00,12.538309080348979,12.611096038821364,12.120033678212257,12.600875854492188,646452000,0.0,0.0
2020-09-23 00:00:00-04:00,12.538804800522588,12.689863430288543,12.044003634137948,12.088373184204102,647012000,0.0,0.0
2020-09-24 00:00:00-04:00,12.037023285185366,12.532821903633558,11.97894283391377,12.311967849731445,731240000,0.0,0.0
2020-09-25 00:00:00-04:00,12.411180625544045,12.845908325364043,12.210019494133983,12.836186408996582,588016000,0.0,0.0
2020-09-28 00:00:00-04:00,13.002200066684653,13.013666868711299,12.712797153507108,12.996965408325195,573808000,0.0,0.0
2020-09-29 00:00:00-04:00,12.899749699023753,13.403525408409639,12.89551252608824,13.187158584594727,621460000,0.0,0.0
2020-09-30 00:00:00-04:00,13.119106567964094,13.582749846103102,13.111877890883418,13.491018295288086,689184000,0.0,0.0
2020-10-01 00:00:00-04:00,13.717855391558192,13.722590831499897,13.421472002917705,13.574773788452148,525004000,0.0,0.0
2020-10-02 00:00:00-04:00,13.186409976653888,13.480050027948268,13.012916968837262,13.024134635925293,552496000,0.0,0.0
2020-10-05 00:00:00-04:00,13.197379788701449,13.604438443946247,13.184168099894958,13.602693557739258,479820000,0.0,0.0
2020-10-06 00:00:00-04:00,13.78964608030835,14.100735985458739,13.625127563332978,13.696418762207031,784420000,0.0,0.0
2020-10-07 00:00:00-04:00,13.958901041754581,14.07805251907267,13.823048103619962,13.92325496673584,418084000,0.0,0.0
2020-10-08 00:00:00-04:00,14.033929971056136,14.043402752809419,13.717855517208713,13.798369407653809,378900000,0.0,0.0
2020-10-09 00:00:00-04:00,13.72683143191848,13.783914413129807,13.620891633818578,13.722593307495117,346892000,0.0,0.0
2020-10-12 00:00:00-04:00,13.948679555461162,14.305136468786147,13.871904571381894,14.184489250183105,434744000,0.0,0.0
2020-10-13 00:00:00-04:00,14.25478494025162,14.306633256884707,13.9778453621998,14.20667552947998,344604000,0.0,0.0
2020-10-14 00:00:00-04:00,14.248801815091685,14.300899264909264,13.919266522252348,14.054121971130371,276100000,0.0,0.0
2020-10-15 00:00:00-04:00,13.770454609211914,13.964885356629955,13.727579848998623,13.929240226745605,267224000,0.0,0.0
2020-10-16 00:00:00-04:00,13.995794154637982,14.080297050541336,13.752256517671645,13.771201133728027,242392000,0.0,0.0
2020-10-19 00:00:00-04:00,13.862432565530234,13.942697326105119,13.367630412305434,13.458365440368652,298068000,0.0,0.0
2020-10-20 00:00:00-04:00,13.543865864306463,13.759485306727719,13.467589137472377,13.605685234069824,229212000,0.0,0.0
2020-10-21 00:00:00-04:00,13.585245403451541,13.7512596862729,13.43817573627759,13.4852876663208,219596000,0.0,0.0
2020-10-22 00:00:00-04:00,13.48304162436699,13.572030806496068,13.193139525607359,13.322012901306152,290480000,0.0,0.0
2020-10-23 00:00:00-04:00,13.410753367087764,13.553585834623085,13.252467010222349,13.550594329833984,233484000,0.0,0.0
2020-10-26 00:00:00-04:00,13.38782188167736,13.652796390775253,13.000455258958455,13.1029052734375,336896000,0.0,0.0
2020-10-27 00:00:00-04:00,13.267175346468049,13.402779155391,13.1530093903305,13.357661247253418,250520000,0.0,0.0
2020-10-28 00:00:00-04:00,13.159492573029679,13.22131195147492,12.572211330475323,12.590158462524414,376520000,0.0,0.0
2020-10-29 00:00:00-04:00,12.801039269404054,13.154255577159386,12.712797475867808,12.985998153686523,320080000,0.0,0.0
2020-10-30 00:00:00-04:00,12.812504903727957,12.898751718735854,12.264109578308071,12.497426986694336,416820000,0.0,0.0
2020-11-02 00:00:00-05:00,12.620815664385908,12.799293255507335,12.358832678357313,12.54404067993164,299652000,0.0,0.0
2020-11-03 00:00:00-05:00,12.67141962079184,13.066762365838558,12.565978089692178,12.981512069702148,272900000,0.0,0.0
2020-11-04 00:00:00-05:00,13.350181713613207,13.787153497267303,13.298084263597342,13.753999710083008,410228000,0.0,0.0
2020-11-05 00:00:00-05:00,14.121176099161731,14.29716046437122,13.950176307836214,14.118682861328125,319028000,0.0,0.0
2020-11-06 00:00:00-05:00,14.06857939605643,14.54618182821228,13.854456670190384,14.519510269165039,383348000,0.0,0.0
2020-11-09 00:00:00-05:00,14.510036203044763,14.64863054616949,13.571034615016483,13.590975761413574,582976000,0.0,0.0
2020-11-10 00:00:00-05:00,13.566796863191128,13.566796863191128,12.591401776686265,12.732738494873047,644068000,0.0,0.0
2020-11-11 00:00:00-05:00,13.015660731924338,13.395798669653004,12.91046834790044,13.3788480758667,404744000,0.0,0.0
2020-11-12 00:00:00-05:00,13.439669534835307,13.725831796974465,13.277145048240593,13.417484283447266,365812000,0.0,0.0
2020-11-13 00:00:00-05:00,13.58748777408256,13.62886677558887,13.021145259004319,13.258201599121094,346312000,0.0,0.0
2020-11-16 00:00:00-05:00,13.134065292013785,13.609673750084138,13.117613914518738,13.475815773010254,413776000,0.0,0.0
2020-11-17 00:00:00-05:00,13.51295421095362,13.556576360322524,13.264930318063392,13.383084297180176,312028000,0.0,0.0
2020-11-18 00:00:00-05:00,13.425958939432709,13.566049034361518,13.146527101210655,13.389565467834473,510924000,0.0,0.0
2020-11-19 00:00:00-05:00,13.174198194035736,13.448146283443393,13.061777123398173,13.401034355163574,565936000,0.0,0.0
2020-11-20 00:00:00-05:00,13.414742852467638,13.455124365045503,13.026877031101098,13.049561500549316,341088000,0.0,0.0
2020-11-23 00:00:00-05:00,13.132817635981302,13.343450577932368,12.977521828785813,13.101658821105957,361356000,0.0,0.0
2020-11-24 00:00:00-05:00,13.104150504299037,13.123593383278829,12.847402185837863,12.919939994812012,346500000,0.0,0.0
2020-11-25 00:00:00-05:00,12.994473268541617,13.230781249096818,12.982009931957721,13.19613265991211,259916000,0.0,0.0
2020-11-27 00:00:00-05:00,13.335971787419991,13.368377218760537,13.13206832006242,13.222553253173828,167276000,0.0,0.0
2020-11-30 00:00:00-05:00,13.226294175563769,13.373363820866928,12.93439803818068,13.362395286560059,286952000,0.0,0.0
2020-12-01 00:00:00-05:00,13.452880039852099,13.489273509987793,13.18964950212802,13.35092830657959,296948000,0.0,0.0
2020-12-02 00:00:00-05:00,13.311544958763958,13.633602438103843,13.195634124198149,13.504979133605957,283360000,0.0,0.0
2020-12-03 00:00:00-05:00,13.55185724394927,13.62416729212181,13.294036186657223,13.360859870910645,199520000,0.004,0.0
2020-12-04 00:00:00-05:00,13.413220304466646,13.524428545240987,13.353627442000162,13.522683143615723,202244000,0.0,0.0
2020-12-07 00:00:00-05:00,13.565569046763182,13.695228127223007,13.464584963909067,13.571054458618164,223244000,0.0,0.0
2020-12-08 00:00:00-05:00,13.549360798386047,13.56307480237492,13.246656833104371,13.314977645874023,271920000,0.0,0.0
2020-12-09 00:00:00-05:00,13.26560870892222,13.378810606682494,12.834492607705123,12.896828651428223,401300000,0.0,0.0
2020-12-10 00:00:00-05:00,12.835242273734892,13.034468233177286,12.815792695936159,12.938220977783203,207764000,0.0,0.0
2020-12-11 00:00:00-05:00,12.933232817765063,12.985845024344064,12.789361313226891,12.97911262512207,209264000,0.0,0.0
2020-12-14 00:00:00-05:00,13.053666331220567,13.353627148129704,13.043193921699451,13.273837089538574,270156000,0.0,0.0
2020-12-15 00:00:00-05:00,13.404493338692761,13.428679754315336,13.152157723854899,13.325451850891113,193016000,0.0,0.0
2020-12-16 00:00:00-05:00,13.387288930666692,13.402000716951177,13.177839777525831,13.207761764526367,223116000,0.0,0.0
2020-12-17 00:00:00-05:00,13.331684931306457,13.344402108355627,13.143929176149829,13.306252479553223,231384000,0.0,0.0
2020-12-18 00:00:00-05:00,13.34390131281088,13.369833127376156,13.036211292099729,13.2371826171875,342064000,0.0,0.0
2020-12-21 00:00:00-05:00,13.040453210271625,13.334928670998085,12.933484327634808,13.297277450561523,302332000,0.0,0.0
2020-12-22 00:00:00-05:00,13.284310552386875,13.302262984082963,13.019756160642086,13.243417739868164,185580000,0.0,0.0
2020-12-23 00:00:00-05:00,13.22122600117891,13.240176213034147,12.970884980318413,12.975123405456543,179144000,0.0,0.0
2020-12-24 00:00:00-05:00,13.003049225221456,13.098049487278816,12.90480831824255,12.959663391113281,97884000,0.0,0.0
2020-12-28 00:00:00-05:00,13.028234503900824,13.028234503900824,12.729769845297538,12.86616039276123,212564000,0.0,0.0
2020-12-29 00:00:00-05:00,12.891091540494982,13.038204613293399,12.808558314964198,12.909293174743652,170372000,0.0,0.0
2020-12-30 00:00:00-05:00,12.956172690210293,13.179086640278335,12.862918780241225,13.111265182495117,225396000,0.0,0.0
2020-12-31 00:00:00-05:00,13.102039159766056,13.116500786863334,12.881119828694374,13.020752906799316,192424000,0.0,0.0
2021-01-04 00:00:00-05:00,13.069875185198939,13.616687226171331,12.928496685746923,13.079100608825684,560640000,0.0,0.0
2021-01-05 00:00:00-05:00,13.065385774806634,13.40823403597086,13.05266954832319,13.369585990905762,322760000,0.0,0.0
2021-01-06 00:00:00-05:00,13.18781633885941,13.210257357889382,12.552986514803658,12.581411361694336,580424000,0.0,0.0
2021-01-07 00:00:00-05:00,12.93348091672101,13.342655332764105,12.85269403532465,13.308993339538574,461480000,0.0,0.0
2021-01-08 00:00:00-05:00,13.327448019630998,13.385793901900676,13.007788374230879,13.241922378540039,292528000,0.0,0.0
2021-01-11 00:00:00-05:00,13.383549399534646,13.924377586962526,13.327447336450863,13.58576774597168,518344000,0.0,0.0
2021-01-12 00:00:00-05:00,13.7164225490186,13.71841810899848,13.309992231552675,13.44937515258789,291476000,0.0,0.0
2021-01-13 00:00:00-05:00,13.45461162783204,13.589257712345871,13.34988752954743,13.496252059936523,210028000,0.0,0.0
2021-01-14 00:00:00-05:00,13.539387840584494,13.564072669184723,13.145922972626082,13.165620803833008,283120000,0.0,0.0
2021-01-15 00:00:00-05:00,13.193299661324813,13.290294537427819,12.81479573848984,12.825766563415527,277780000,0.0,0.0
2021-01-19 00:00:00-05:00,12.982105024391291,13.0596512736183,12.810307081419827,12.991082191467285,226188000,0.0,0.0
2021-01-20 00:00:00-05:00,13.077354122549842,13.395268338939731,13.022499048639284,13.3306884765625,258572000,0.0,0.0
2021-01-21 00:00:00-05:00,13.383299879552478,13.962526891847379,13.21823433925245,13.831122398376465,337780000,0.0,0.0
2021-01-22 00:00:00-05:00,13.703955033559845,13.80543848122968,13.591500762261244,13.67652702331543,246820000,0.0,0.0
2021-01-25 00:00:00-05:00,13.745596442257005,13.792223872758743,13.201776842384673,13.617433547973633,251112000,0.0,0.0
2021-01-26 00:00:00-05:00,13.544872707989114,13.60895414760022,13.352379181972017,13.400004386901855,163980000,0.0,0.0
2021-01-27 00:00:00-05:00,13.19529546836071,13.198038650427506,12.760190077300713,12.883865356445312,371272000,0.0,0.0
2021-01-28 00:00:00-05:00,12.962157819561993,13.304756872275243,12.926501212450496,13.016763687133789,228316000,0.0,0.0
2021-01-29 00:00:00-05:00,13.040699478065463,13.299768427548274,12.877628563577591,12.955673217773438,271552000,0.0,0.0
2021-02-01 00:00:00-05:00,13.01900904409855,13.235938232062036,12.868903538730756,13.202277183532715,217204000,0.0,0.0
2021-02-02 00:00:00-05:00,13.36360131815735,13.536396077517402,13.250647676765091,13.521186828613281,220440000,0.0,0.0
2021-02-03 00:00:00-05:00,13.600227155952226,13.89520190518766,13.481041442243539,13.495004653930664,245408000,0.0,0.0
2021-02-04 00:00:00-05:00,13.49550393934747,13.637630039577589,13.302761193484542,13.62840461730957,201340000,0.0,0.0
2021-02-05 00:00:00-05:00,13.68899574443707,13.70121355588606,13.51021525363682,13.555346488952637,169152000,0.0,0.0
2021-02-08 00:00:00-05:00,13.691239490275796,14.435781216736476,13.691239490275796,14.400873184204102,434624000,0.0,0.0
2021-02-09 00:00:00-05:00,14.303129021239856,14.544993164702273,14.185189338195658,14.22583293914795,287560000,0.0,0.0
2021-02-10 00:00:00-05:00,14.425306339671854,14.865896998189408,14.303875868201187,14.725516319274902,485352000,0.0,0.0
2021-02-11 00:00:00-05:00,14.940953310040186,15.232187136333499,14.885848077590166,15.210742950439453,450828000,0.0,0.0
2021-02-12 00:00:00-05:00,15.01051986233055,15.251137034656068,14.73624069296745,14.922002792358398,374756000,0.0,0.0
2021-02-16 00:00:00-05:00,15.024733228400574,15.332175048554825,14.910782748069662,15.290035247802734,321960000,0.0,0.0
2021-02-17 00:00:00-05:00,15.131200835454731,15.183563832990215,14.74122676688984,14.866896629333496,274756000,0.0,0.0
2021-02-18 00:00:00-05:00,14.690362043535087,14.834233554075102,14.536765744563722,14.79010009765625,233868000,0.0,0.0
2021-02-19 00:00:00-05:00,14.985087815542935,15.13718793166389,14.807804452339793,14.887345314025879,271724000,0.0,0.0
2021-02-22 00:00:00-05:00,14.735991924439366,15.093551969454566,14.28742178345262,14.31809139251709,325884000,0.0,0.0
2021-02-23 00:00:00-05:00,14.038325894837678,14.201397767025272,13.354374823711513,14.104901313781738,391780000,0.0,0.0
2021-02-24 00:00:00-05:00,14.085702837613358,14.468695336229112,13.719914197710844,14.460965156555176,448320000,0.0,0.0
2021-02-25 00:00:00-05:00,14.00865457563382,14.337041196742353,13.181580543821173,13.272590637207031,824436000,0.0,0.0
2021-02-26 00:00:00-05:00,13.716421576984192,13.818154228329682,13.325949108820978,13.678522109985352,500932000,0.0,0.0
2021-03-01 00:00:00-05:00,13.838601625850457,13.888470650772712,13.517695986619382,13.805438995361328,353184000,0.0,0.0
2021-03-02 00:00:00-05:00,13.863535716206119,13.883982121132098,13.360858149770896,13.371081352233887,264116000,0.0,0.0
2021-03-03 00:00:00-05:00,13.391029778690879,13.416213023687314,12.765175347914111,12.771160125732422,377592000,0.0,0.0
2021-03-04 00:00:00-05:00,12.76716977902036,12.94096327295648,12.052050665907048,12.337799072265625,573344000,0.0,0.0
2021-03-05 00:00:00-05:00,12.517077981864157,12.517077981864157,11.648611779877376,12.428810119628906,542840000,0.0,0.0
2021-03-08 00:00:00-05:00,12.41733961683344,12.43853364324281,11.53615721112077,11.562837600708008,543112000,0.0,0.0
2021-03-09 00:00:00-05:00,12.102603937259296,12.5879949424893,12.031765654327883,12.491715431213379,521824000,0.004,0.0
2021-03-10 00:00:00-05:00,12.811234842956008,12.950416570843228,12.429108324276118,12.439833641052246,384376000,0.0,0.0
2021-03-11 00:00:00-05:00,12.920486405634026,13.016517582092941,12.70547765781812,12.963887214660645,299916000,0.0,0.0
2021-03-12 00:00:00-05:00,12.619422429593925,12.859374744297998,12.56130571502629,12.826699256896973,243964000,0.0,0.0
2021-03-15 00:00:00-04:00,12.835432251874124,13.176652870953951,12.738154598213367,13.161188125610352,221988000,0.0,0.0
2021-03-16 00:00:00-04:00,13.32606036558166,13.481704980424471,13.086856844368391,13.26095962524414,272128000,0.0,0.0
2021-03-17 00:00:00-04:00,13.01003218142403,13.422589637081526,12.959896649151197,13.310845375061035,243864000,0.0,0.0
2021-03-18 00:00:00-04:00,13.10656229172517,13.153953696747985,12.68801798151525,12.69350528717041,293896000,0.0,0.0
2021-03-19 00:00:00-04:00,12.720942322961571,12.89205167424167,12.58375588036706,12.816473960876465,299208000,0.0,0.0
2021-03-22 00:00:00-04:00,12.88332137939055,13.363972980433424,12.877334536102579,13.156197547912598,297804000,0.0,0.0
2021-03-23 00:00:00-04:00,13.224045297743313,13.314089647923469,12.99157646468843,13.040964126586914,222048000,0.0,0.0
2021-03-24 00:00:00-04:00,13.121278222518455,13.129260363528369,12.60795110155996,12.61418628692627,245840000,0.0,0.0
2021-03-25 00:00:00-04:00,12.471012530081719,12.68577196673176,12.244031065821558,12.506680488586426,295144000,0.0,0.0
2021-03-26 00:00:00-04:00,12.52588700315397,12.826949475519212,12.345299758978275,12.809988021850586,363968000,0.0,0.0
2021-03-29 00:00:00-04:00,12.791031730488832,13.032730075197993,12.671056035921035,12.918740272521973,273520000,0.0,0.0
2021-03-30 00:00:00-04:00,12.81273183484364,12.945678381046225,12.676043987497591,12.842413902282715,200204000,0.0,0.0
2021-03-31 00:00:00-04:00,12.985836234542012,13.439799160653553,12.952911452981176,13.317828178405762,314776000,0.0,0.0
2021-04-01 00:00:00-04:00,13.54131921224643,13.838390160541337,13.480457409128894,13.7802734375,308276000,0.0,0.0
2021-04-05 00:00:00-04:00,13.835896267255658,13.982062028329404,13.701702290409012,13.955622673034668,255672000,0.0,0.0
2021-04-06 00:00:00-04:00,13.967844602013875,14.022220023117734,13.74211053193706,13.829909324645996,191744000,0.0,0.0
2021-04-07 00:00:00-04:00,13.849116212600178,14.211039577939392,13.680252388675337,14.111268043518066,251284000,0.0,0.0
2021-04-08 00:00:00-04:00,14.220268761348414,14.438520235973197,14.216526508236932,14.284372329711914,244416000,0.0,0.0
2021-04-09 00:00:00-04:00,14.181606745832925,14.37516487301247,14.142696066400408,14.367182731628418,195172000,0.0,0.0
2021-04-12 00:00:00-04:00,14.257182878772879,15.317510669064815,14.107025580672097,15.174337387084961,869324000,0.0,0.0
2021-04-13 00:00:00-04:00,15.196785577827692,15.664217957010367,15.091276508804023,15.64376449584961,676212000,0.0,0.0
2021-04-14 00:00:00-04:00,15.58939113199646,15.684673482983216,15.192796983538434,15.24218463897705,385500000,0.0,0.0
2021-04-15 00:00:00-04:00,15.626806713438363,16.177299499104574,15.595877223105832,16.100475311279297,598480000,0.0,0.0
2021-04-16 00:00:00-04:00,16.016415843006538,16.128909898495078,15.82909384902855,15.876236915588379,335208000,0.0,0.0
2021-04-19 00:00:00-04:00,15.501091372928386,15.771473656524103,15.198282892338474,15.326739311218262,404420000,0.0,0.0
2021-04-20 00:00:00-04:00,15.288326982692308,15.461680917306573,14.928898498985163,15.136673927307129,334132000,0.0,0.0
2021-04-21 00:00:00-04:00,15.084294044383183,15.327489109940338,15.067832127378264,15.325493812561035,216776000,0.0,0.0
2021-04-22 00:00:00-04:00,15.339959104116105,15.403314785803596,14.74980689986473,14.816405296325684,277788000,0.0,0.0
2021-04-23 00:00:00-04:00,14.900213267194747,15.300050078745928,14.866291312184334,15.230459213256836,227500000,0.0,0.0
2021-04-26 00:00:00-04:00,15.15039179082198,15.443721398534727,15.090528120114906,15.442723274230957,197796000,0.0,0.0
2021-04-27 00:00:00-04:00,15.542995273129279,15.634785606127947,15.319505808067337,15.346693992614746,164572000,0.0,0.0
2021-04-28 00:00:00-04:00,15.329484273830236,15.496852328511068,15.180823678106417,15.241933822631836,209416000,0.0,0.0
2021-04-29 00:00:00-04:00,15.364904578680314,15.401321376039988,15.037153402443247,15.289826393127441,173196000,0.0,0.0
2021-04-30 00:00:00-04:00,15.139917076615806,15.329982225607592,14.962820884189167,14.975292205810547,201912000,0.0,0.0
2021-05-03 00:00:00-04:00,15.090529591591428,15.2120019972556,14.753799146594277,14.802936553955078,203912000,0.0,0.0
2021-05-04 00:00:00-04:00,14.60389189606982,14.604141189307825,13.978320963327217,14.318543434143066,405324000,0.0,0.0
2021-05-05 00:00:00-04:00,14.67547738242069,14.779739992598865,14.354710265640383,14.425548553466797,292024000,0.0,0.0
2021-05-06 00:00:00-04:00,14.462214770271128,14.538041777814561,14.185597291076173,14.489901542663574,193380000,0.0,0.0
2021-05-07 00:00:00-04:00,14.77450042599871,14.936629495667226,14.638311170156483,14.778491020202637,229328000,0.0,0.0
2021-05-10 00:00:00-04:00,14.753547376814467,14.772254833269624,14.217522277804061,14.233236312866211,268904000,0.0,0.0
2021-05-11 00:00:00-04:00,13.793492369290098,14.32203492946594,13.71866348603011,14.273645401000977,285584000,0.0,0.0
2021-05-12 00:00:00-04:00,13.977571659960846,14.227750736859978,13.678006833080557,13.727144241333008,303408000,0.0,0.0
2021-05-13 00:00:00-04:00,14.001765599303283,14.048659365726651,13.42832555148644,13.634105682373047,285404000,0.0,0.0
2021-05-14 00:00:00-04:00,13.858343697165184,14.295345179023933,13.7171657173245,14.210538864135742,258616000,0.0,0.0
2021-05-17 00:00:00-04:00,14.12473803645146,14.13696006736475,13.821930441129739,14.133218765258789,216980000,0.0,0.0
2021-05-18 00:00:00-04:00,14.234486193734758,14.371423352403228,13.972085074555256,13.983808517456055,186256000,0.0,0.0
2021-05-19 00:00:00-04:00,13.535581647339058,14.047413007132981,13.512385007094382,14.03369426727295,344000000,0.0,0.0
2021-05-20 00:00:00-04:00,14.269903963838662,14.650285464751947,14.237977303805032,14.579197883605957,321592000,0.0,0.0
2021-05-21 00:00:00-04:00,15.129191369333865,15.187309043318711,14.835612432131729,14.9575834274292,672992000,0.0,0.0
2021-05-24 00:00:00-04:00,15.17783039783231,15.709117099060474,15.141413604010136,15.576420783996582,554816000,0.0,0.0
2021-05-25 00:00:00-04:00,15.73006956240098,15.782449688145546,15.447215931879402,15.612089157104492,435408000,0.0,0.0
2021-05-26 00:00:00-04:00,15.698392060076491,15.757756202081648,15.550729584781761,15.664219856262207,370440000,0.0,0.0
2021-05-27 00:00:00-04:00,15.663969004454568,15.714104534109342,15.424765504557204,15.452701568603516,581476000,0.0,0.0
2021-05-28 00:00:00-04:00,15.46567322053801,16.24040330560908,15.46567322053801,16.207477569580078,644536000,0.0,0.0
2021-06-01 00:00:00-04:00,16.232918599922378,16.35089898323958,15.867003764601602,16.22743034362793,472804000,0.0,0.0
2021-06-02 00:00:00-04:00,16.215212773462195,16.88019395155139,16.19850061077245,16.740013122558594,594168000,0.0,0.0
2021-06-03 00:00:00-04:00,16.662689988589232,17.219668184761648,16.5452081688085,16.931076049804688,580008000,0.0,0.0
2021-06-04 00:00:00-04:00,17.07350247759976,17.62075259117557,17.056542923080585,17.538192749023438,617120000,0.0,0.0
2021-06-07 00:00:00-04:00,17.531202426199087,17.7719016544645,17.153565120653145,17.578842163085938,575756000,0.0,0.0
2021-06-08 00:00:00-04:00,17.487304802500514,17.581339727964668,17.211683552862734,17.41721534729004,323848000,0.0,0.0
2021-06-09 00:00:00-04:00,17.479838745757142,17.53896714503137,17.22037158933601,17.322660446166992,381656000,0.004,0.0
2021-06-10 00:00:00-04:00,17.31442950382826,17.456138574148138,17.140786450879247,17.38927459716797,287772000,0.0,0.0
2021-06-11 00:00:00-04:00,17.44365825407932,17.902466667525747,17.40798212256188,17.788700103759766,416308000,0.0,0.0
2021-06-14 00:00:00-04:00,17.86928976401328,18.00251521336163,17.626538574852475,17.981807708740234,321376000,0.0,0.0
2021-06-15 00:00:00-04:00,17.878263463084057,17.97930552990613,17.6916466611217,17.75202178955078,243032000,0.0,0.0
2021-06-16 00:00:00-04:00,17.754272386965212,17.91793568012031,17.548444139459,17.773731231689453,307124000,0.0,0.0
2021-06-17 00:00:00-04:00,17.738059683699028,18.796384703393233,17.719847586030415,18.618999481201172,809656000,0.0,0.0
2021-06-18 00:00:00-04:00,18.74548694805198,19.335274805560704,18.545896253200052,18.600534439086914,968856000,0.0,0.0
2021-06-21 00:00:00-04:00,18.39744834960306,18.49849233811036,17.786205025624632,18.38946533203125,672384000,0.0,0.0
2021-06-22 00:00:00-04:00,18.433628778330313,18.92486997304728,18.348303360978484,18.848026275634766,580144000,0.0,0.0
2021-06-23 00:00:00-04:00,18.9687771045024,19.11348026123593,18.86898175836073,19.01817512512207,332356000,0.0,0.0
2021-06-24 00:00:00-04:00,19.18832603442068,19.38018114291999,19.049110497974752,19.166120529174805,320924000,0.0,0.0
2021-06-25 00:00:00-04:00,19.240972171188165,19.305839443312355,18.85576385532991,18.99198341369629,278364000,0.0,0.0
2021-06-28 00:00:00-04:00,19.32155323917025,20.037582822528304,19.27939018480764,19.94402503967285,495436000,0.0,0.0
2021-06-29 00:00:00-04:00,19.84173216140045,20.057538224477703,19.61669442518028,19.985687255859375,367632000,0.0,0.0
2021-06-30 00:00:00-04:00,19.958243358482186,20.12115859540737,19.82302123736521,19.96148681640625,326568000,0.0,0.0
2021-07-01 00:00:00-04:00,20.083737413428764,20.414058134882225,19.977953848381276,20.17055892944336,480136000,0.0,0.0
2021-07-02 00:00:00-04:00,20.398342612876753,20.463209879079102,20.24615512492398,20.444995880126953,342764000,0.0,0.0
2021-07-06 00:00:00-04:00,20.69497885754218,20.799264406948467,20.308523883899067,20.65605926513672,446708000,0.0,0.0
2021-07-07 00:00:00-04:00,20.81074358587222,20.832199138087294,20.29031320400236,20.329980850219727,418428000,0.0,0.0
2021-07-08 00:00:00-04:00,19.815785826411023,20.091717673491328,19.66035491019757,19.861940383911133,503300000,0.0,0.0
2021-07-09 00:00:00-04:00,19.92156664846601,20.039075370392204,19.713743617995966,20.009136199951172,296624000,0.0,0.0
2021-07-12 00:00:00-04:00,20.19850144596285,20.490650623096794,20.14635866615761,20.470443725585938,321984000,0.0,0.0
2021-07-13 00:00:00-04:00,20.358669684118883,20.419296080234353,20.07275810496243,20.208478927612305,290708000,0.0,0.0
2021-07-14 00:00:00-04:00,20.31601352414899,20.37588998226355,19.712254320944915,19.80082130432129,380100000,0.0,0.0
2021-07-15 00:00:00-04:00,19.771127841795916,19.806305274882078,18.819831529208127,18.92736053466797,550564000,0.0,0.0
2021-07-16 00:00:00-04:00,18.991478427848552,19.1177182176921,18.03594132190784,18.123760223388672,688224000,0.0,0.0
2021-07-19 00:00:00-04:00,17.878515954774446,19.002954619617093,17.828866686933285,18.741243362426758,749060000,0.0,0.0
2021-07-20 00:00:00-04:00,18.69159728177998,18.799375650601363,18.126757771110505,18.57383918762207,434687000,0.0,4.0
2021-07-21 00:00:00-04:00,18.84328200125946,19.48695987098861,18.70356968352758,19.37019920349121,371017000,0.0,0.0
2021-07-22 00:00:00-04:00,19.601727296802768,19.846223896044886,19.236476596697116,19.55382537841797,323826000,0.0,0.0
2021-07-23 00:00:00-04:00,19.615697192594002,19.659607598690215,19.210529523772372,19.517898559570312,195672000,0.0,0.0
2021-07-26 00:00:00-04:00,19.271403739834394,19.402133739466528,18.87521652192213,19.254438400268555,203943000,0.0,0.0
2021-07-27 00:00:00-04:00,19.225497674306034,19.581766017643996,18.70257193709135,19.168615341186523,248863000,0.0,0.0
2021-07-28 00:00:00-04:00,19.27938616188563,19.605715305387076,18.956051125678353,19.463008880615234,202191000,0.0,0.0
2021-07-29 00:00:00-04:00,19.478976686884963,19.8122933800188,19.288368334942337,19.621685028076172,190781000,0.0,0.0
2021-07-30 00:00:00-04:00,19.378181615673373,19.58974679167835,19.223500669710134,19.459016799926758,183497000,0.0,0.0
2021-08-02 00:00:00-04:00,19.659610263853708,19.92007482124093,19.32130460799053,19.70950698852539,217444000,0.0,0.0
2021-08-03 00:00:00-04:00,19.699528918790353,20.18054107494759,19.18059456345731,19.774375915527344,301811000,0.0,0.0
2021-08-04 00:00:00-04:00,19.949009553405215,20.276337997781617,19.787341085483405,20.2324275970459,231309000,0.0,0.0
2021-08-05 00:00:00-04:00,20.457966376428395,20.690488430456615,20.300289398787864,20.594684600830078,211435000,0.0,0.0
2021-08-06 00:00:00-04:00,20.481916703623906,20.52782191080842,20.168559464200868,20.32423973083496,178497000,0.0,0.0
2021-08-09 00:00:00-04:00,20.404074992162744,20.465948136373385,20.10169679071814,20.253385543823242,146443000,0.0,0.0
2021-08-10 00:00:00-04:00,20.280332668750773,20.38811102969267,19.794329787926134,19.895124435424805,179238000,0.0,0.0
2021-08-11 00:00:00-04:00,20.0019058704776,20.007894086641553,19.39016371647244,19.658611297607422,185925000,0.0,0.0
2021-08-12 00:00:00-04:00,19.829261061279524,19.987933553534155,19.57977364024572,19.86418914794922,151652000,0.0,0.0
2021-08-13 00:00:00-04:00,19.864191426339257,20.172557929333674,19.810301284474637,20.146610260009766,183063000,0.0,0.0
2021-08-16 00:00:00-04:00,20.093717836710287,20.245406620490947,19.41311501619465,19.90909767150879,210876000,0.0,0.0
2021-08-17 00:00:00-04:00,19.64463416390258,19.729460855962547,19.227492029529735,19.418100357055664,204585000,0.0,0.0
2021-08-18 00:00:00-04:00,19.460013299348336,19.593739295546328,18.961038599365047,19.000957489013672,285913000,0.0,0.0
2021-08-19 00:00:00-04:00,19.454032464038942,20.452981547549747,18.723532875955772,19.757410049438477,766555000,0.0,0.0
2021-08-20 00:00:00-04:00,19.950011879465478,20.822220474346818,19.892132136295807,20.7733211517334,675741000,0.0,0.0
2021-08-23 00:00:00-04:00,20.928001463334397,21.951896810931448,20.907044613368058,21.91297721862793,575807000,0.0,0.0
2021-08-24 00:00:00-04:00,21.70840262297174,21.913979660897734,21.49084915177416,21.748319625854492,297299000,0.0,0.0
2021-08-25 00:00:00-04:00,21.692431791193993,22.423928711519626,21.67746315503596,22.167455673217773,347701000,0.0,0.0
2021-08-26 00:00:00-04:00,22.154483998522892,22.294196346774118,21.745324775697455,22.022754669189453,237940000,0.0,0.0
2021-08-27 00:00:00-04:00,22.13851338507931,22.675410362974578,22.121548044348277,22.58958625793457,304722000,0.0,0.0
2021-08-30 00:00:00-04:00,22.783188528597606,22.99575113149389,22.50476126953537,22.6414794921875,262580000,0.0,0.0
2021-08-31 00:00:00-04:00,22.652456917235032,22.652456917235032,22.078535922351694,22.34303855895996,259850000,0.004,0.0
2021-09-01 00:00:00-04:00,22.4428572885443,22.654459833301413,22.315096938238806,22.39893913269043,201767000,0.0,0.0
2021-09-02 00:00:00-04:00,22.475794055645235,22.550654244299455,22.253212452046817,22.354022979736328,187834000,0.0,0.0
2021-09-03 00:00:00-04:00,22.28315179399334,22.942912026550225,22.158386110720752,22.800180435180664,280532000,0.0,0.0
2021-09-07 00:00:00-04:00,22.790203015084845,22.856079292366953,22.47978511733156,22.619524002075195,198107000,0.0,0.0
2021-09-08 00:00:00-04:00,22.47080232009072,22.567620625993627,21.93580579054596,22.297128677368164,254434000,0.0,0.0
2021-09-09 00:00:00-04:00,22.270178472986,22.49575468914605,22.089517984597006,22.13543128967285,196856000,0.0,0.0
2021-09-10 00:00:00-04:00,22.306109918735796,22.583588706683106,22.228257007253845,22.435867309570312,248376000,0.0,0.0
2021-09-13 00:00:00-04:00,22.64147787183601,22.920953685031154,21.81702603149489,22.110475540161133,297500000,0.0,0.0
2021-09-14 00:00:00-04:00,22.233246938092215,22.367994119992584,22.04460202569577,22.20030975341797,199755000,0.0,0.0
2021-09-15 00:00:00-04:00,22.267182251249665,22.325074094953457,21.924824786515654,22.299121856689453,166538000,0.0,0.0
2021-09-16 00:00:00-04:00,22.141420328903294,22.235243996454347,21.8858996623171,22.20030975341797,156033000,0.0,0.0
2021-09-17 00:00:00-04:00,22.258201451764013,22.27916199923843,21.78908307702213,21.858951568603516,294503000,0.0,0.0
2021-09-20 00:00:00-04:00,21.106368207118134,21.392830968403814,20.623276063183102,21.07343101501465,349440000,0.0,0.0
2021-09-21 00:00:00-04:00,21.37685576304197,21.384840189083846,20.9107320527546,21.2061767578125,204688000,0.0,0.0
2021-09-22 00:00:00-04:00,21.325948895718273,21.918835312303802,21.15626748266208,21.899871826171875,268726000,0.0,0.0
2021-09-23 00:00:00-04:00,22.098499486193866,22.492759542814195,21.84896809396937,22.43985939025879,248555000,0.0,0.0
2021-09-24 00:00:00-04:00,22.028628941311577,22.107481326017684,21.820021082441105,22.039608001708984,217655000,0.0,0.0
2021-09-27 00:00:00-04:00,21.669301718664652,21.758135580666814,21.285025111465288,21.619396209716797,245215000,0.0,0.0
2021-09-28 00:00:00-04:00,21.174236070678667,21.378851731817658,20.61228975766216,20.660200119018555,343069000,0.0,0.0
2021-09-29 00:00:00-04:00,20.900749775141833,20.97760510825539,20.42863490757935,20.47854232788086,218394000,0.0,0.0
2021-09-30 00:00:00-04:00,20.729070465227082,21.02651220548309,20.64922049971576,20.677167892456055,221009000,0.0,0.0
2021-10-01 00:00:00-04:00,20.711103703044348,20.819898634048688,20.165128182316913,20.7031192779541,240978000,0.0,0.0
2021-10-04 00:00:00-04:00,20.465571251423203,20.50350013868955,19.518350454832174,19.695018768310547,345635000,0.0,0.0
2021-10-05 00:00:00-04:00,19.91260595666777,20.609297561414326,19.81678523146507,20.41266632080078,279282000,0.0,0.0
2021-10-06 00:00:00-04:00,20.08228868291119,20.681162542951505,20.0423627435626,20.66120147705078,297202000,0.0,0.0
2021-10-07 00:00:00-04:00,21.0524660036176,21.28203635803416,20.932691987531594,21.035499572753906,256919000,0.0,0.0
2021-10-08 00:00:00-04:00,21.06144648113882,21.166249204087748,20.73605734760595,20.79195213317871,151258000,0.0,0.0
2021-10-11 00:00:00-04:00,20.536435934235318,21.02352021397934,20.472554811528397,20.65620994567871,163388000,0.0,0.0
2021-10-12 00:00:00-04:00,20.788958953630814,21.01752980565477,20.489522037442182,20.632253646850586,162134000,0.0,0.0
2021-10-13 00:00:00-04:00,20.878791116440304,20.950656664118235,20.674175439233597,20.899751663208008,180652000,0.0,0.0
2021-10-14 00:00:00-04:00,21.248098528115012,21.714222253274098,21.082409307932014,21.70524024963379,243589000,0.0,0.0
2021-10-15 00:00:00-04:00,21.769117552433713,21.889891032469546,21.621396160074113,21.821020126342773,226994000,0.0,0.0
2021-10-18 00:00:00-04:00,21.708232588464817,22.249216440176646,21.603427961486776,22.18034553527832,189494000,0.0,0.0
2021-10-19 00:00:00-04:00,22.23424484253194,22.337052418565072,21.9956944090803,22.248220443725586,161473000,0.0,0.0
2021-10-20 00:00:00-04:00,22.263186386162577,22.390946690735408,21.940791941633737,22.061565399169922,146276000,0.0,0.0
2021-10-21 00:00:00-04:00,22.055579656692842,22.668429043567482,22.041605960384647,22.649463653564453,187590000,0.0,0.0
2021-10-22 00:00:00-04:00,22.780219408090645,23.086643160322406,22.51871138181134,22.683401107788086,249384000,0.0,0.0
2021-10-25 00:00:00-04:00,22.929942420281105,23.311226426187307,22.72732377645304,23.122581481933594,230235000,0.0,0.0
2021-10-26 00:00:00-04:00,23.94403167931044,25.211651454509198,23.879152992168073,24.670665740966797,485898000,0.0,0.0
2021-10-27 00:00:00-04:00,24.428126137261565,25.04297071184437,24.236484687501985,24.405168533325195,245990000,0.0,0.0
2021-10-28 00:00:00-04:00,24.83136923034824,24.90323477699716,24.47703509504955,24.894250869750977,234204000,0.0,0.0
2021-10-29 00:00:00-04:00,24.95413634715658,25.66080941988218,24.953138769892526,25.519075393676758,292503000,0.0,0.0
2021-11-01 00:00:00-04:00,25.600921502231532,25.8454611872979,25.179711651543062,25.778587341308594,265740000,0.0,0.0
2021-11-02 00:00:00-04:00,25.773601486490804,26.627996052602402,25.751641457702068,26.35151481628418,294112000,0.0,0.0
2021-11-03 00:00:00-04:00,26.620008930212876,26.73379556460861,26.18582484191522,26.54814338684082,239910000,0.0,0.0
2021-11-04 00:00:00-04:00,27.177960661408324,31.30620761167732,27.067168664563635,29.745140075683594,1153631000,0.0,0.0
2021-11-05 00:00:00-04:00,30.130417853663417,31.341143555275014,29.354873833641875,29.69623374938965,851260000,0.0,0.0
2021-11-08 00:00:00-05:00,30.092490515186665,31.041708225527604,29.850943528129683,30.74626350402832,503101000,0.0,0.0
2021-11-09 00:00:00-05:00,32.22149093283239,32.24943832676834,29.907835084715092,30.59953498840332,646746000,0.0,0.0
2021-11-10 00:00:00-05:00,29.30097621745452,30.792175356475003,28.724058596190222,29.40378189086914,636206000,0.0,0.0
2021-11-11 00:00:00-05:00,30.410891240075124,30.53266230455437,29.721186464615332,30.333036422729492,332172000,0.0,0.0
2021-11-12 00:00:00-05:00,29.95374953179042,30.622493760998218,29.574460737077853,30.333036422729492,413054000,0.0,0.0
2021-11-15 00:00:00-05:00,30.494732077656263,30.586558684672315,29.19217792054809,29.968719482421875,384909000,0.0,0.0
2021-11-16 00:00:00-05:00,29.70322098675446,30.333036864576925,29.65031892792296,30.146387100219727,264484000,0.0,0.0
2021-11-17 00:00:00-05:00,30.360986800231885,30.451817746686785,28.74601938777359,29.20615577697754,428508000,0.0,0.0
2021-11-18 00:00:00-05:00,32.306333486090914,32.69859461239762,31.262292624753737,31.615629196166992,781711000,0.0,0.0
2021-11-19 00:00:00-05:00,32.18256225749875,33.02597956876637,31.845196475255754,32.92317199707031,533867000,0.0,0.0
2021-11-22 00:00:00-05:00,33.454175976198115,34.58205903594551,31.84020811210379,31.896102905273438,754335000,0.0,0.0
2021-11-23 00:00:00-05:00,31.475889889044435,32.29934425081102,30.82211695136058,31.686494827270508,532163000,0.0,0.0
2021-11-24 00:00:00-05:00,31.402021808136475,32.793407635497154,30.870020056887416,32.61274719238281,435162000,0.0,0.0
2021-11-26 00:00:00-05:00,32.538892641019984,32.648687064891426,31.29123755997602,31.443950653076172,283069000,0.0,0.0
2021-11-29 00:00:00-05:00,32.30534066549873,33.34937787301704,31.975957324939607,33.313446044921875,454964000,0.0,0.0
2021-11-30 00:00:00-05:00,33.106821974068005,33.290478976993946,31.804269853026124,32.61474609375,622066000,0.0,0.0
2021-12-01 00:00:00-05:00,33.16079341132922,33.23067044842361,31.3250132144851,31.37991714477539,484368000,0.004,0.0
2021-12-02 00:00:00-05:00,31.159312696986895,32.42109806449908,30.97064275002424,32.0697135925293,472890000,0.0,0.0
2021-12-03 00:00:00-05:00,31.943930302637863,32.07270588626798,30.077206037814552,30.63922119140625,544325000,0.0,0.0
2021-12-06 00:00:00-05:00,29.827642883464886,30.188010393635505,27.988871413712186,29.9843692779541,658938000,0.0,0.0
2021-12-07 00:00:00-05:00,30.902760248148258,32.39214665890669,30.59729473760389,32.370182037353516,593053000,0.0,0.0
2021-12-08 00:00:00-05:00,31.942934185854615,32.23342468200651,31.365945895627483,31.77023696899414,475551000,0.0,0.0
2021-12-09 00:00:00-05:00,31.67839268554398,32.14856994011714,30.37468139518986,30.436573028564453,488507000,0.0,0.0
2021-12-10 00:00:00-05:00,31.09542177088219,31.25015088115644,29.80868066675237,30.145090103149414,488825000,0.0,0.0
2021-12-13 00:00:00-05:00,30.196000937192718,30.240922168349773,28.06673686515642,28.111658096313477,598344000,0.0,0.0
2021-12-14 00:00:00-05:00,27.65046334553731,28.627747966943556,27.20225070774232,28.28734588623047,667035000,0.0,0.0
2021-12-15 00:00:00-05:00,28.35023960485111,30.44656054797183,27.789224018282003,30.40563201904297,698297000,0.0,0.0
2021-12-16 00:00:00-05:00,31.09741364777603,31.105399050781717,28.043773832727233,28.337257385253906,707366000,0.0,0.0
2021-12-17 00:00:00-05:00,27.93596259636866,28.87132096888041,27.711356482242586,27.75228500366211,713758000,0.0,0.0
2021-12-20 00:00:00-05:00,27.257156982057477,28.094685698240124,27.09743748345742,27.67043113708496,461847000,0.0,0.0
2021-12-21 00:00:00-05:00,28.324283561491015,29.068976708015693,27.352986976778755,29.02405548095703,524385000,0.0,0.0
2021-12-22 00:00:00-05:00,28.840377051858262,29.50321312900466,28.399150197366662,29.34848403930664,395184000,0.0,0.0
2021-12-23 00:00:00-05:00,29.70286054753858,30.00632871228382,29.379428875117828,29.588062286376953,343022000,0.0,0.0
2021-12-27 00:00:00-05:00,29.60803115692007,31.032530888330538,29.58806574290571,30.890779495239258,403686000,0.0,0.0
2021-12-28 00:00:00-05:00,31.257138403592734,31.275106515389158,29.959414995979156,30.26887321472168,420591000,0.0,0.0
2021-12-29 00:00:00-05:00,30.219957599311112,30.49447537471948,29.314545314998263,29.94843292236328,343139000,0.0,0.0
2021-12-30 00:00:00-05:00,29.774737563181823,30.403634759640468,29.48824168622337,29.534160614013672,308864000,0.0,0.0
2021-12-31 00:00:00-05:00,29.622004297954177,29.97738140497539,29.279604899449346,29.359464645385742,266530000,0.0,0.0
2022-01-03 00:00:00-05:00,29.762756577148686,30.657186451057335,29.73280845983245,30.068220138549805,391547000,0.0,0.0
2022-01-04 00:00:00-05:00,30.223946064458318,30.41461136008436,28.29932499992016,29.238676071166992,527154000,0.0,0.0
2022-01-05 00:00:00-05:00,28.898278208372087,29.364460942862184,27.484760703518617,27.555635452270508,498064000,0.0,0.0
2022-01-06 00:00:00-05:00,27.591566578391287,28.3881686000291,27.017575277491524,28.128623962402344,454186000,0.0,0.0
2022-01-07 00:00:00-05:00,28.091693384069224,28.37220116591778,27.009591180436384,27.19925880432129,409939000,0.0,0.0
2022-01-10 00:00:00-05:00,26.53442639235559,27.420871001183084,25.599067850438242,27.351991653442383,594681000,0.0,0.0
2022-01-11 00:00:00-05:00,27.27512514321652,28.01582560455743,26.791973944653037,27.768259048461914,404089000,0.0,0.0
2022-01-12 00:00:00-05:00,28.017819463880873,28.544894162080126,27.559624105197184,27.949939727783203,383413000,0.0,0.0
2022-01-13 00:00:00-05:00,28.329278756297988,28.430101633377554,26.45157381312974,26.528440475463867,540171000,0.0,0.0
2022-01-14 00:00:00-05:00,26.253920973669672,27.149350671258752,26.164078503623852,26.89479637145996,395832000,0.0,0.0
2022-01-18 00:00:00-05:00,26.213989357999964,26.591327312716324,25.724848128999263,25.857614517211914,424270000,0.0,0.0
2022-01-19 00:00:00-05:00,26.033302835009554,26.496488575055174,25.00810199719987,25.023075103759766,488315000,0.0,0.0
2022-01-20 00:00:00-05:00,25.259662338175847,25.534180093180137,24.03580883991224,24.107683181762695,435181000,0.0,0.0
2022-01-21 00:00:00-05:00,23.46580850924162,24.779502459137092,23.22223658982807,23.33304214477539,718958000,0.0,0.0
2022-01-24 00:00:00-05:00,22.290874867397406,23.339034369598377,20.851402002026376,23.3310489654541,913982000,0.0,0.0
2022-01-25 00:00:00-05:00,22.506492708334257,22.902798318938427,21.961449923339515,22.284881591796875,664616000,0.0,0.0
2022-01-26 00:00:00-05:00,23.199277994324547,24.01484586051624,22.260924555461028,22.732097625732422,755959000,0.0,0.0
2022-01-27 00:00:00-05:00,23.526702932775176,23.95295475266017,21.63701845512592,21.905548095703125,573353000,0.0,0.0
2022-01-28 00:00:00-05:00,21.97342995522817,22.81794827384132,21.258684918334325,22.79998016357422,543774000,0.0,0.0
2022-01-31 00:00:00-05:00,23.141380151708606,24.466056576635847,23.01160877298067,24.443096160888672,564680000,0.0,0.0
2022-02-01 00:00:00-05:00,25.060016520694553,25.100945052038306,23.8481428139185,24.594833374023438,518925000,0.0,0.0
2022-02-02 00:00:00-05:00,25.74880779143588,25.77176630577957,24.509980980222984,25.19777488708496,543419000,0.0,0.0
2022-02-03 00:00:00-05:00,24.41514683908254,25.033061759096398,23.73833527889912,23.90604019165039,410178000,0.0,0.0
2022-02-04 00:00:00-05:00,23.929994184362293,24.591832521565717,23.590589811232004,24.276386260986328,354829000,0.0,0.0
2022-02-07 00:00:00-05:00,24.329296178413642,25.137876398379763,24.15959396888923,24.684673309326172,376868000,0.0,0.0
2022-02-08 00:00:00-05:00,24.316318617844477,25.185792784105224,23.937982972320302,25.064006805419922,410359000,0.0,0.0
2022-02-09 00:00:00-05:00,25.577108069101325,26.678176169851245,25.308580276033723,26.65821075439453,524282000,0.0,0.0
2022-02-10 00:00:00-05:00,25.94945510404862,26.877824055467528,25.555146724979558,25.77875328063965,513200000,0.0,0.0
2022-02-11 00:00:00-05:00,25.870592262319995,26.10617882145909,23.731347419157586,23.90703773498535,605472000,0.0,0.0
2022-02-14 00:00:00-05:00,23.89206297353471,24.831414142549452,23.713375763493875,24.22447967529297,440424000,0.0,0.0
2022-02-15 00:00:00-05:00,24.905287053983553,26.49849142319038,24.74057713533627,26.448579788208008,699869000,0.0,0.0
2022-02-16 00:00:00-05:00,26.212990752516394,26.5354247584652,25.50722879997539,26.464548110961914,732676000,0.0,0.0
2022-02-17 00:00:00-05:00,25.58509134880872,25.7398204497376,24.1226600121871,24.464059829711914,810595000,0.0,0.0
2022-02-18 00:00:00-05:00,24.62477977895651,24.942223420148153,23.05952810024348,23.60057830810547,761255000,0.0,0.0
2022-02-22 00:00:00-05:00,22.994640544449666,24.021836977646117,22.959702019783585,23.349018096923828,633422000,0.0,0.0
2022-02-23 00:00:00-05:00,23.760292119255215,24.11267420181989,22.261922849845337,22.34777069091797,566511000,0.0,0.0
2022-02-24 00:00:00-05:00,20.978179061390968,23.75829931748464,20.853398073580635,23.706390380859375,735801000,0.0,0.0
2022-02-25 00:00:00-05:00,23.679438620503394,24.174567954151772,23.340034189143203,24.114673614501953,528866000,0.0,0.0
2022-02-28 00:00:00-05:00,23.949958909684135,24.621779933213432,23.665458473296034,24.342269897460938,477319000,0.0,0.0
2022-03-01 00:00:00-05:00,24.248438306705097,24.33428806146982,23.0914686803487,23.435863494873047,412056000,0.0,0.0
2022-03-02 00:00:00-05:00,23.718417851383332,24.370384664963016,23.377957719167526,24.181682586669922,389642000,0.004,0.0
2022-03-03 00:00:00-05:00,24.22361850579515,24.28751834435697,23.431873702324364,23.67648696899414,365095000,0.0,0.0
2022-03-04 00:00:00-05:00,23.347004684636605,23.64253590739631,22.4464313225243,22.89971351623535,431415000,0.0,0.0
2022-03-07 00:00:00-05:00,22.78090467980279,22.99656449248134,21.296257488078503,21.318222045898438,450821000,0.0,0.0
2022-03-08 00:00:00-05:00,21.2752877029685,22.33760355868449,20.617329890460645,21.479963302612305,557467000,0.0,0.0
2022-03-09 00:00:00-05:00,22.351577990222783,23.183260184438538,22.21180011029771,22.97758674621582,492742000,0.0,0.0
2022-03-10 00:00:00-05:00,22.495354352227555,22.751947727878036,21.84738095284978,22.622154235839844,428066000,0.0,0.0
2022-03-11 00:00:00-05:00,22.985571129486924,23.108377600702823,22.011115643915478,22.065031051635742,367209000,0.0,0.0
2022-03-14 00:00:00-04:00,21.834399997336966,22.226777871939785,21.125524219940516,21.296253204345703,385354000,0.0,0.0
2022-03-15 00:00:00-04:00,21.48395879599291,23.001554656997122,21.288269715464182,22.936656951904297,491996000,0.0,0.0
2022-03-16 00:00:00-04:00,23.462818537379118,24.55808299693735,23.135338379275424,24.457242965698242,671422000,0.0,0.0
2022-03-17 00:00:00-04:00,24.08184022245879,24.80269615292569,23.8681780942896,24.726818084716797,471941000,0.0,0.0
2022-03-18 00:00:00-04:00,24.759763731529954,26.52696376041995,24.58504137175166,26.41114616394043,730719000,0.0,0.0
2022-03-21 00:00:00-04:00,26.46506364568239,27.10904365797584,25.925917057437342,26.69170379638672,591727000,0.0,0.0
2022-03-22 00:00:00-04:00,26.6847145409987,27.19490767313814,26.03075203419893,26.482036590576172,547007000,0.0,0.0
2022-03-23 00:00:00-04:00,26.0846650979012,26.569896250630553,25.53453815380786,25.59344482421875,502120000,0.0,0.0
2022-03-24 00:00:00-04:00,26.12460269441279,28.275194144251657,25.86601168572694,28.1054630279541,877379000,0.0,0.0
2022-03-25 00:00:00-04:00,27.841880951681336,28.313134317487354,27.227854178048023,27.6481876373291,579016000,0.0,0.0
2022-03-28 00:00:00-04:00,27.712085845046825,28.20530373575783,27.162954895203452,28.174352645874023,425494000,0.0,0.0
2022-03-29 00:00:00-04:00,28.649600315235286,28.90020265076086,27.935731389818635,28.61066246032715,488984000,0.0,0.0
2022-03-30 00:00:00-04:00,28.259221469312404,28.45091714497132,27.45948812666077,27.64619255065918,463487000,0.0,0.0
2022-03-31 00:00:00-04:00,27.738045847217542,28.203308195213072,27.22685674782994,27.242830276489258,523440000,0.0,0.0
2022-04-01 00:00:00-04:00,27.331689942170463,27.452498797217913,26.225443109867467,26.66973876953125,517235000,0.0,0.0
2022-04-04 00:00:00-04:00,26.6857114110765,27.5143981030907,26.570893593401554,27.31671142578125,397120000,0.0,0.0
2022-04-05 00:00:00-04:00,27.21088144403923,27.275779141436164,25.779150145109142,25.88997459411621,436615000,0.0,0.0
2022-04-06 00:00:00-04:00,24.89455392422879,25.259974127878174,23.965027028764702,24.36838722229004,703833000,0.0,0.0
2022-04-07 00:00:00-04:00,24.402331794404898,24.68288736044798,23.44085601511471,24.169700622558594,557992000,0.0,0.0
2022-04-08 00:00:00-04:00,23.879162026385522,23.885153052088434,23.02551513263404,23.08242416381836,524781000,0.0,0.0
2022-04-11 00:00:00-04:00,22.17885714219664,22.28468843988748,21.625732742259814,21.882326126098633,575207000,0.0,0.0
2022-04-12 00:00:00-04:00,22.501344972589628,22.68904726444352,21.248329435806077,21.46997833251953,662258000,0.0,0.0
2022-04-13 00:00:00-04:00,21.693624502064967,22.46440247145248,21.421055702716224,22.167871475219727,516943000,0.0,0.0
2022-04-14 00:00:00-04:00,22.46939400417776,22.74096493748478,21.12951812677189,21.224367141723633,569097000,0.0,0.0
2022-04-18 00:00:00-04:00,21.16645927175718,22.05305290950582,21.045650421935058,21.748537063598633,525701000,0.0,0.0
2022-04-19 00:00:00-04:00,21.685637426012697,22.337604232627974,21.280279596760053,22.16288185119629,512781000,0.0,0.0
2022-04-20 00:00:00-04:00,22.481377661113427,22.634135488867564,21.166461756400285,21.448015213012695,468974000,0.0,0.0
2022-04-21 00:00:00-04:00,21.674652421135818,22.356572366335204,19.968356706220785,20.15106773376465,656209000,0.0,0.0
2022-04-22 00:00:00-04:00,20.27087459773092,20.4535856053564,19.46914566612064,19.484121322631836,624713000,0.0,0.0
2022-04-25 00:00:00-04:00,19.17162244894179,19.91344706688059,19.06579114450706,19.870515823364258,641566000,0.0,0.0
2022-04-26 00:00:00-04:00,19.68680695767926,19.756695914485604,18.64046453606964,18.758277893066406,653143000,0.0,0.0
2022-04-27 00:00:00-04:00,18.56857337015865,19.136673328416627,18.261062035821368,18.3858642578125,499460000,0.0,0.0
2022-04-28 00:00:00-04:00,18.936992635336562,20.005301459653204,18.460747981111204,19.750703811645508,570327000,0.0,0.0
2022-04-29 00:00:00-04:00,19.371305106860206,20.09615635655,18.487705010179635,18.517658233642578,500435000,0.0,0.0
2022-05-02 00:00:00-04:00,18.511666932632682,19.543031679322635,18.361904626208553,19.502098083496094,572049000,0.0,0.0
2022-05-03 00:00:00-04:00,19.36930761313559,19.79363637931418,19.102729825683173,19.570987701416016,475751000,0.0,0.0
2022-05-04 00:00:00-04:00,19.891481213837118,20.367725861414897,18.72133448924937,20.301830291748047,648855000,0.0,0.0
2022-05-05 00:00:00-04:00,19.83556828731373,19.893475182789324,18.470730488012624,18.814186096191406,626331000,0.0,0.0
2022-05-06 00:00:00-04:00,18.706358724203252,19.481130122104307,17.96153864595354,18.64545440673828,633297000,0.0,0.0
2022-05-09 00:00:00-04:00,18.005470062057196,18.226119199359047,16.800378841340265,16.923185348510742,644455000,0.0,0.0
2022-05-10 00:00:00-04:00,17.661014619319474,18.16921014217234,16.998065530145627,17.567163467407227,761474000,0.0,0.0
2022-05-11 00:00:00-04:00,17.31955580309831,17.72491361626801,16.54178891271083,16.603689193725586,670167000,0.0,0.0
2022-05-12 00:00:00-04:00,16.193341264041266,16.761441344854425,15.542373259298687,16.149410247802734,708728000,0.0,0.0
2022-05-13 00:00:00-04:00,16.761441081977896,17.899636964841285,16.5667498814177,17.677988052368164,670437000,0.0,0.0
2022-05-16 00:00:00-04:00,17.481297997545482,17.759855892789677,17.07893574693461,17.236684799194336,521446000,0.0,0.0
2022-05-17 00:00:00-04:00,18.045405262711192,18.341936274653683,17.606102740003116,18.148242950439453,585830000,0.0,0.0
2022-05-18 00:00:00-04:00,17.676990169187597,18.08933689945816,16.837321048409155,16.911203384399414,545161000,0.0,0.0
2022-05-19 00:00:00-04:00,16.91020603540993,17.659019539624946,16.707526159547534,17.09691047668457,621310000,0.0,0.0
2022-05-20 00:00:00-04:00,17.304576354767388,17.382452051969956,15.730071020578334,16.667585372924805,739105000,0.0,0.0
2022-05-23 00:00:00-04:00,16.24825212947614,16.88823871274261,16.153403120038337,16.871265411376953,639889000,0.0,0.0
2022-05-24 00:00:00-04:00,16.483876551702995,16.57073878546732,15.755031131324223,16.12843894958496,588550000,0.0,0.0
2022-05-25 00:00:00-04:00,15.994652256087628,17.08392558737522,15.974683444742341,16.94814109802246,781132000,0.0,0.0
2022-05-26 00:00:00-04:00,16.01063041716501,18.063377590380153,15.996652626042534,17.8227596282959,996575000,0.0,0.0
2022-05-27 00:00:00-04:00,18.15722741438073,18.85112749906634,18.071363039501787,18.781238555908203,738379000,0.0,0.0
2022-05-31 00:00:00-04:00,18.94996930241527,19.169622436207014,18.320966929127128,18.642457962036133,664100000,0.0,0.0
2022-06-01 00:00:00-04:00,18.69437574123345,19.022853764053927,18.093327039751365,18.291013717651367,544514000,0.0,0.0
2022-06-02 00:00:00-04:00,18.263061991962847,19.587962351417392,18.169210836464305,19.561004638671875,648656000,0.0,0.0
2022-06-03 00:00:00-04:00,19.051810692697362,19.30141516237342,18.492695309504686,18.69038200378418,598779000,0.0,0.0
2022-06-06 00:00:00-04:00,19.108721169478997,19.306407878758208,18.53463008393182,18.75627899169922,422406000,0.0,0.0
2022-06-07 00:00:00-04:00,18.442776806994864,18.969941371656333,18.159225708286073,18.896059036254883,388914000,0.0,0.0
2022-06-08 00:00:00-04:00,18.773224745279013,19.15370287968814,18.509586772873774,18.622432708740234,363252000,0.004,0.0
2022-06-09 00:00:00-04:00,18.45566321727446,18.90704318439752,18.016265929443026,18.023256301879883,395574000,0.0,0.0
2022-06-10 00:00:00-04:00,17.575870567979027,17.672737701708236,16.84587187879017,16.950729370117188,465248000,0.0,0.0
2022-06-13 00:00:00-04:00,15.978061163758134,16.289633630733015,15.584601354268058,15.625545501708984,604153000,0.0,0.0
2022-06-14 00:00:00-04:00,15.709432554065721,16.043973303080133,15.390869663145198,15.814289093017578,469680000,0.0,0.0
2022-06-15 00:00:00-04:00,16.072930448129153,16.84487125542123,15.904162502265947,16.50433921813965,563936000,0.0,0.0
2022-06-16 00:00:00-04:00,15.838254590231825,15.920142894443504,15.379884274081553,15.579609870910645,545749000,0.0,0.0
2022-06-17 00:00:00-04:00,15.626546404282076,15.973070790259849,15.306985428048275,15.85822868347168,630334000,0.0,0.0
2022-06-21 00:00:00-04:00,16.452410541498544,16.98467875393018,16.384502987920513,16.543285369873047,483089000,0.0,0.0
2022-06-22 00:00:00-04:00,16.2037493508829,16.639152293169598,16.157812902398156,16.337566375732422,437135000,0.0,0.0
2022-06-23 00:00:00-04:00,16.49634866159387,16.562258148807814,15.83126245078347,16.2027530670166,463680000,0.0,0.0
2022-06-24 00:00:00-04:00,16.477376935581376,17.11649882538618,16.287636910270518,17.10251808166504,472153000,0.0,0.0
2022-06-27 00:00:00-04:00,17.288264381866544,17.306239352209836,16.603204110211394,16.845870971679688,427968000,0.0,0.0
2022-06-28 00:00:00-04:00,16.87682839483553,17.178414374885598,15.92313785085493,15.960087776184082,461149000,0.0,0.0
2022-06-29 00:00:00-04:00,15.792320244772784,15.798311584914341,15.14920307026776,15.520692825317383,482352000,0.0,0.0
2022-06-30 00:00:00-04:00,15.339938722941218,15.545656605686547,14.841623301451254,15.138216018676758,686070000,0.0,0.0
2022-07-01 00:00:00-04:00,14.878572886252945,15.042347592073154,14.37226803933096,14.503087997436523,577610000,0.0,0.0
2022-07-05 00:00:00-04:00,14.155565553205147,14.950473724833659,14.035730193518944,14.943483352661133,651397000,0.0,0.0
2022-07-06 00:00:00-04:00,14.98942043366788,15.297996787571694,14.768722770175227,15.10925579071045,529066000,0.0,0.0
2022-07-07 00:00:00-04:00,15.434809616202475,15.923138547891462,15.367901086957772,15.836257934570312,492903000,0.0,0.0
2022-07-08 00:00:00-04:00,15.408844541588206,16.01501264654759,15.367900390156102,15.816285133361816,467972000,0.0,0.0
2022-07-11 00:00:00-04:00,15.504714346802942,15.505713379636758,15.017383463840279,15.131227493286133,437321000,0.0,0.0
2022-07-12 00:00:00-04:00,15.247066109475627,15.409842731268506,14.856602404665553,15.061321258544922,458483000,0.0,0.0
2022-07-13 00:00:00-04:00,14.569997932966434,15.35392158166802,14.445169302221165,15.143210411071777,521918000,0.0,0.0
2022-07-14 00:00:00-04:00,15.087285563609488,15.451784891767781,14.707806458761096,15.350923538208008,456235000,0.0,0.0
2022-07-15 00:00:00-04:00,15.637532300377915,15.76036286285932,15.42382498806243,15.74039077758789,385935000,0.0,0.0
2022-07-18 00:00:00-04:00,16.279652668966587,16.873836335540332,15.98006468181246,16.078927993774414,670517000,0.0,0.0
2022-07-19 00:00:00-04:00,16.463399291726066,17.086544394456787,16.14983057930096,16.968706130981445,702366000,0.0,0.0
2022-07-20 00:00:00-04:00,16.92376553145508,17.908413749496592,16.777965794347658,17.78258514404297,760538000,0.0,0.0
2022-07-21 00:00:00-04:00,17.86048238571712,18.119126205204466,17.520948325961797,18.02525520324707,557049000,0.0,0.0
2022-07-22 00:00:00-04:00,17.86847007554865,17.94236803442239,17.11350596040796,17.295257568359375,536671000,0.0,0.0
2022-07-25 00:00:00-04:00,16.995663824282083,17.100521303135608,16.626172209363542,17.00065803527832,480748000,0.0,0.0
2022-07-26 00:00:00-04:00,16.865846877588588,16.895806436414702,16.455411016760266,16.51033592224121,397865000,0.0,0.0
2022-07-27 00:00:00-04:00,17.00864767966369,17.911409474895198,16.88981135399597,17.765609741210938,569776000,0.0,0.0
2022-07-28 00:00:00-04:00,17.950354516867552,18.115127291770673,17.41608821791284,17.959341049194336,474646000,0.0,0.0
2022-07-29 00:00:00-04:00,17.788579119485384,18.218987999280966,17.667744714059165,18.138099670410156,435460000,0.0,0.0
2022-08-01 00:00:00-04:00,18.157070500022193,18.820161575559553,17.96533430834322,18.41571617126465,476469000,0.0,0.0
2022-08-02 00:00:00-04:00,18.097151618360463,18.91203273831528,18.067192067392018,18.50059700012207,489527000,0.0,0.0
2022-08-03 00:00:00-04:00,18.15907024025615,18.9419957935247,18.11213379219575,18.867097854614258,418146000,0.0,0.0
2022-08-04 00:00:00-04:00,18.823158426576263,19.247574977869366,18.734279747108175,19.188655853271484,409652000,0.0,0.0
2022-08-05 00:00:00-04:00,18.784213359111057,19.202639588378975,18.640411663753596,18.962968826293945,386068000,0.0,0.0
2022-08-08 00:00:00-04:00,17.47800666761525,18.213995799408384,17.218362882676377,17.768606185913086,981859000,0.0,0.0
2022-08-09 00:00:00-04:00,17.228347155139414,17.42307949226524,16.70107120055864,17.06257438659668,668263000,0.0,0.0
2022-08-10 00:00:00-04:00,17.67373805340907,18.093162358417025,17.293259842036015,18.07219123840332,597422000,0.0,0.0
2022-08-11 00:00:00-04:00,18.106140389297327,18.681350826322625,17.851488963198253,17.91739845275879,509327000,0.0,0.0
2022-08-12 00:00:00-04:00,18.13510064991279,18.692336139246862,17.92838373644259,18.683347702026367,478094000,0.0,0.0
2022-08-15 00:00:00-04:00,18.675363352694625,19.137727979190448,18.587484645521922,19.005908966064453,457666000,0.0,0.0
2022-08-16 00:00:00-04:00,18.894059233195584,19.115754975228306,18.47563309117103,18.85311508178711,451240000,0.0,0.0
2022-08-17 00:00:00-04:00,18.497604095833214,18.66237687623196,18.12012210718254,18.309860229492188,446799000,0.0,0.0
2022-08-18 00:00:00-04:00,18.275909944267593,18.83913587806954,18.15807169165651,18.747262954711914,415447000,0.0,0.0
2022-08-19 00:00:00-04:00,18.38076913275178,18.494613181178025,17.745641283606137,17.824533462524414,441588000,0.0,0.0
2022-08-22 00:00:00-04:00,17.466021020329865,17.5339285848503,16.942739255547924,17.01064682006836,409593000,0.0,0.0
2022-08-23 00:00:00-04:00,16.96570780280568,17.441055022428973,16.946732846775344,17.15744400024414,369986000,0.0,0.0
2022-08-24 00:00:00-04:00,16.988675969305064,17.382136807717732,16.87183770000618,17.198389053344727,522661000,0.0,0.0
2022-08-25 00:00:00-04:00,16.820906458784396,17.922394867434686,16.80992185996255,17.88844108581543,770691000,0.0,0.0
2022-08-26 00:00:00-04:00,17.832517711038342,17.899425287639172,16.214737955773558,16.237707138061523,769127000,0.0,0.0
2022-08-29 00:00:00-04:00,15.998037501900843,16.315600420762024,15.74538409851714,15.779336929321289,496132000,0.0,0.0
2022-08-30 00:00:00-04:00,15.938117659650224,16.01700886462623,15.161184478948519,15.446792602539062,530181000,0.0,0.0
2022-08-31 00:00:00-04:00,15.362908457406297,15.518694719527108,14.938490939263094,15.0733060836792,573710000,0.0,0.0
2022-09-01 00:00:00-04:00,14.189518900332127,14.360284936978742,13.251807105060896,13.917892456054688,1178865000,0.0,0.0
2022-09-02 00:00:00-04:00,14.080668193345614,14.151569993548428,13.572365294475969,13.628289222717285,743157000,0.0,0.0
2022-09-06 00:00:00-04:00,13.71217596441819,13.760110495911778,13.332696796405715,13.446540832519531,535751000,0.0,0.0
2022-09-07 00:00:00-04:00,13.548430520514028,13.823135690540239,13.331663611581293,13.699268341064453,512657000,0.004,0.0
2022-09-08 00:00:00-04:00,13.444540197108026,13.992951127986652,13.354637687231783,13.974969863891602,624873000,0.0,0.0
2022-09-09 00:00:00-04:00,14.141792358679925,14.458452230878862,14.110826473867316,14.371545791625977,486612000,0.0,0.0
2022-09-12 00:00:00-04:00,14.35356350397063,14.531371771685043,14.182746732868823,14.48941707611084,484159000,0.0,0.0
2022-09-13 00:00:00-04:00,13.78717143105193,13.907042390943428,13.084926652717398,13.116891860961914,714956000,0.0,0.0
2022-09-14 00:00:00-04:00,13.239762380467441,13.275723961084458,12.899129075962875,13.113898277282715,588507000,0.0,0.0
2022-09-15 00:00:00-04:00,13.001017682359656,13.218782933032589,12.776259029969275,12.915109634399414,523625000,0.0,0.0
2022-09-16 00:00:00-04:00,12.728309378217253,13.197804667975822,12.60344368060644,13.183819770812988,670751000,0.0,0.0
2022-09-19 00:00:00-04:00,12.998021871678207,13.448537595855514,12.996024164991917,13.367624282836914,569685000,0.0,0.0
2022-09-20 00:00:00-04:00,13.200800952248084,13.468512642108355,13.04297072707532,13.161842346191406,524818000,0.0,0.0
2022-09-21 00:00:00-04:00,13.198803974795164,14.015924938510786,13.095913999960112,13.24675178527832,807679000,0.0,0.0
2022-09-22 00:00:00-04:00,13.055959368568894,13.134874976064083,12.414649785628118,12.547506332397461,759162000,0.0,0.0
2022-09-23 00:00:00-04:00,12.406657353956374,12.597452148701835,12.243832357060537,12.502553939819336,663309000,0.0,0.0
2022-09-26 00:00:00-04:00,12.477580763382052,12.645400497550257,12.200877925026457,12.214862823486328,547343000,0.0,0.0
2022-09-27 00:00:00-04:00,12.493563757903228,12.722317835728509,12.24483166136231,12.399664878845215,553854000,0.0,0.0
2022-09-28 00:00:00-04:00,12.39666770608599,12.809224124270647,12.34072811111852,12.722317695617676,542414000,0.0,0.0
2022-09-29 00:00:00-04:00,12.434626727281707,12.486570907986117,11.933166184419747,12.20687198638916,532763000,0.0,0.0
2022-09-30 00:00:00-04:00,12.074014262996702,12.619428149755207,12.062027071325655,12.125958442687988,565638000,0.0,0.0
2022-10-03 00:00:00-04:00,12.333734406187611,12.664379104846395,12.091993833716046,12.498557090759277,547478000,0.0,0.0
2022-10-04 00:00:00-04:00,12.865163269344546,13.205797475323331,12.865163269344546,13.152853965759277,584182000,0.0,0.0
2022-10-05 00:00:00-04:00,12.897128792057934,13.30668813941161,12.607440403491943,13.194808006286621,507131000,0.0,0.0
2022-10-06 00:00:00-04:00,13.205798741632973,13.641330241047822,13.088923849141823,13.11589527130127,644157000,0.0,0.0
2022-10-07 00:00:00-04:00,12.491567410428646,12.656390131527628,12.009086440725248,12.063028335571289,672478000,0.0,0.0
2022-10-10 00:00:00-04:00,12.024068434661013,12.110974864449592,11.39574445473449,11.657463073730469,698699000,0.0,0.0
2022-10-11 00:00:00-04:00,11.548580323969118,11.833274006789148,11.27087909082818,11.573554039001465,667482000,0.0,0.0
2022-10-12 00:00:00-04:00,11.566560749292124,11.722392337587419,11.332811937874556,11.487645149230957,492590000,0.0,0.0
2022-10-13 00:00:00-04:00,10.959212490569392,12.065023481853341,10.801382253175232,11.947150230407715,850103000,0.0,0.0
2022-10-14 00:00:00-04:00,12.044047375714609,12.097989264666413,11.19196406249194,11.21493911743164,713432000,0.0,0.0
2022-10-17 00:00:00-04:00,11.505626467697512,11.935164846156956,11.50462809067123,11.875228881835938,580774000,0.0,0.0
2022-10-18 00:00:00-04:00,12.330740325138875,12.478581111923127,11.605520339237156,11.954145431518555,659362000,0.0,0.0
2022-10-19 00:00:00-04:00,11.866239297114978,12.336734019918332,11.82128755987071,12.038054466247559,523131000,0.0,0.0
2022-10-20 00:00:00-04:00,12.099986314694126,12.755281678279875,12.091994536055378,12.180899620056152,652398000,0.0,0.0
2022-10-21 00:00:00-04:00,12.08500339892655,12.484574273895978,11.874230574514167,12.452608108520508,609494000,0.0,0.0
2022-10-24 00:00:00-04:00,12.4945626379864,12.696345287738323,12.051039397189356,12.585464477539062,517457000,0.0,0.0
2022-10-25 00:00:00-04:00,12.680361545857737,13.28571039348616,12.650393092574888,13.24675178527832,505482000,0.0,0.0
2022-10-26 00:00:00-04:00,12.855174461632362,13.373615968122406,12.694347182517397,12.882144927978516,532953000,0.0,0.0
2022-10-27 00:00:00-04:00,13.615355006607254,13.823131698510565,13.107900466970294,13.161842346191406,583113000,0.0,0.0
2022-10-28 00:00:00-04:00,13.089923183140582,13.835122085871737,13.046969154666838,13.819138526916504,521040000,0.0,0.0
2022-10-31 00:00:00-04:00,13.763200285617568,13.823136255984974,13.282717003501107,13.482501983642578,486341000,0.0,0.0
2022-11-01 00:00:00-04:00,13.796164647796482,13.910042513656075,13.504478485401654,13.52845287322998,432817000,0.0,0.0
2022-11-02 00:00:00-04:00,13.835121333715565,14.194734242960633,13.19680787203194,13.204798698425293,672628000,0.0,0.0
2022-11-03 00:00:00-04:00,13.028989569436547,13.766196733869496,12.942083130606024,13.406582832336426,500065000,0.0,0.0
2022-11-04 00:00:00-04:00,13.9709753954596,14.213714379632444,13.682285347325527,14.140792846679688,612576000,0.0,0.0
2022-11-07 00:00:00-05:00,14.212714418468474,14.396516760846977,13.939009564129645,14.285635948181152,410061000,0.0,0.0
2022-11-08 00:00:00-05:00,14.785098866709825,14.875002331764124,14.200727296506672,14.586313247680664,595292000,0.0,0.0
2022-11-09 00:00:00-05:00,14.14678591725043,14.195734017367396,13.744218969253557,13.761200904846191,454414000,0.0,0.0
2022-11-10 00:00:00-05:00,14.784099781497519,15.756054010251752,14.531371333423088,15.733078956604004,700819000,0.0,0.0
2022-11-11 00:00:00-05:00,15.790020660509551,16.37139526908105,15.465369958229326,16.30946159362793,655487000,0.0,0.0
2022-11-14 00:00:00-05:00,16.200579384966304,16.522234002495093,15.904896861660646,16.277496337890625,527852000,0.0,0.0
2022-11-15 00:00:00-05:00,16.704033766167488,16.979736298037132,16.364398914602432,16.648094177246094,545876000,0.0,0.0
2022-11-16 00:00:00-05:00,16.144637217510404,16.34442120688964,15.85594719034248,15.89290714263916,649547000,0.0,0.0
2022-11-17 00:00:00-05:00,15.698117440433851,16.248526092519732,15.518310510588035,15.660158157348633,710894000,0.0,0.0
2022-11-18 00:00:00-05:00,15.948848328760961,15.984810860362591,15.103757415617947,15.392447471618652,492072000,0.0,0.0
2022-11-21 00:00:00-05:00,15.130728243271124,15.460373655747635,15.063799831129005,15.300545692443848,404739000,0.0,0.0
2022-11-22 00:00:00-05:00,15.311533717452877,16.040749998560774,15.10575468856274,16.020771026611328,472866000,0.0,0.0
2022-11-23 00:00:00-05:00,16.08070587095073,16.509245859928704,16.030760346892983,16.501253128051758,427241000,0.0,0.0
2022-11-25 00:00:00-05:00,16.300470283585213,16.469287445678606,16.154627223569857,16.252521514892578,167934000,0.0,0.0
2022-11-28 00:00:00-05:00,16.008783189002287,16.339428893631666,15.708107848172721,15.80999755859375,303741000,0.0,0.0
2022-11-29 00:00:00-05:00,15.809996816938067,15.914884511468573,15.503327417734571,15.622199058532715,298384000,0.0,0.0
2022-11-30 00:00:00-05:00,15.684148304940633,16.91613959378234,15.584230747386403,16.90914535522461,565298000,0.004,0.0
2022-12-01 00:00:00-05:00,16.985083344047936,17.250864409196577,16.621381033320617,17.1209716796875,470977000,0.0,0.0
2022-12-02 00:00:00-05:00,16.6453612261795,16.919137062737946,16.43153573239102,16.8621826171875,371389000,0.0,0.0
2022-12-05 00:00:00-05:00,16.665344964965847,16.981086225523303,16.458513713867134,16.59640121459961,352255000,0.0,0.0
2022-12-06 00:00:00-05:00,16.516465945155254,16.559430004993104,15.806047668820305,15.973910331726074,352694000,0.0,0.0
2022-12-07 00:00:00-05:00,15.759086398689979,16.172747931483883,15.65417187585563,16.106801986694336,372388000,0.0,0.0
2022-12-08 00:00:00-05:00,16.259678967569904,17.164937415817153,15.94593493843421,17.154945373535156,515456000,0.0,0.0
2022-12-09 00:00:00-05:00,17.145949833064485,17.56860383071365,16.961101838286083,16.987079620361328,465338000,0.0,0.0
2022-12-12 00:00:00-05:00,17.023051775036333,17.5236410372187,16.783248501431842,17.52064323425293,457328000,0.0,0.0
2022-12-13 00:00:00-05:00,18.515827101375667,18.77461581179071,17.69649881579861,18.05720329284668,656589000,0.0,0.0
2022-12-14 00:00:00-05:00,17.97227412197752,18.237058470762765,17.405738871124704,17.659530639648438,496888000,0.0,0.0
2022-12-15 00:00:00-05:00,17.131959361835964,17.30581666296131,16.686325436894144,16.93811798095703,478542000,0.0,0.0
2022-12-16 00:00:00-05:00,16.85019540542572,17.027050558499166,16.39656657838434,16.55743408203125,478232000,0.0,0.0
2022-12-19 00:00:00-05:00,16.558430631961176,16.595399084562928,16.131780232311364,16.240690231323242,354039000,0.0,0.0
2022-12-20 00:00:00-05:00,16.05084612823857,16.29664499548781,15.83902077141398,16.071828842163086,403260000,0.0,0.0
2022-12-21 00:00:00-05:00,16.100807415218085,16.613387898119957,16.08881620314782,16.487489700317383,325025000,0.0,0.0
2022-12-22 00:00:00-05:00,16.08082376342015,16.12478836587808,14.869816130143493,15.326441764831543,565045000,0.0,0.0
2022-12-23 00:00:00-05:00,15.183559021916842,15.32644159609821,14.870815551756776,15.193551063537598,349326000,0.0,0.0
2022-12-27 00:00:00-05:00,15.0616587078648,15.087637443556918,14.044491580502148,14.1094388961792,464902000,0.0,0.0
2022-12-28 00:00:00-05:00,13.915597512631557,14.25032327426342,13.872632497198492,14.024508476257324,351066000,0.0,0.0
2022-12-29 00:00:00-05:00,14.390207840060333,14.670976937110892,14.215350942267113,14.591042518615723,354923000,0.0,0.0
2022-12-30 00:00:00-05:00,14.322263143028222,14.617021677131687,14.221346008211805,14.602034568786621,310490000,0.0,0.0
2023-01-03 00:00:00-05:00,14.838841304566728,14.983723050318702,14.084459309432459,14.303279876708984,401277000,0.0,0.0
2023-01-04 00:00:00-05:00,14.555074914722184,14.840840075575478,14.22934158563889,14.73692512512207,431324000,0.0,0.0
2023-01-05 00:00:00-05:00,14.479134517120297,14.552074696828278,14.136414963987127,14.25331974029541,389168000,0.0,0.0
2023-01-06 00:00:00-05:00,14.462150107377472,14.997711535520914,14.0225107548316,14.846835136413574,405044000,0.0,0.0
2023-01-09 00:00:00-05:00,15.271486598821125,16.042853882336043,15.128603078053724,15.615204811096191,504231000,0.0,0.0
2023-01-10 00:00:00-05:00,15.494303818205713,15.94893121673774,15.459332626456098,15.895975112915039,384101000,0.0,0.0
2023-01-11 00:00:00-05:00,15.827032288803178,16.0148781028567,15.550258635785255,15.987899780273438,353285000,0.0,0.0
2023-01-12 00:00:00-05:00,16.086815762721216,16.623374752270493,15.47931291163275,16.497478485107422,551409000,0.0,0.0
2023-01-13 00:00:00-05:00,16.264672409444337,16.908146146393516,16.15176596394343,16.885164260864258,447287000,0.0,0.0
2023-01-17 00:00:00-05:00,16.885165521758307,17.713487319827372,16.885165521758307,17.68750762939453,511102000,0.0,0.0
2023-01-18 00:00:00-05:00,17.652531596838752,17.858362270016485,17.26784666020182,17.362770080566406,439624000,0.0,0.0
2023-01-19 00:00:00-05:00,17.02205215333367,17.182921549244565,16.717303453615347,16.75127410888672,452932000,0.0,0.0
2023-01-20 00:00:00-05:00,16.997072985244962,17.84138241393569,16.811226343623662,17.82439613342285,564967000,0.0,0.0
2023-01-23 00:00:00-05:00,18.04921071798228,19.229245530307768,17.80341372696204,19.177288055419922,655163000,0.0,0.0
2023-01-24 00:00:00-05:00,18.811584516005322,19.479038745727824,18.804590277949554,19.249225616455078,496204000,0.0,0.0
2023-01-25 00:00:00-05:00,18.897514353205867,19.354140898523635,18.56478682693734,19.307178497314453,449537000,0.0,0.0
2023-01-26 00:00:00-05:00,19.684870441693302,20.149489885366556,19.26221642846413,19.78578758239746,489535000,0.0,0.0
2023-01-27 00:00:00-05:00,19.446067014153495,20.61111281542293,19.38911447092714,20.34832763671875,542142000,0.0,0.0
2023-01-30 00:00:00-05:00,19.93366371266101,20.1235067495455,19.134317688974598,19.14630889892578,488611000,0.0,0.0
2023-01-31 00:00:00-05:00,19.154303644077466,19.67088052170426,18.93448446657566,19.52100372314453,498017000,0.0,0.0
2023-02-01 00:00:00-05:00,19.674877995136793,21.174648503788042,19.594943571300696,20.925853729248047,660477000,0.0,0.0
2023-02-02 00:00:00-05:00,20.98280776765086,21.931030247878642,20.683054133284987,21.691226959228516,564276000,0.0,0.0
2023-02-03 00:00:00-05:00,20.98280511679256,21.727195946386907,20.771977442286037,21.08272361755371,429366000,0.0,0.0
2023-02-06 00:00:00-05:00,20.788964243868033,21.552338635862082,20.768980162055627,21.071733474731445,452197000,0.0,0.0
2023-02-07 00:00:00-05:00,21.364491617448692,22.24077430630132,21.132681236743583,22.154844284057617,664150000,0.0,0.0
2023-02-08 00:00:00-05:00,22.368665421140282,22.859264447631823,21.98997609077349,22.18681526184082,559651000,0.0,0.0
2023-02-09 00:00:00-05:00,22.587493006154816,23.00115361559773,22.101890841134466,22.31871223449707,523876000,0.0,0.0
2023-02-10 00:00:00-05:00,21.672240349373936,22.059921229694073,20.793960380960065,21.247587203979492,550737000,0.0,0.0
2023-02-13 00:00:00-05:00,21.520367253825846,22.029949952806394,20.94483860334869,21.77016258239746,474919000,0.0,0.0
2023-02-14 00:00:00-05:00,21.560329530497455,23.030125642994655,21.348503237743625,22.952190399169922,675474000,0.0,0.0
2023-02-15 00:00:00-05:00,22.53053721244562,22.8362864231292,22.087901043076933,22.745361328125,420575000,0.0,0.0
2023-02-16 00:00:00-05:00,22.114875333928506,22.53153368148583,21.909044646590957,21.983983993530273,412026000,0.0,0.0
2023-02-17 00:00:00-05:00,21.61329405341843,21.722204082334255,20.95783089743289,21.370492935180664,465888000,0.0,0.0
2023-02-21 00:00:00-05:00,20.982801173386434,21.47639607309121,20.601114058725038,20.638084411621094,410015000,0.0,0.0
2023-02-22 00:00:00-05:00,20.690048547419124,21.08672289537773,20.40428148237051,20.737009048461914,513184000,0.0,0.0
2023-02-23 00:00:00-05:00,23.42080908535159,23.86844224060142,23.00614795090794,23.644624710083008,1117995000,0.0,0.0
2023-02-24 00:00:00-05:00,23.205984468564843,23.45478114392296,22.928212208347944,23.26693344116211,589716000,0.0,0.0
2023-02-27 00:00:00-05:00,23.650618453752273,23.860445585416468,23.434795716672856,23.48175621032715,452994000,0.0,0.0
2023-02-28 00:00:00-05:00,23.35286529557159,23.80549545006619,23.18700083236071,23.196992874145508,455963000,0.0,0.0
2023-03-01 00:00:00-05:00,23.173011690631437,23.236960375063273,22.489571679600164,22.67941665649414,460026000,0.0,0.0
2023-03-02 00:00:00-05:00,22.469590264985175,23.360858289754244,22.41363444953809,23.294912338256836,389415000,0.0,0.0
2023-03-03 00:00:00-05:00,23.300904658172616,23.880429662498482,23.111059701611104,23.870437622070312,412393000,0.0,0.0
2023-03-06 00:00:00-05:00,23.87143575251007,24.22814184030569,23.46776536423068,23.534711837768555,437429000,0.0,0.0
2023-03-07 00:00:00-05:00,23.58468599671928,24.109344935333365,23.22591779814437,23.27288818359375,515154000,0.004,0.0
2023-03-08 00:00:00-05:00,23.471756258943316,24.184294766581292,23.408797420933155,24.165306091308594,513573000,0.0,0.0
2023-03-09 00:00:00-05:00,24.159310453263316,24.438130626548567,23.36782461834549,23.420791625976562,501257000,0.0,0.0
2023-03-10 00:00:00-05:00,23.39380822343578,23.611667155651173,22.71125091840863,22.950096130371094,474866000,0.0,0.0
2023-03-13 00:00:00-04:00,22.73723566322303,23.282880858178405,22.28253101640841,22.951095581054688,421890000,0.0,0.0
2023-03-14 00:00:00-04:00,23.48075091334457,24.20328124483994,23.444773073406367,24.047382354736328,474910000,0.0,0.0
2023-03-15 00:00:00-04:00,23.745580455686678,24.270239386250807,23.344841606771062,24.212278366088867,524486000,0.0,0.0
2023-03-16 00:00:00-04:00,24.01140628522713,25.57139207335748,23.878491278999082,25.524423599243164,583253000,0.0,0.0
2023-03-17 00:00:00-04:00,25.965138540410706,26.381867732572218,25.651341237604235,25.70830535888672,848547000,0.0,0.0
2023-03-20 00:00:00-04:00,25.598375276520795,26.00711022624769,25.113689438376866,25.883190155029297,432747000,0.0,0.0
2023-03-21 00:00:00-04:00,26.16301052912087,26.37487284283391,25.36452926173858,26.181997299194336,547408000,0.0,0.0
2023-03-22 00:00:00-04:00,26.407847658541623,27.571093609171683,26.219969957500446,26.450820922851562,797295000,0.0,0.0
2023-03-23 00:00:00-04:00,27.097402305232432,27.481153869318504,26.672678890028376,27.17335319519043,564889000,0.0,0.0
2023-03-24 00:00:00-04:00,27.013456826272407,27.149368241079962,26.33789496036664,26.761619567871094,454920000,0.0,0.0
2023-03-27 00:00:00-04:00,26.8195836745759,26.9824780003573,26.34788986309708,26.513782501220703,361026000,0.0,0.0
2023-03-28 00:00:00-04:00,26.429835146196694,26.49579229381834,25.83322250551309,26.392858505249023,356104000,0.0,0.0
2023-03-29 00:00:00-04:00,26.807592577809256,27.060426745627982,26.579739898813486,26.966487884521484,393694000,0.0,0.0
2023-03-30 00:00:00-04:00,27.211327368787387,27.481152585329546,27.08440898873497,27.36522674560547,364516000,0.0,0.0
2023-03-31 00:00:00-04:00,27.122384566656116,27.815934380003373,27.08740743538737,27.75897216796875,433933000,0.0,0.0
2023-04-03 00:00:00-04:00,27.491148285481188,27.981828863937736,27.31826022166778,27.94685173034668,398716000,0.0,0.0
2023-04-04 00:00:00-04:00,27.947848187847303,27.981826516516946,27.289275517291117,27.4351806640625,368592000,0.0,0.0
2023-04-05 00:00:00-04:00,26.811585800897024,26.980474822292805,26.37786749452917,26.86355209350586,515015000,0.0,0.0
2023-04-06 00:00:00-04:00,26.566742283200437,27.06242058805073,26.409844613520946,27.01944923400879,397654000,0.0,0.0
2023-04-10 00:00:00-04:00,26.805590178121808,27.603072562534653,26.651690804540983,27.561100006103516,395279000,0.0,0.0
2023-04-11 00:00:00-04:00,27.70600728201999,27.771964430932886,27.108393921533427,27.1513671875,314378000,0.0,0.0
2023-04-12 00:00:00-04:00,27.35223823307279,27.45017420598156,26.430835708972705,26.477806091308594,446259000,0.0,0.0
2023-04-13 00:00:00-04:00,26.7166476867757,26.869548260916794,26.31191176986607,26.445823669433594,353615000,0.0,0.0
2023-04-14 00:00:00-04:00,26.486798151032517,26.865551883679498,26.202982075525256,26.740633010864258,395660000,0.0,0.0
2023-04-17 00:00:00-04:00,26.547759434806412,26.988473203686386,26.415845135360854,26.98447608947754,321471000,0.0,0.0
2023-04-18 00:00:00-04:00,27.515130232673847,28.091755386565286,27.339243873446396,27.6490421295166,604812000,0.0,0.0
2023-04-19 00:00:00-04:00,27.343240685548253,27.98182586482497,27.214324706114123,27.912870407104492,358660000,0.0,0.0
2023-04-20 00:00:00-04:00,27.653040047394537,28.01180820232442,26.982476023380784,27.086408615112305,427713000,0.0,0.0
2023-04-21 00:00:00-04:00,26.934507038823,27.165358012841736,26.704656772926235,27.101398468017578,345103000,0.0,0.0
2023-04-24 00:00:00-04:00,26.995465982671657,27.348235579918473,26.653687018838276,27.024446487426758,339282000,0.0,0.0
2023-04-25 00:00:00-04:00,27.06042320812397,27.22931413806429,26.207978142776422,26.223966598510742,378527000,0.0,0.0
2023-04-26 00:00:00-04:00,26.98447484193406,27.31226106523399,26.687666728848185,26.93850326538086,406337000,0.0,0.0
2023-04-27 00:00:00-04:00,27.345240361377464,27.47715465361365,26.60771850599663,27.208328247070312,377161000,0.0,0.0
2023-04-28 00:00:00-04:00,27.20733127338207,27.739984394080437,27.05342998469089,27.73099136352539,292216000,0.0,0.0
2023-05-01 00:00:00-04:00,27.82193199383704,29.039141923615947,27.76197146754515,28.891237258911133,570329000,0.0,0.0
2023-05-02 00:00:00-04:00,28.661388568150482,28.81728747000186,28.06477586620422,28.191692352294922,402730000,0.0,0.0
2023-05-03 00:00:00-04:00,27.8219338823804,28.348592322124123,27.4541726589013,27.783958435058594,383387000,0.0,0.0
2023-05-04 00:00:00-04:00,27.633056109035945,27.840921319115914,27.222323511757104,27.54411506652832,321850000,0.0,0.0
2023-05-05 00:00:00-04:00,27.80794065911765,28.736336669906983,27.71300300195752,28.661386489868164,361494000,0.0,0.0
2023-05-08 00:00:00-04:00,28.503486722502963,29.201033629261158,28.331599383389104,29.132078170776367,344979000,0.0,0.0
2023-05-09 00:00:00-04:00,28.880242114895676,28.954193487526783,28.43153415102666,28.552453994750977,314869000,0.0,0.0
2023-05-10 00:00:00-04:00,28.986173947740745,29.094105560009464,28.44252830281305,28.866252899169922,369350000,0.0,0.0
2023-05-11 00:00:00-04:00,28.877246468531435,28.93121227658871,28.227668698313387,28.559452056884766,322149000,0.0,0.0
2023-05-12 00:00:00-04:00,28.51048218586155,28.761320627980606,28.02779588194695,28.321605682373047,274222000,0.0,0.0
2023-05-15 00:00:00-04:00,28.48949515899852,28.95019637066434,28.133727241512663,28.934206008911133,293926000,0.0,0.0
2023-05-16 00:00:00-04:00,28.82228386631905,29.850617354397016,28.81329083509019,29.194042205810547,449405000,0.0,0.0
2023-05-17 00:00:00-04:00,29.56479672728252,30.179397303455694,29.410897359281257,30.158411026000977,432535000,0.0,0.0
2023-05-18 00:00:00-04:00,30.39025981784544,31.80733862019476,30.300318087016247,31.65743637084961,748725000,0.0,0.0
2023-05-19 00:00:00-04:00,31.515532395418244,31.559504464567972,30.895935843609628,31.243709564208984,473908000,0.0,0.0
2023-05-22 00:00:00-04:00,30.880944390289034,31.499544048329298,30.660089053951964,31.1557674407959,372000000,0.0,0.0
2023-05-23 00:00:00-04:00,30.979880977168126,31.267694171698214,30.611120976902026,30.66808319091797,356253000,0.0,0.0
2023-05-24 00:00:00-04:00,30.19039081167834,30.587134398271413,29.786653705153253,30.518178939819336,721419000,0.0,0.0
2023-05-25 00:00:00-04:00,38.497995807341425,39.454375407130364,36.61122070862838,37.95534896850586,1543911000,0.0,0.0
2023-05-26 00:00:00-04:00,37.865408555661546,39.14457660817056,37.52562906518615,38.92072296142578,714397000,0.0,0.0
2023-05-30 00:00:00-04:00,40.56865561638492,41.91078253323842,39.92307495310247,40.08496856689453,923401000,0.0,0.0
2023-05-31 00:00:00-04:00,39.462370269421555,40.26884571341783,37.79745117886432,37.809444427490234,1002580000,0.0,0.0
2023-06-01 00:00:00-04:00,38.46401583415097,40.02400343803905,38.31511428598522,39.74418640136719,635873000,0.0,0.0
2023-06-02 00:00:00-04:00,40.070980123808866,40.473718484515544,39.03265289434997,39.30147933959961,482731000,0.0,0.0
2023-06-05 00:00:00-04:00,38.88374928722303,39.539321788375425,38.68188071638041,39.14558029174805,396094000,0.0,0.0
2023-06-06 00:00:00-04:00,38.804802160748494,39.13458601689933,38.123241741889736,38.62891387939453,388729000,0.0,0.0
2023-06-07 00:00:00-04:00,38.89376845678286,39.47744945385498,37.33561714302101,37.454551696777344,511998000,0.004,0.0
2023-06-08 00:00:00-04:00,37.703420255024895,38.842797765126164,37.48454176498526,38.488990783691406,417772000,0.0,0.0
2023-06-09 00:00:00-04:00,39.0157005810381,39.68933264036205,38.545959600574975,38.74884796142578,427717000,0.0,0.0
2023-06-12 00:00:00-04:00,39.17861302696572,39.50843099459079,38.59692983734383,39.46045684814453,388701000,0.0,0.0
2023-06-13 00:00:00-04:00,40.164076100144555,41.0785778084364,39.71832028335553,40.99961853027344,613208000,0.0,0.0
2023-06-14 00:00:00-04:00,40.80172657491871,42.97653797583017,40.5298718137659,42.973541259765625,740465000,0.0,0.0
2023-06-15 00:00:00-04:00,42.57875935956908,43.265384836246646,42.12400575806211,42.629730224609375,568622000,0.0,0.0
2023-06-16 00:00:00-04:00,43.42629077833163,43.69714280637508,42.637719859224546,42.668704986572266,655709000,0.0,0.0
2023-06-20 00:00:00-04:00,42.9745439074926,43.966003309908615,42.650719351376964,43.78409957885742,451153000,0.0,0.0
2023-06-21 00:00:00-04:00,43.4772635468863,43.59120357044556,42.05704128100148,43.02151107788086,551603000,0.0,0.0
2023-06-22 00:00:00-04:00,42.22994767790135,43.40230809572924,42.21096084923493,43.001529693603516,417737000,0.0,0.0
2023-06-23 00:00:00-04:00,42.44082840759844,42.78563755104555,41.992072112071554,42.18596649169922,358140000,0.0,0.0
2023-06-26 00:00:00-04:00,42.43782951394114,42.74066558376808,40.078117742451454,40.60982894897461,594322000,0.0,0.0
2023-06-27 00:00:00-04:00,40.77673742484644,41.91711366832996,40.42593102539138,41.8531494140625,462175000,0.0,0.0
2023-06-28 00:00:00-04:00,40.637814961274316,41.82216977478574,40.49589414728599,41.094566345214844,582639000,0.0,0.0
2023-06-29 00:00:00-04:00,41.53532305058581,41.577299950801056,40.577845588400876,40.79972457885742,380514000,0.0,0.0
2023-06-30 00:00:00-04:00,41.657256974665316,42.52678117830855,41.47835379473084,42.27891540527344,501148000,0.0,0.0
2023-07-03 00:00:00-04:00,42.493797772318985,42.87459038816099,42.178971032897955,42.389854431152344,198209000,0.0,0.0
2023-07-05 00:00:00-04:00,42.112011067613764,43.15344240900505,42.062039108236945,42.293914794921875,323618000,0.0,0.0
2023-07-06 00:00:00-04:00,41.821174768467095,42.15599110214399,41.323445342508286,42.08003234863281,303582000,0.0,0.0
2023-07-07 00:00:00-04:00,42.29890400613968,43.19041935735987,42.156983201831395,42.47980499267578,355881000,0.0,0.0
2023-07-10 00:00:00-04:00,42.63372716743976,42.787642471608095,41.62627391492432,42.156986236572266,353908000,0.0,0.0
2023-07-11 00:00:00-04:00,42.45782138833829,42.734670684336905,42.04404961503228,42.38186264038086,298244000,0.0,0.0
2023-07-12 00:00:00-04:00,43.00951883998821,43.911027066615475,42.75365801470833,43.87804412841797,481277000,0.0,0.0
2023-07-13 00:00:00-04:00,44.49371584363228,46.12982004252078,44.46772905127002,45.95191955566406,478204000,0.0,0.0
2023-07-14 00:00:00-04:00,46.55758152341574,48.06176136683886,45.03541375901061,45.444190979003906,772075000,0.0,0.0
2023-07-17 00:00:00-04:00,46.26374664142169,46.47063062366615,45.23730653549651,46.43564987182617,510488000,0.0,0.0
2023-07-18 00:00:00-04:00,46.67552339505755,47.869871181137384,45.70905186855024,47.46809005737305,569164000,0.0,0.0
2023-07-19 00:00:00-04:00,47.43810520447181,47.791912159998795,46.71649899256564,47.05131530761719,427502000,0.0,0.0
2023-07-20 00:00:00-04:00,46.48162782743177,47.061313235391935,45.03741645990332,45.49516677856445,537865000,0.0,0.0
2023-07-21 00:00:00-04:00,45.7630136202291,45.84097398700811,44.07593496513591,44.284820556640625,963769000,0.0,0.0
2023-07-24 00:00:00-04:00,44.70659248014653,45.08438839809802,44.01597143107396,44.5876579284668,382516000,0.0,0.0
2023-07-25 00:00:00-04:00,44.916483110194,46.15780227032599,44.89849137503462,45.65407943725586,348081000,0.0,0.0
2023-07-26 00:00:00-04:00,45.995890105777626,46.02787414060496,44.60565021693435,45.42720031738281,364237000,0.0,0.0
2023-07-27 00:00:00-04:00,46.493615921248356,47.36913734530277,45.72503455251275,45.87495422363281,455976000,0.0,0.0
2023-07-28 00:00:00-04:00,46.64253893821814,47.00134424016971,46.35569676531063,46.72449493408203,331194000,0.0,0.0
2023-07-31 00:00:00-04:00,46.728490538955285,47.10428482748887,46.480624760835596,46.7035026550293,251055000,0.0,0.0
2023-08-01 00:00:00-04:00,46.434649363103794,46.87441172832599,46.00188696062389,46.481624603271484,237858000,0.0,0.0
2023-08-02 00:00:00-04:00,45.80599433851238,45.81498829927392,43.363327623503565,44.24484634399414,530142000,0.0,0.0
2023-08-03 00:00:00-04:00,43.776101176403955,45.093382845124545,43.776101176403955,44.4907112121582,324176000,0.0,0.0
2023-08-04 00:00:00-04:00,44.96045829684696,45.617097541524984,44.36878221779862,44.65562438964844,362666000,0.0,0.0
2023-08-07 00:00:00-04:00,45.086386746173794,45.51515353063665,44.53868540861367,45.39221954345703,322154000,0.0,0.0
2023-08-08 00:00:00-04:00,44.82852923844918,45.217316942470724,44.03196319010825,44.63963317871094,353843000,0.0,0.0
2023-08-09 00:00:00-04:00,44.249839662592294,44.28782094053219,42.11100798733163,42.53078079223633,586449000,0.0,0.0
2023-08-10 00:00:00-04:00,42.13699574373503,43.550225675456986,41.81217231360565,42.364871978759766,492705000,0.0,0.0
2023-08-11 00:00:00-04:00,41.72822134358296,41.995077780865394,40.61682850581949,40.83271026611328,533085000,0.0,0.0
2023-08-14 00:00:00-04:00,40.463906685181655,43.776097398299775,40.289002945920664,43.729122161865234,690286000,0.0,0.0
2023-08-15 00:00:00-04:00,44.535687703362775,45.24330157403039,43.68614920885437,43.91602325439453,676512000,0.0,0.0
2023-08-16 00:00:00-04:00,44.49571276095212,44.650626981324486,43.382318272344065,43.462276458740234,527451000,0.0,0.0
2023-08-17 00:00:00-04:00,43.94600851428991,44.037957367966825,42.97753549055958,43.320350646972656,452395000,0.0,0.0
2023-08-18 00:00:00-04:00,42.611736188017545,43.55422246965972,41.63726968400494,43.27537536621094,583768000,0.0,0.0
2023-08-21 00:00:00-04:00,44.46972532960602,47.03932184051733,44.197874362477556,46.941375732421875,692573000,0.0,0.0
2023-08-22 00:00:00-04:00,48.108734662611624,48.16070824217046,45.30826536444509,45.64308166503906,755293000,0.0,0.0
2023-08-23 00:00:00-04:00,45.840975904298595,47.174247686520786,45.18333397410903,47.090293884277344,779046000,0.0,0.0
2023-08-24 00:00:00-04:00,50.1885998204007,50.23857177595236,47.13326863032971,47.137264251708984,1156044000,0.0,0.0
2023-08-25 00:00:00-04:00,46.9863542513935,47.77892090852691,44.999436003373106,45.992897033691406,925341000,0.0,0.0
2023-08-28 00:00:00-04:00,46.45663639493685,46.9543657684175,44.863508175320256,46.809444427490234,685192000,0.0,0.0
2023-08-29 00:00:00-04:00,46.640540743084706,49.05422410380392,46.365689250102406,48.75738525390625,701397000,0.0,0.0
2023-08-30 00:00:00-04:00,49.01724039363048,49.89975805077244,48.398578637523045,49.23712158203125,735206000,0.0,0.0
2023-08-31 00:00:00-04:00,49.353059479355466,49.71685929593791,48.93128883683363,49.32807159423828,528570000,0.0,0.0
2023-09-01 00:00:00-04:00,49.73485103360682,49.77282850136187,48.115732155842714,48.4825325012207,463830000,0.0,0.0
2023-09-05 00:00:00-04:00,48.19668764519063,48.82434715495617,47.83388674600478,48.52151107788086,382653000,0.0,0.0
2023-09-06 00:00:00-04:00,48.418561612125444,48.526509476419605,46.55842365882449,47.03919982910156,468670000,0.004,0.0
2023-09-07 00:00:00-04:00,45.50391366248569,46.322534533431615,45.131085343555235,46.219581604003906,433330000,0.0,0.0
2023-09-08 00:00:00-04:00,45.92071940996517,46.584409473307375,45.250028806839694,45.55088806152344,473069000,0.0,0.0
2023-09-11 00:00:00-04:00,46.12662205679818,46.141614498404316,44.291473995947136,45.157073974609375,473966000,0.0,0.0
2023-09-12 00:00:00-04:00,44.7172700232729,45.65183817230261,44.510365202730895,44.84920883178711,349256000,0.0,0.0
2023-09-13 00:00:00-04:00,44.57933609209525,45.90872175707665,44.482380908447524,45.46392822265625,398355000,0.0,0.0
2023-09-14 00:00:00-04:00,45.92871548306057,45.965697093021376,45.110094621925995,45.55988693237305,370097000,0.0,0.0
2023-09-15 00:00:00-04:00,45.31999198709531,45.577871869694,43.78770131863037,43.879661560058594,506831000,0.0,0.0
2023-09-18 00:00:00-04:00,42.728202360672,44.2215098959697,41.980547698769925,43.94563674926758,500271000,0.0,0.0
2023-09-19 00:00:00-04:00,43.81269451068332,43.94563231876148,42.982078190954006,43.499839782714844,373064000,0.0,0.0
2023-09-20 00:00:00-04:00,43.579802461208814,43.88266351133672,42.203441401322486,42.21943283081055,367108000,0.0,0.0
2023-09-21 00:00:00-04:00,41.563736977268604,42.08049577030541,40.96101567472074,40.99799728393555,450736000,0.0,0.0
2023-09-22 00:00:00-04:00,41.552736723974945,42.09548821247719,41.21189511865896,41.590721130371094,479236000,0.0,0.0
2023-09-25 00:00:00-04:00,41.571730182940165,42.516292052357294,41.157920528062995,42.20243835449219,419091000,0.0,0.0
2023-09-26 00:00:00-04:00,41.981544768615734,42.80016565537031,41.63570436324995,41.89158630371094,402282000,0.0,0.0
2023-09-27 00:00:00-04:00,42.31038955896758,42.852138257331035,41.609714131697665,42.44832229614258,444935000,0.0,0.0
2023-09-28 00:00:00-04:00,42.4403244191023,43.42586759785592,42.095486874346165,43.069034576416016,424663000,0.0,0.0
2023-09-29 00:00:00-04:00,43.80669465697379,44.123549133326094,43.28693511492848,43.47884750366211,397830000,0.0,0.0
2023-10-02 00:00:00-04:00,44.009599054426594,45.154069017187716,43.840678635675474,44.761253356933594,433298000,0.0,0.0
2023-10-03 00:00:00-04:00,44.7872398839657,45.10909311668892,43.22596325710491,43.4968376159668,470850000,0.0,0.0
2023-10-04 00:00:00-04:00,43.72173808377064,44.12255330566711,43.27194577354406,44.020599365234375,361821000,0.0,0.0
2023-10-05 00:00:00-04:00,44.02959243795168,44.879200950918715,43.867668737435245,44.66729736328125,393483000,0.0,0.0
2023-10-06 00:00:00-04:00,44.17252564280475,45.767786867817584,44.005603198940975,45.74079895019531,434436000,0.0,0.0
2023-10-09 00:00:00-04:00,44.82122173529832,45.583868691074,44.34744233696588,45.25202178955078,409675000,0.0,0.0
2023-10-10 00:00:00-04:00,45.289010107776726,46.23756795276768,45.06711283415853,45.77678298950195,368582000,0.0,0.0
2023-10-11 00:00:00-04:00,46.17459898720651,46.83729386766852,46.02866671277973,46.78431701660156,378137000,0.0,0.0
2023-10-12 00:00:00-04:00,46.75532686388765,47.58694209872688,46.30853537914647,46.923248291015625,481325000,0.0,0.0
2023-10-13 00:00:00-04:00,46.93823975092536,47.094169510667186,45.25901788884397,45.43993377685547,474115000,0.0,0.0
2023-10-16 00:00:00-04:00,45.04212315084613,46.203583574312184,44.89119212930561,46.073646545410156,375099000,0.0,0.0
2023-10-17 00:00:00-04:00,43.97961605242817,44.73326836237256,42.46031976761086,43.91764450073242,812333000,0.0,0.0
2023-10-18 00:00:00-04:00,42.57127011789517,43.19898137436451,41.80562611222444,42.17645263671875,627294000,0.0,0.0
2023-10-19 00:00:00-04:00,42.7911712275924,43.27694617861222,41.86260067633136,42.08150100708008,501233000,0.0,0.0
2023-10-20 00:00:00-04:00,41.87058984444125,42.45032293422298,41.05896580650467,41.36782455444336,477266000,0.0,0.0
2023-10-23 00:00:00-04:00,41.209903709929456,43.22796955938642,40.92603485604566,42.95509338378906,478530000,0.0,0.0
2023-10-24 00:00:00-04:00,43.057038057985594,43.676749686328,42.671219154669366,43.642765045166016,401463000,0.0,0.0
2023-10-25 00:00:00-04:00,43.377892970342636,43.6297789361814,41.53574830765745,41.7596435546875,398379000,0.0,0.0
2023-10-26 00:00:00-04:00,41.833612702341114,42.23642589504536,39.86152709976489,40.30731964111328,541001000,0.0,0.0
2023-10-27 00:00:00-04:00,41.11094855365019,41.18691356194545,39.99646337372596,40.481239318847656,416784000,0.0,0.0
2023-10-30 00:00:00-04:00,41.0679702193919,41.746652746404344,40.462248113483334,41.14193344116211,388028000,0.0,0.0
2023-10-31 00:00:00-04:00,40.43125946211653,40.8600615518642,39.211823492574105,40.761104583740234,517969000,0.0,0.0
2023-11-01 00:00:00-04:00,40.86506257244454,42.361370852066266,40.85007013008419,42.305397033691406,437593000,0.0,0.0
2023-11-02 00:00:00-04:00,43.307920925769054,43.863663031413026,42.874123932526324,43.48583984375,409172000,0.0,0.0
2023-11-03 00:00:00-04:00,43.99960568025811,45.28800612867796,43.70274239785865,44.98414993286133,424610000,0.0,0.0
2023-11-06 00:00:00-05:00,45.26402504269513,45.91372550519506,44.87820224142606,45.72980880737305,400733000,0.0,0.0
2023-11-07 00:00:00-05:00,45.69782127762116,46.19658683928955,45.137080351571434,45.933712005615234,343165000,0.0,0.0
2023-11-08 00:00:00-05:00,46.07864213351029,46.84528891690733,45.946703314492126,46.552425384521484,346719000,0.0,0.0
2023-11-09 00:00:00-05:00,47.44500813069146,48.207655129484806,46.728341254280565,46.92824935913086,540496000,0.0,0.0
2023-11-10 00:00:00-05:00,47.47799830791122,48.44954820582583,47.26109976651128,48.3126106262207,421245000,0.0,0.0
2023-11-13 00:00:00-05:00,48.29761289799248,49.0932455425318,48.07671461686158,48.59747314453125,384136000,0.0,0.0
2023-11-14 00:00:00-05:00,49.65698656195247,49.810914551979124,49.01728364536213,49.63299560546875,416954000,0.0,0.0
2023-11-15 00:00:00-05:00,49.91186458554616,49.93685071433626,48.17766786704911,48.86534881591797,475497000,0.0,0.0
2023-11-16 00:00:00-05:00,48.65644941593309,49.502058162016766,48.307612072684094,49.45707702636719,339756000,0.0,0.0
2023-11-17 00:00:00-05:00,49.50105496849855,49.69396634927252,48.984296190510356,49.27516174316406,325205000,0.0,0.0
2023-11-20 00:00:00-05:00,49.28915491828104,50.52458236287964,49.15821508964933,50.38564682006836,414120000,0.0,0.0
2023-11-21 00:00:00-05:00,50.10277900216273,50.49359671556376,49.19919844365085,49.92086410522461,565747000,0.0,0.0
2023-11-22 00:00:00-05:00,49.828899379673054,50.311673448926754,47.667898705235174,48.693424224853516,899420000,0.0,0.0
2023-11-24 00:00:00-05:00,48.447546842242424,48.898338123964756,47.72288042046281,47.753868103027344,294645000,0.0,0.0
2023-11-27 00:00:00-05:00,47.77785748284775,48.50751887716154,47.62992722854215,48.21965408325195,395662000,0.0,0.0
2023-11-28 00:00:00-05:00,48.21365202685113,48.30061351892133,47.45100504136806,47.79884338378906,401491000,0.0,0.0
2023-11-29 00:00:00-05:00,48.35659018010254,48.739412176857265,47.837829598788915,48.117698669433594,382005000,0.0,0.0
2023-11-30 00:00:00-05:00,48.00174591431098,48.08770841421174,46.40049083853704,46.748329162597656,526247000,0.0,0.0
2023-12-01 00:00:00-05:00,46.50344524286752,47.178131734648986,46.165600596706255,46.74333190917969,369317000,0.0,0.0
2023-12-04 00:00:00-05:00,46.05565315263873,46.05565315263873,44.989146129304046,45.488914489746094,437543000,0.0,0.0
2023-12-05 00:00:00-05:00,45.448933555568175,46.58250677034524,45.25400705552958,46.54852294921875,371718000,0.004,0.0
2023-12-06 00:00:00-05:00,47.197275238129286,47.36921155253726,45.39495069645239,45.48591613769531,380590000,0.0,0.0
2023-12-07 00:00:00-05:00,45.68284295931475,46.61149502575525,45.58687833083044,46.57850646972656,350823000,0.0,0.0
2023-12-08 00:00:00-05:00,46.57750949930058,47.72307920041658,46.53252440936205,47.48816680908203,359224000,0.0,0.0
2023-12-11 00:00:00-05:00,47.47317498768805,47.51315707527434,45.81279915946564,46.6094970703125,509728000,0.0,0.0
2023-12-12 00:00:00-05:00,46.028715290198626,47.64810605776617,46.028715290198626,47.63911056518555,372387000,0.0,0.0
2023-12-13 00:00:00-05:00,47.611122768046286,48.57576068141439,47.59013074248943,48.069950103759766,447792000,0.0,0.0
2023-12-14 00:00:00-05:00,48.37183404392987,48.65172771318974,47.40419892072773,48.33184814453125,391232000,0.0,0.0
2023-12-15 00:00:00-05:00,48.175909002325604,49.38545387287282,48.10193546895566,48.871646881103516,479948000,0.0,0.0
2023-12-18 00:00:00-05:00,49.381456841806674,50.414066187630915,49.13155069141953,50.05820083618164,412587000,0.0,0.0
2023-12-19 00:00:00-05:00,49.40544401373602,49.68134136834579,48.87664329291069,49.58537673950195,464444000,0.0,0.0
2023-12-20 00:00:00-05:00,49.63636045247814,49.98023309919541,48.07994567571629,48.09294128417969,397894000,0.0,0.0
2023-12-21 00:00:00-05:00,48.79267736467951,49.076571148767,48.40082241502789,48.97161102294922,300425000,0.0,0.0
2023-12-22 00:00:00-05:00,49.17653306295307,49.36446221767303,48.44880569619553,48.81167221069336,252507000,0.0,0.0
2023-12-26 00:00:00-05:00,48.949613984887115,49.581376676631486,48.94161756801922,49.260498046875,244200000,0.0,0.0
2023-12-27 00:00:00-05:00,49.49241542635842,49.661350703421,49.066572842938115,49.3984489440918,233648000,0.0,0.0
2023-12-28 00:00:00-05:00,49.62436711615611,49.86527396770583,49.39345101981501,49.50341033935547,246587000,0.0,0.0
2023-12-29 00:00:00-05:00,49.79430147307111,49.978234327074226,48.732699840316755,49.50341033935547,389293000,0.0,0.0
2024-01-02 00:00:00-05:00,49.22551389912714,49.27649344260116,47.57713465197093,48.14991760253906,411254000,0.0,0.0
2024-01-03 00:00:00-05:00,47.46717554449256,48.16591065021649,47.302236567517355,47.551143646240234,320896000,0.0,0.0
2024-01-04 00:00:00-05:00,47.74906818641796,48.48179475152094,47.49016653492504,47.979984283447266,306535000,0.0,0.0
2024-01-05 00:00:00-05:00,48.4438038170967,49.52839547317931,48.28786035280196,49.07856369018555,415039000,0.0,0.0
2024-01-08 00:00:00-05:00,49.493414803058315,52.2553780928012,49.46042624518818,52.23338317871094,642510000,0.0,0.0
2024-01-09 00:00:00-05:00,52.38133132087113,54.304608899415356,51.670595858503674,53.120052337646484,773100000,0.0,0.0
2024-01-10 00:00:00-05:00,53.59587564392309,54.57950363229104,53.468920600031716,54.32959747314453,533796000,0.0,0.0
2024-01-11 00:00:00-05:00,54.978353810668786,55.32522366817502,53.539894837912634,54.80141830444336,596759000,0.0,0.0
2024-01-12 00:00:00-05:00,54.59949438818704,54.94936528488959,54.30960615330977,54.68946075439453,352994000,0.0,0.0
2024-01-16 00:00:00-05:00,54.99734961591672,56.813665103138256,54.879393878712925,56.360836029052734,449580000,0.0,0.0
2024-01-17 00:00:00-05:00,56.325847887071866,56.44980188752581,54.71945269845349,56.031959533691406,474394000,0.0,0.0
2024-01-18 00:00:00-05:00,57.23850610997206,57.57837864545508,56.08593900392558,57.08556365966797,491650000,0.0,0.0
2024-01-19 00:00:00-05:00,57.967230984594906,59.47766538428564,57.203517829580356,59.46866989135742,543501000,0.0,0.0
2024-01-22 00:00:00-05:00,60.02646308238528,60.308358741109046,59.047830414692214,59.63161087036133,452955000,0.0,0.0
2024-01-23 00:00:00-05:00,59.54763724461273,59.88750976187205,58.563006401379184,59.85052490234375,294654000,0.0,0.0
2024-01-24 00:00:00-05:00,60.28136484798457,62.82540771389363,59.91550110281905,61.338966369628906,560271000,0.0,0.0
2024-01-25 00:00:00-05:00,62.32659482707883,62.695459614186476,60.8271578659148,61.5938720703125,482777000,0.0,0.0
2024-01-26 00:00:00-05:00,60.93711847607482,61.759811433716834,60.550266507965134,61.00809097290039,390309000,0.0,0.0
2024-01-29 00:00:00-05:00,61.209012360122756,62.46554046020734,60.884137413565526,62.441551208496094,348733000,0.0,0.0
2024-01-30 00:00:00-05:00,62.876390843205506,63.46916675485246,62.23662787593773,62.75043487548828,410735000,0.0,0.0
2024-01-31 00:00:00-05:00,61.41693710561366,62.24562831970366,60.6772170002544,61.50390625,453795000,0.0,0.0
2024-02-01 00:00:00-05:00,62.076683936331825,63.16727775299556,61.626855932874065,63.00333786010742,369146000,0.0,0.0
2024-02-02 00:00:00-05:00,63.94997850101078,66.57499195926525,63.66608473882134,66.13516235351562,476578000,0.0,0.0
2024-02-05 00:00:00-05:00,68.19939012424172,69.47091584987561,67.17977633836104,69.30597686767578,680078000,0.0,0.0
2024-02-06 00:00:00-05:00,69.60386495591794,69.72781896754408,66.27512050871108,68.19739532470703,683111000,0.0,0.0
2024-02-07 00:00:00-05:00,68.29334720317483,70.1936343745623,67.57461541049389,70.07267761230469,495575000,0.0,0.0
2024-02-08 00:00:00-05:00,70.04768132116023,70.7674121465697,69.42891811747751,69.6148452758789,414422000,0.0,0.0
2024-02-09 00:00:00-05:00,70.50652846806685,72.15790895507466,70.18564978274989,72.1059341430664,436637000,0.0,0.0
2024-02-12 00:00:00-05:00,72.57274383383451,74.5829904741092,71.22325216031359,72.22087860107422,613710000,0.0,0.0
2024-02-13 00:00:00-05:00,70.37358838482487,73.42243948960919,69.59388225066057,72.10093688964844,602580000,0.0,0.0
2024-02-14 00:00:00-05:00,73.17453257134588,74.20814111994534,71.91100698040367,73.87226867675781,504917000,0.0,0.0
2024-02-15 00:00:00-05:00,73.84127361084667,73.9472289995395,72.37282328939969,72.63072204589844,420122000,0.0,0.0
2024-02-16 00:00:00-05:00,74.07218040927339,74.37406898709354,72.47378167003887,72.58573913574219,495327000,0.0,0.0
2024-02-20 00:00:00-05:00,71.91999242878622,71.92899173506727,67.70857639129635,69.42593383789062,704833000,0.0,0.0
2024-02-21 00:00:00-05:00,67.9804743369606,68.86214710879592,66.22313849991595,67.4466781616211,690298000,0.0,0.0
2024-02-22 00:00:00-05:00,74.99684018330679,78.5455030813757,74.1921420425949,78.5085220336914,865100000,0.0,0.0
2024-02-23 00:00:00-05:00,80.75968130766822,82.36307562218218,77.54088851837011,78.78742218017578,829388000,0.0,0.0
2024-02-26 00:00:00-05:00,79.67009046088133,80.6157422578572,78.47553917565106,79.06232452392578,503973000,0.0,0.0
2024-02-27 00:00:00-05:00,79.35119274989219,79.45016223022866,77.13303174065258,78.67144775390625,391705000,0.0,0.0
2024-02-28 00:00:00-05:00,77.59087459563746,78.90337778350795,77.09605760677522,77.63385772705078,393110000,0.0,0.0
2024-02-29 00:00:00-05:00,79.06430729405044,79.9599670015527,78.3205833213307,79.0822982788086,507289000,0.0,0.0
2024-03-01 00:00:00-05:00,79.96996422541928,82.26910374751212,79.40517391258761,82.24810791015625,479135000,0.0,0.0
2024-03-04 00:00:00-05:00,84.09841513764894,87.66207928922401,83.6875739405617,85.20500183105469,615616000,0.0,0.0
2024-03-05 00:00:00-05:00,85.24198821051228,86.06872004565462,83.38960003379123,85.93576049804688,520639000,0.004,0.0
2024-03-06 00:00:00-05:00,87.99308922719804,89.69452599594824,87.00141069166892,88.67086029052734,582520000,0.0,0.0
2024-03-07 00:00:00-05:00,90.12838069813151,92.7365248144859,89.57256358530061,92.63855743408203,608119000,0.0,0.0
2024-03-08 00:00:00-05:00,95.10675351305797,97.36801162259309,86.47758481062256,87.49925231933594,1142269000,0.0,0.0
2024-03-11 00:00:00-04:00,86.4006103441235,88.76782871199401,84.13835321441624,85.7458267211914,678364000,0.0,0.0
2024-03-12 00:00:00-04:00,88.02008324614344,91.92979413377263,86.12170491240781,91.8828125,668075000,0.0,0.0
2024-03-13 00:00:00-04:00,91.02508398682748,91.47393396528192,88.40594204784502,90.85813903808594,635713000,0.0,0.0
2024-03-14 00:00:00-04:00,89.54757446626068,90.61622350841212,86.57154750613068,87.91510772705078,602318000,0.0,0.0
2024-03-15 00:00:00-04:00,86.90145143354621,89.51658962259671,86.2286759328103,87.80815124511719,642086000,0.0,0.0
2024-03-18 00:00:00-04:00,90.35831286729302,92.37464868231102,87.05639632268333,88.42594909667969,668976000,0.0,0.0
2024-03-19 00:00:00-04:00,86.67151765212044,90.51425674084177,84.98207797118587,89.36863708496094,672171000,0.0,0.0
2024-03-20 00:00:00-04:00,89.76749997737916,90.38030520484318,88.19401951660328,90.34231567382812,479063000,0.0,0.0
2024-03-21 00:00:00-04:00,92.26968196617385,92.61756721905257,90.37530021359187,91.40496063232422,480372000,0.0,0.0
2024-03-22 00:00:00-04:00,91.11105766429952,94.7468638928685,90.8041593115699,94.25802612304688,586719000,0.0,0.0
2024-03-25 00:00:00-04:00,93.91013861786189,96.7342074446901,93.47928046219188,94.97078704833984,552136000,0.0,0.0
2024-03-26 00:00:00-04:00,95.81951413427198,96.34334409261999,92.4716151430306,92.53059387207031,513648000,0.0,0.0
2024-03-27 00:00:00-04:00,93.08141149546424,93.20936779906054,89.09372349939157,90.22035217285156,586067000,0.0,0.0
2024-03-28 00:00:00-04:00,89.97043098866838,91.2700069314821,89.163696917333,90.3263168334961,435212000,0.0,0.0
2024-04-01 00:00:00-04:00,90.26933865065378,92.1947007975338,89.17469715880289,90.33331298828125,452441000,0.0,0.0
2024-04-02 00:00:00-04:00,88.41893947358703,90.06440242112468,87.59121620163441,89.42261505126953,433064000,0.0,0.0
2024-04-03 00:00:00-04:00,88.45493823513225,90.3443168469122,88.3709661913593,88.93477630615234,370067000,0.0,0.0
2024-04-04 00:00:00-04:00,90.37629042203368,90.60421995433492,85.85177670926352,85.87677001953125,434965000,0.0,0.0
2024-04-05 00:00:00-04:00,86.8374646504957,88.45193966671309,85.89777859630549,87.97909545898438,399678000,0.0,0.0
2024-04-08 00:00:00-04:00,88.67085666122206,88.80081883400379,86.70350850941023,87.10437774658203,283220000,0.0,0.0
2024-04-09 00:00:00-04:00,87.41326961083752,87.60620698800746,82.99472376686872,85.3259506225586,503547000,0.0,0.0
2024-04-10 00:00:00-04:00,83.89843024698811,87.3712879556285,83.68149867040677,87.01040649414062,431929000,0.0,0.0
2024-04-11 00:00:00-04:00,87.39128560717941,90.70919574606373,86.89745219051976,90.58623504638672,431637000,0.0,0.0
2024-04-12 00:00:00-04:00,89.66953943111257,90.1453886602286,87.50125303417155,88.15703582763672,426805000,0.0,0.0
2024-04-15 00:00:00-04:00,89.06872264461606,90.58322421693445,85.90076523534208,85.97274017333984,443077000,0.0,0.0
2024-04-16 00:00:00-04:00,86.40460421758179,88.08904823109181,86.03572977127556,87.38628387451172,370453000,0.0,0.0
2024-04-17 00:00:00-04:00,88.3109710984958,88.7458333599475,83.92241409948026,84.00739288330078,495400000,0.0,0.0
2024-04-18 00:00:00-04:00,84.94208621726145,86.16168663370678,82.37492908333081,84.64318084716797,447260000,0.0,0.0
2024-04-19 00:00:00-04:00,83.12268637450086,84.29629668319684,75.58116589392048,76.17496490478516,875198000,0.0,0.0
2024-04-22 00:00:00-04:00,78.07833775408314,80.04669267273574,76.37490279505329,79.49187469482422,596341000,0.0,0.0
2024-04-23 00:00:00-04:00,80.74246382535908,82.7418068067518,80.23763246823718,82.39591979980469,438559000,0.0,0.0
2024-04-24 00:00:00-04:00,83.92241667959377,84.05437709629325,79.1569845005292,79.65082550048828,512208000,0.0,0.0
2024-04-25 00:00:00-04:00,78.84209462361733,83.29563335625151,78.19730980842563,82.60486602783203,424641000,0.0,0.0
2024-04-26 00:00:00-04:00,83.79047109382074,88.30198930446801,83.3596128981717,87.70618438720703,551011000,0.0,0.0
2024-04-29 00:00:00-04:00,87.56622296271497,87.96308807915567,85.23798574736955,87.7281723022461,388971000,0.0,0.0
2024-04-30 00:00:00-04:00,87.21134125053536,88.78982495986544,86.27165520822136,86.37361907958984,363709000,0.0,0.0
2024-05-01 00:00:00-04:00,85.04905184528752,85.9717451202874,81.22830132116862,83.01371765136719,559863000,0.0,0.0
2024-05-02 00:00:00-04:00,84.42125626969049,86.20867093085921,83.17266601309362,85.78881072998047,377898000,0.0,0.0
2024-05-03 00:00:00-04:00,87.76016278941914,89.25166943381491,87.01140828668458,88.75983428955078,398341000,0.0,0.0
2024-05-06 00:00:00-04:00,89.36062948973989,92.18970149787158,89.02574047227303,92.10972595214844,376203000,0.0,0.0
2024-05-07 00:00:00-04:00,91.06806618454974,91.75084041902228,88.98175395384375,90.52424621582031,437342000,0.0,0.0
2024-05-08 00:00:00-04:00,89.45361321300157,91.16404981267715,89.39063036492911,90.38230895996094,325721000,0.0,0.0
2024-05-09 00:00:00-04:00,90.4992620554592,91.04208295679378,88.20202038816478,88.71784973144531,378013000,0.0,0.0
2024-05-10 00:00:00-04:00,90.27534193987526,91.37098265790202,89.19769305265027,89.84848022460938,335325000,0.0,0.0
2024-05-13 00:00:00-04:00,90.44827727503778,90.96811074029578,88.49991996993283,90.36930847167969,289680000,0.0,0.0
2024-05-14 00:00:00-04:00,89.56956971282393,91.62089767401247,88.90478722070216,91.32599639892578,296507000,0.0,0.0
2024-05-15 00:00:00-04:00,92.4416118733137,94.83082585877617,91.56889766124672,94.5988998413086,417735000,0.0,0.0
2024-05-16 00:00:00-04:00,94.87882442022669,95.78752238437566,94.07208269713682,94.3280029296875,323952000,0.0,0.0
2024-05-17 00:00:00-04:00,94.33800216120143,94.70887485375151,91.77584059273352,92.44861602783203,359691000,0.0,0.0
2024-05-20 00:00:00-04:00,93.71920279909754,95.16872341830162,93.40930707577944,94.74886322021484,318764000,0.0,0.0
2024-05-21 00:00:00-04:00,93.56825212335475,95.36866300361463,93.14939104451075,95.35466766357422,328946000,0.0,0.0
2024-05-22 00:00:00-04:00,95.42764347286975,95.98845620709115,93.21837032400495,94.91880798339844,548648000,0.0,0.0
2024-05-23 00:00:00-04:00,101.99449335003398,106.28508365177811,101.48665694608555,103.7649154663086,835065000,0.0,0.0
2024-05-24 00:00:00-04:00,104.41469537259921,106.44003098960508,102.96617374072069,106.43403625488281,429494000,0.0,0.0
2024-05-28 00:00:00-04:00,110.20778262251307,114.90123977492766,109.84690116806794,113.86357879638672,652728000,0.0,0.0
2024-05-29 00:00:00-04:00,113.01286640628571,115.45405793078952,110.86457027293942,114.78727722167969,557442000,0.0,0.0
2024-05-30 00:00:00-04:00,114.612337538274,115.78095222554882,109.62697631949285,110.46369934082031,487350000,0.0,0.0
2024-05-31 00:00:00-04:00,112.4830297906596,112.67997129263833,106.904868817121,109.59698486328125,613263000,0.0,0.0
2024-06-03 00:00:00-04:00,113.58368201334555,114.96222686767578,111.96620962094242,114.96222686767578,438392000,0.0,0.0
2024-06-04 00:00:00-04:00,115.67799408835361,116.56169877793198,114.00753771578134,116.39875030517578,403324000,0.0,0.0
2024-06-05 00:00:00-04:00,118.33211671671947,122.40877237466783,117.42941347887506,122.3997802734375,528402000,0.0,0.0
2024-06-06 00:00:00-04:00,124.00724541916884,125.54574130546908,118.28113030159747,120.958251953125,664696000,0.0,0.0
2024-06-07 00:00:00-04:00,119.7306529022316,121.65202623467715,117.98323363858707,120.8482894897461,412386000,0.0,0.0
2024-06-10 00:00:00-04:00,120.33046067723372,123.05955958930451,116.9715638416941,121.74999237060547,314162700,0.0,10.0
2024-06-11 00:00:00-04:00,121.73999195116299,122.83972700807324,118.7107397776175,120.88021087646484,222551200,0.01,0.0
2024-06-12 00:00:00-04:00,123.02967915018486,126.84873770805827,122.53980200765415,125.16915130615234,299595000,0.0,0.0
2024-06-13 00:00:00-04:00,129.35813218658845,129.7680348697194,127.12868568021801,129.5780792236328,260704500,0.0,0.0
2024-06-14 00:00:00-04:00,129.92799370452428,132.80727390157034,128.28839829543193,131.84751892089844,309320400,0.0,0.0
2024-06-17 00:00:00-04:00,132.9572533982128,133.69706139159663,129.54808953427707,130.94773864746094,288504400,0.0,0.0
2024-06-18 00:00:00-04:00,131.10769173939232,136.29641557179684,130.6578056523983,135.54660034179688,294335100,0.0,0.0
2024-06-20 00:00:00-04:00,139.76557010788932,140.72532511567726,129.48810330722768,130.74778747558594,517768400,0.0,0.0
2024-06-21 00:00:00-04:00,127.08867825178737,130.5978154647857,124.26937345205326,126.53881072998047,655484700,0.0,0.0
2024-06-24 00:00:00-04:00,123.2096275256971,124.42932809847615,118.0109120255889,118.08089447021484,476060900,0.0,0.0
2024-06-25 00:00:00-04:00,121.17013488438512,126.46883208603107,119.29060083723321,126.05892944335938,425787500,0.0,0.0
2024-06-26 00:00:00-04:00,126.09892059020918,128.08842814640124,122.56979155312732,126.36885833740234,362975900,0.0,0.0
2024-06-27 00:00:00-04:00,124.06941564080125,126.37885155800387,122.88970613137967,123.95944213867188,252571700,0.0,0.0
2024-06-28 00:00:00-04:00,124.54930428199576,127.67853027804634,122.71975337861936,123.50955963134766,315516700,0.0,0.0
2024-07-01 00:00:00-04:00,123.43958890104815,124.80924657003757,118.8007324055703,124.2693862915039,284885500,0.0,0.0
2024-07-02 00:00:00-04:00,121.10014907077634,123.37959365292392,121.00017523772506,122.6397705078125,218374000,0.0,0.0
2024-07-03 00:00:00-04:00,121.63003350315482,128.24839782714844,121.33010435521813,128.24839782714844,215749000,0.0,0.0
2024-07-05 00:00:00-04:00,127.34861718195397,128.81826389526591,125.64903902808197,125.79900360107422,214176700,0.0,0.0
2024-07-08 00:00:00-04:00,127.4585719244731,130.73776982046533,127.0086858992603,128.16839599609375,237677300,0.0,0.0
2024-07-09 00:00:00-04:00,130.3178959397844,133.78704236722226,128.61830251041144,131.34764099121094,285366600,0.0,0.0
2024-07-10 00:00:00-04:00,133.99698191654937,135.0667256558596,132.38737791270125,134.87677001953125,248978600,0.0,0.0
2024-07-11 00:00:00-04:00,135.71655549549055,136.1164508461357,127.0187019512054,127.36861419677734,374782700,0.0,0.0
2024-07-12 00:00:00-04:00,128.22839089146464,131.88749271860638,127.18865386253758,129.20816040039062,252680500,0.0,0.0
2024-07-15 00:00:00-04:00,130.52782847793975,131.35762580228223,127.14866403247436,128.40835571289062,208326200,0.0,0.0
2024-07-16 00:00:00-04:00,128.40836211736584,129.0082051584145,124.54931239200171,126.32887268066406,214769500,0.0,0.0
2024-07-17 00:00:00-04:00,121.32010271185337,121.8199795319496,116.69124610366761,117.96092987060547,390086200,0.0,0.0
2024-07-18 00:00:00-04:00,121.81998031239168,122.36984786902624,116.53128260658956,121.06016540527344,320979500,0.0,0.0
2024-07-19 00:00:00-04:00,120.32034177331325,121.57003374775046,117.341080377663,117.90093994140625,217223800,0.0,0.0
2024-07-22 00:00:00-04:00,120.3203432330864,124.03942781453529,119.8304661088677,123.50955963134766,258068900,0.0,0.0
2024-07-23 00:00:00-04:00,122.74974719191928,124.65928025097237,122.06991443104106,122.5597915649414,173911000,0.0,0.0
2024-07-24 00:00:00-04:00,119.1406333610656,119.92043994002134,113.41204956795865,114.22184753417969,327776900,0.0,0.0
2024-07-25 00:00:00-04:00,113.01214179627254,116.60125336651197,106.27380502948411,112.25232696533203,460067000,0.0,0.0
2024-07-26 00:00:00-04:00,116.16137637359374,116.17136841805404,111.55251154245995,113.03214263916016,293399100,0.0,0.0
2024-07-29 00:00:00-04:00,113.66198865142056,116.25134680115113,111.27257816967544,111.5625,248152100,0.0,0.0
2024-07-30 00:00:00-04:00,111.49251876218644,111.96240417731258,102.51473565355279,103.7044448852539,486833300,0.0,0.0
2024-07-31 00:00:00-04:00,112.87217777091092,118.31083191790377,110.85267132044424,116.99115753173828,473174200,0.0,0.0
2024-08-01 00:00:00-04:00,117.50104810323892,120.13040514788088,106.78368749587625,109.18309783935547,523462300,0.0,0.0
2024-08-02 00:00:00-04:00,103.73443867463745,108.69321575888374,101.3450281116693,107.24356842041016,482027500,0.0,0.0
2024-08-05 00:00:00-04:00,92.0373150047539,103.38452459369911,90.66765743904186,100.42524719238281,552842400,0.0,0.0
2024-08-06 00:00:00-04:00,103.8144091952266,107.68345833707174,100.52522659409519,104.22431182861328,409012100,0.0,0.0
2024-08-07 00:00:00-04:00,107.78343659639361,108.77319818362058,98.6656883565928,98.88563537597656,411440400,0.0,0.0
2024-08-08 00:00:00-04:00,101.97486813365401,105.47400576569116,97.49596860854,104.94413757324219,391910000,0.0,0.0
2024-08-09 00:00:00-04:00,105.6139698534446,106.57373239559361,103.40451530940655,104.72418975830078,290844200,0.0,0.0
2024-08-12 00:00:00-04:00,106.29380933051287,111.04263923804827,106.23382655143305,108.9931411743164,325559900,0.0,0.0
2024-08-13 00:00:00-04:00,112.41229629244809,116.20136332032301,111.55250759337807,116.11138153076172,312646700,0.0,0.0
2024-08-14 00:00:00-04:00,118.5007970340635,118.57077948335262,114.04189674110647,118.05091094970703,339246400,0.0,0.0
2024-08-15 00:00:00-04:00,118.73074633761901,123.2096384456698,117.44106320591041,122.8297348022461,318086700,0.0,0.0
2024-08-16 00:00:00-04:00,121.90995980977215,124.96920346991081,121.15014491697093,124.54930877685547,302589900,0.0,0.0
2024-08-19 00:00:00-04:00,124.24936523467589,129.96795654296875,123.38957660426745,129.96795654296875,318333600,0.0,0.0
2024-08-20 00:00:00-04:00,128.36836140301475,129.8480077753235,125.85898525590325,127.2186508178711,300087400,0.0,0.0
2024-08-21 00:00:00-04:00,127.288628455805,129.31813467743694,126.62879504399294,128.4683380126953,257883600,0.0,0.0
2024-08-22 00:00:00-04:00,129.98796994394152,130.717785815134,123.06966909662319,123.70951080322266,376189100,0.0,0.0
2024-08-23 00:00:00-04:00,125.82898983127045,129.56807382051312,125.18914813175064,129.33811950683594,323230300,0.0,0.0
2024-08-26 00:00:00-04:00,129.53808260280766,131.22765338990934,124.33935925298674,126.42884063720703,331964700,0.0,0.0
2024-08-27 00:00:00-04:00,125.01920259136338,129.1681743229575,123.84948497148315,128.26840209960938,303134600,0.0,0.0
2024-08-28 00:00:00-04:00,128.0884319398247,128.29838691719942,122.60978624415954,125.57905578613281,448101100,0.0,0.0
2024-08-29 00:00:00-04:00,121.33009516824127,124.39933835599817,116.68123949231907,117.56101989746094,453023300,0.0,0.0
2024-08-30 00:00:00-04:00,119.50054804230363,121.72000228172388,117.19111963899515,119.34059143066406,333751600,0.0,0.0
2024-09-03 00:00:00-04:00,115.9814171340765,116.18136480283337,107.26356453201906,107.973388671875,477155100,0.0,0.0
2024-09-04 00:00:00-04:00,105.38403194779274,113.24208832420429,104.09434887245212,106.18383026123047,372470300,0.0,0.0
2024-09-05 00:00:00-04:00,104.96413183407385,109.6229874268856,104.73419276980215,107.18358612060547,306850700,0.0,0.0
2024-09-06 00:00:00-04:00,108.0133719412909,108.12334543943037,100.92511547059387,102.80465698242188,413638100,0.0,0.0
2024-09-09 00:00:00-04:00,104.85416662249493,106.52376111930401,103.66446489131458,106.44377899169922,273912000,0.0,0.0
2024-09-10 00:00:00-04:00,107.78343479415585,109.37304700834024,104.92413884500664,108.0733642578125,268283700,0.0,0.0
2024-09-11 00:00:00-04:00,109.36305099024224,117.16113249890854,107.39353508245641,116.8812026977539,441422400,0.0,0.0
2024-09-12 00:00:00-04:00,116.82120128077001,120.77057045474369,115.3614370539407,119.12083435058594,367100500,0.01,0.0
2024-09-13 00:00:00-04:00,119.06084000976254,119.94069565795841,117.58107480834963,119.0808334350586,238358300,0.0,0.0
2024-09-16 00:00:00-04:00,116.77120810734208,118.16098383065176,114.34159881620232,116.7612075805664,248772300,0.0,0.0
2024-09-17 00:00:00-04:00,118.15099033708098,118.7808938826076,114.81153124290536,115.57140350341797,231925900,0.0,0.0
2024-09-18 00:00:00-04:00,115.87135202544096,117.68105834506785,113.20178347448297,113.35176086425781,310318900,0.0,0.0
2024-09-19 00:00:00-04:00,117.3311230698782,119.64075670028409,117.23114068021938,117.85104370117188,293506400,0.0,0.0
2024-09-20 00:00:00-04:00,117.041165532472,118.6009197546388,115.37143602446805,115.98133850097656,382462400,0.0,0.0
2024-09-23 00:00:00-04:00,116.5312567610485,116.97118080282907,114.84152614526418,116.24130249023438,206228500,0.0,0.0
2024-09-24 00:00:00-04:00,116.5012492087513,121.78040609310197,115.36143323881014,120.85055541992188,354966800,0.0,0.0
2024-09-25 00:00:00-04:00,122.00036937142775,124.91990547833531,121.5904392877682,123.4901351928711,284692900,0.0,0.0
2024-09-26 00:00:00-04:00,126.77960826024157,127.64946344549999,121.78041247124415,124.02005004882812,302582900,0.0,0.0
2024-09-27 00:00:00-04:00,123.9500642912149,124.01005220096552,119.24082267160239,121.38047790527344,271009200,0.0,0.0
2024-09-30 00:00:00-04:00,118.29096227592748,121.48045146740193,118.13099198549791,121.42046356201172,226553700,0.0,0.0
2024-10-01 00:00:00-04:00,121.75040758040218,122.42030559533124,115.77137385100936,116.9811782836914,302094500,0.0,0.0
2024-10-02 00:00:00-04:00,116.42127087200362,119.360792730428,115.12147695024304,118.83087921142578,221845900,0.0,0.0
2024-10-03 00:00:00-04:00,120.90054847309592,124.33999759824167,120.32063993396463,122.83023834228516,277118000,0.0,0.0
2024-10-04 00:00:00-04:00,124.91990339813242,125.01988578554294,121.810403092212,124.89990234375,243678100,0.0,0.0
2024-10-07 00:00:00-04:00,124.96989107230341,130.61898369823507,124.92989659161151,127.69945526123047,346250200,0.0,0.0
2024-10-08 00:00:00-04:00,130.23904002332463,133.45852325335272,129.39917881279587,132.86862182617188,285722500,0.0,0.0
2024-10-09 00:00:00-04:00,134.08841860906853,134.49835629027027,131.35886221320516,132.62864685058594,246191600,0.0,0.0
2024-10-10 00:00:00-04:00,131.8887724251562,134.97827142059657,130.97891523035668,134.78829956054688,242311300,0.0,0.0
2024-10-11 00:00:00-04:00,133.98843884138304,135.75815840657205,133.63850429309608,134.7783203125,170209500,0.0,0.0
2024-10-14 00:00:00-04:00,136.44805696221857,139.57755854294567,136.27808612883217,138.0478057861328,232347700,0.0,0.0
2024-10-15 00:00:00-04:00,137.84782283581688,138.547722466739,128.71930149862905,131.57884216308594,377831000,0.0,0.0
2024-10-16 00:00:00-04:00,133.9584403413635,136.5980149944232,131.55883256815804,135.6981658935547,264879700,0.0,0.0
2024-10-17 00:00:00-04:00,139.31759037510415,140.8673441853548,136.8479863322171,136.90797424316406,306435900,0.0,0.0
2024-10-18 00:00:00-04:00,138.64768884107772,138.87764756674068,137.25791307551907,137.97779846191406,176090200,0.0,0.0
2024-10-21 00:00:00-04:00,138.1077854115753,143.6868896484375,137.97780144123402,143.6868896484375,264554500,0.0,0.0
2024-10-22 00:00:00-04:00,142.88702644418225,144.39677817254247,141.7572032447214,143.56690979003906,226311600,0.0,0.0
2024-10-23 00:00:00-04:00,142.00715584596583,142.4070854107316,137.43789878035992,139.5375518798828,285930000,0.0,0.0
2024-10-24 00:00:00-04:00,140.79735837298583,141.3272719093067,138.4377373361036,140.38742065429688,172354900,0.0,0.0
2024-10-25 00:00:00-04:00,140.90732467853542,144.1068221770471,140.77735596279692,141.51722717285156,205122100,0.0,0.0
2024-10-28 00:00:00-04:00,142.9770029033179,143.11697977842437,140.02748037021578,140.49740600585938,173586700,0.0,0.0
2024-10-29 00:00:00-04:00,140.26742736816374,142.23711171034327,138.87765156261756,141.22727966308594,157593600,0.0,0.0
2024-10-30 00:00:00-04:00,139.51754595215704,140.30742741103543,136.78798938993828,139.3175811767578,179418100,0.0,0.0
2024-10-31 00:00:00-04:00,137.57788081150406,137.5878737112806,132.08875807974474,132.7386474609375,270039600,0.0,0.0
2024-11-01 00:00:00-04:00,134.67833522595924,137.2879161101812,134.5483665061615,135.3782196044922,207127800,0.0,0.0
2024-11-04 00:00:00-05:00,137.18793904541485,138.9376575905799,135.54820341905642,136.0281219482422,187528200,0.0,0.0
2024-11-05 00:00:00-05:00,137.4278859649573,140.3474144064953,137.30791015086248,139.8874969482422,160537400,0.0,0.0
2024-11-06 00:00:00-05:00,142.9370107400554,146.46644169789403,141.93717159604822,145.58657836914062,242043900,0.0,0.0
2024-11-07 00:00:00-05:00,146.3664587614797,148.9060435973239,146.14649291865044,148.85606384277344,207323300,0.0,0.0
2024-11-08 00:00:00-05:00,148.7460628790407,149.74590195013883,146.236457046531,147.6062469482422,175665800,0.0,0.0
2024-11-11 00:00:00-05:00,148.65606583595482,148.82605190369284,143.5469028263821,145.2366180419922,182325600,0.0,0.0
2024-11-12 00:00:00-05:00,146.7563770410738,149.62591028148023,145.98649668767203,148.26612854003906,198634700,0.0,0.0
2024-11-13 00:00:00-05:00,149.04602786184785,149.30598054586102,145.87652436377047,146.24647521972656,191903300,0.0,0.0
2024-11-14 00:00:00-05:00,147.6162371498861,148.97601887199116,145.52657719098687,146.7363739013672,194463300,0.0,0.0
2024-11-15 00:00:00-05:00,144.8466877533126,145.2166386002855,140.05746510375218,141.9571533203125,250132900,0.0,0.0
2024-11-18 00:00:00-05:00,139.47755210471132,141.52722527651324,137.1279241566863,140.12744140625,221866000,0.0,0.0
2024-11-19 00:00:00-05:00,141.2972716123141,147.10633445236968,140.96732287230222,146.98634338378906,227834900,0.0,0.0
2024-11-20 00:00:00-05:00,147.38629113505743,147.53626090336707,142.70703603144835,145.8665313720703,309871700,0.0,0.0
2024-11-21 00:00:00-05:00,149.32598496889756,152.8654088901037,140.67736706254192,146.6464080810547,400946600,0.0,0.0
2024-11-22 00:00:00-05:00,145.90650981286518,147.13632286743956,141.07730047570033,141.92715454101562,236406200,0.0,0.0
2024-11-25 00:00:00-05:00,141.9671640146257,142.02715192160386,135.79815839357323,135.9981231689453,344941900,0.0,0.0
2024-11-26 00:00:00-05:00,137.6778530821544,139.277601884859,135.64818075181995,136.89797973632812,190287700,0.0,0.0
2024-11-27 00:00:00-05:00,134.98827330747284,137.19792446250455,131.77879829463743,135.31822204589844,226370900,0.0,0.0
2024-11-29 00:00:00-05:00,136.75800311530705,139.32759715528792,136.02812477876728,138.22776794433594,141863200,0.0,0.0
2024-12-02 00:00:00-05:00,138.8076612979231,140.42739572538855,137.7978293194704,138.60769653320312,171682800,0.0,0.0
2024-12-03 00:00:00-05:00,138.23776359782383,140.51739577472358,137.92781588392697,140.23744201660156,164414000,0.0,0.0
2024-12-04 00:00:00-05:00,141.97715912549498,145.76654278655016,140.26742746830917,145.1166534423828,231224300,0.0,0.0
2024-12-05 00:00:00-05:00,145.0966598316491,146.52652104015894,143.93676281520223,145.04666137695312,172621200,0.01,0.0
2024-12-06 00:00:00-05:00,144.58670004061705,145.68658966441174,141.29699424160657,142.42689514160156,188505600,0.0,0.0
2024-12-09 00:00:00-05:00,138.9572148926683,139.93712045292858,137.1173878488451,138.79722595214844,189308600,0.0,0.0
2024-12-10 00:00:00-05:00,138.99721154250668,141.80696595909077,133.77769033829185,135.05758666992188,210020900,0.0,0.0
2024-12-11 00:00:00-05:00,137.3473626393387,140.15710166074888,135.19756655561218,139.29718017578125,184905200,0.0,0.0
2024-12-12 00:00:00-05:00,137.0673914713081,138.42726697152892,135.7875104425574,137.32736206054688,159211400,0.0,0.0
2024-12-13 00:00:00-05:00,138.92722683278515,139.58716980719961,132.52780616182653,134.23765563964844,231514900,0.0,0.0
2024-12-16 00:00:00-05:00,134.16764608739564,134.38762706465963,130.40799755691268,131.98785400390625,237951100,0.0,0.0
2024-12-17 00:00:00-05:00,129.07812250532473,131.57789255271604,126.84833189511964,130.3780059814453,259410300,0.0,0.0
2024-12-18 00:00:00-05:00,133.84768927135005,136.68742440979707,128.2682006428492,128.8981475830078,277444500,0.0,0.0
2024-12-19 00:00:00-05:00,131.7478712095932,134.01766661792476,129.5380830968377,130.66796875,209719200,0.0,0.0
2024-12-20 00:00:00-05:00,129.7980572196654,135.26755529215387,128.20820713472543,134.68760681152344,306528600,0.0,0.0
2024-12-23 00:00:00-05:00,136.2674627166313,139.77713434768583,135.1075657604122,139.6571502685547,176053500,0.0,0.0
2024-12-24 00:00:00-05:00,139.98712655305678,141.88694573903672,138.6372445869122,140.2071075439453,105157000,0.0,0.0
2024-12-26 00:00:00-05:00,139.68715493157526,140.8370583714796,137.7173348045662,139.91712951660156,116205600,0.0,0.0
2024-12-27 00:00:00-05:00,138.53725762424156,139.00721560881072,134.69761453351015,136.9973907470703,170582600,0.0,0.0
2024-12-30 00:00:00-05:00,134.81759702407376,140.2570989672278,134.00767398793965,137.47735595703125,167734700,0.0,0.0
2024-12-31 00:00:00-05:00,138.0173106258272,138.05731549303724,133.8176997545706,134.27764892578125,155659200,0.0,0.0
2025-01-02 00:00:00-05:00,135.98748671158143,138.8672266066605,134.61761764692358,138.29727172851562,198247200,0.0,0.0
2025-01-03 00:00:00-05:00,139.99711439640743,144.88666393436952,139.71714137538024,144.4567108154297,229322500,0.0,0.0
2025-01-06 00:00:00-05:00,148.57632545203526,152.14600432101588,147.80640728049391,149.41624450683594,265377400,0.0,0.0
2025-01-07 00:00:00-05:00,153.0159191493047,153.1159160516902,139.99711279126652,140.12710571289062,351782200,0.0,0.0
2025-01-08 00:00:00-05:00,142.5668963792699,143.9367655713296,137.5473535279277,140.0971221923828,227349900,0.0,0.0
2025-01-10 00:00:00-05:00,137.43735839735214,139.90713250101766,134.20765966847648,135.8975067138672,207602500,0.0,0.0
2025-01-13 00:00:00-05:00,129.97805065881337,133.47772877314173,129.49808381781634,133.21774291992188,204808900,0.0,0.0
2025-01-14 00:00:00-05:00,136.0374931021696,136.3674645891877,130.03804480886453,131.7478790283203,195590500,0.0,0.0
2025-01-15 00:00:00-05:00,133.63770458598145,136.43745017340345,131.277920981104,136.22747802734375,185217300,0.0,0.0
2025-01-16 00:00:00-05:00,138.6272498193542,138.73724031386243,133.47772952507327,133.55772399902344,209235600,0.0,0.0
2025-01-17 00:00:00-05:00,136.67743145335606,138.48726255165812,135.44754884500142,137.6973419189453,201188800,0.0,0.0
2025-01-21 00:00:00-05:00,139.14720257048143,141.8169551308445,137.07738566270945,140.81704711914062,197749000,0.0,0.0
2025-01-22 00:00:00-05:00,144.64670591256592,147.77640781491758,143.65679142482674,147.05648803710938,237651400,0.0,0.0
2025-01-23 00:00:00-05:00,145.03666800279981,147.2164602628041,143.706788444335,147.2064666748047,155915500,0.0,0.0
2025-01-24 00:00:00-05:00,148.35634349735062,148.95629439391405,141.86695041120194,142.60687255859375,234657600,0.0,0.0
2025-01-27 00:00:00-05:00,124.78852130861458,128.3881809500624,116.68926041493282,118.40910339355469,818830900,0.0,0.0
2025-01-28 00:00:00-05:00,121.79880142784785,128.9881430022562,116.23931491482392,128.9781494140625,579666400,0.0,0.0
2025-01-29 00:00:00-05:00,126.48836708502724,126.87833061040895,120.03896327722832,123.6886215209961,467120600,0.0,0.0
2025-01-30 00:00:00-05:00,123.08867408422283,124.9885008224628,118.08913405132431,124.63853454589844,392925500,0.0,0.0
2025-01-31 00:00:00-05:00,123.76861793270326,127.83824341487099,119.1790436181177,120.0589599609375,390372900,0.0,0.0
2025-02-03 00:00:00-05:00,114.7394486968032,118.55909714130068,112.99961082645434,116.64927673339844,371235700,0.0,0.0
2025-02-04 00:00:00-05:00,116.94924444838958,121.1888524384042,116.68926621972048,118.63909149169922,256550000,0.0,0.0
2025-02-05 00:00:00-05:00,121.74880228526035,124.98850212428793,120.74889426826606,124.81851959228516,262230800,0.0,0.0
2025-02-06 00:00:00-05:00,127.40827329026631,128.7581551695,125.19847756454047,128.66815185546875,251483600,0.0,0.0
2025-02-07 00:00:00-05:00,129.20811063964976,130.35799871586244,124.9884977355082,129.8280487060547,228186300,0.0,0.0
2025-02-10 00:00:00-05:00,130.0780330404282,134.98758517024453,129.94805537047182,133.55772399902344,216989100,0.0,0.0
2025-02-11 00:00:00-05:00,132.56781502240796,134.4676342706669,131.0079608594355,132.7877960205078,178902400,0.0,0.0
2025-02-12 00:00:00-05:00,130.00805277951918,132.22784993678553,129.0681367435288,131.12794494628906,160278600,0.0,0.0
2025-02-13 00:00:00-05:00,131.54790450828392,136.487452862588,131.15794096754342,135.27755737304688,197430000,0.0,0.0
2025-02-14 00:00:00-05:00,136.46744211776974,139.23719160158925,135.4875365315285,138.8372344970703,195479600,0.0,0.0
2025-02-18 00:00:00-05:00,141.25701494818574,143.4268135927519,137.91731045487123,139.38717651367188,219176600,0.0,0.0
2025-02-19 00:00:00-05:00,139.49716663707372,141.34700263351252,137.2073839146051,139.21719360351562,167536000,0.0,0.0
2025-02-20 00:00:00-05:00,140.01712771481476,140.6470746897965,136.7774200315485,140.0971221923828,143903600,0.0,0.0
2025-02-21 00:00:00-05:00,140.02711787829398,141.4470007486669,134.01767593596887,134.41763305664062,228217600,0.0,0.0
2025-02-24 00:00:00-05:00,136.5474420161462,138.57725415414035,130.06804206967678,130.2680206298828,251381100,0.0,0.0
2025-02-25 00:00:00-05:00,129.96804527013506,130.18802626376245,124.42856133510212,126.61835479736328,271428700,0.0,0.0
2025-02-26 00:00:00-05:00,129.97805439122038,133.71770077604796,128.478192299153,131.26792907714844,322553800,0.0,0.0
2025-02-27 00:00:00-05:00,134.9875872324259,134.99758082030266,119.99896764539281,120.13895416259766,443175800,0.0,0.0
2025-02-28 00:00:00-05:00,118.00914142194866,125.07849083366686,116.38929530836823,124.90850830078125,389091100,0.0,0.0
2025-03-03 00:00:00-05:00,123.49864257535764,123.68861991301428,112.26967207329028,114.04950714111328,411381400,0.0,0.0
2025-03-04 00:00:00-05:00,110.63982667322061,119.29902637351395,110.09987541363249,115.97933197021484,398163300,0.0,0.0
2025-03-05 00:00:00-05:00,117.56918811598004,118.26912068620358,114.49947076595478,117.28921508789062,284337900,0.0,0.0
2025-03-06 00:00:00-05:00,113.51955654224739,115.3393888375433,110.209863429875,110.55982971191406,321181900,0.0,0.0
2025-03-07 00:00:00-05:00,111.2397716760376,113.46957000648335,107.5501084934214,112.67964172363281,341755500,0.0,0.0
2025-03-10 00:00:00-04:00,109.88989097369002,111.83970852661247,105.45029700249104,106.97016143798828,366487400,0.0,0.0
2025-03-11 00:00:00-04:00,106.98015850635034,112.22967568900775,104.76036144852146,108.75,354865700,0.0,0.0
2025-03-12 00:00:00-04:00,114.12000274658203,116.76000213623047,112.87999725341797,115.73999786376953,323857500,0.01,0.0
2025-03-13 00:00:00-04:00,117.02999877929688,117.76000213623047,113.79000091552734,115.58000183105469,299033100,0.0,0.0
2025-03-14 00:00:00-04:00,118.61000061035156,121.87999725341797,118.1500015258789,121.66999816894531,277593500,0.0,0.0
2025-03-17 00:00:00-04:00,122.73999786376953,122.88999938964844,118.02999877929688,119.52999877929688,255501500,0.0,0.0
2025-03-18 00:00:00-04:00,118.0,119.0199966430664,114.54000091552734,115.43000030517578,299686900,0.0,0.0
2025-03-19 00:00:00-04:00,117.2699966430664,120.44999694824219,115.68000030517578,117.5199966430664,273426200,0.0,0.0
2025-03-20 00:00:00-04:00,116.55000305175781,120.19999694824219,116.47000122070312,118.52999877929688,248829700,0.0,0.0
2025-03-21 00:00:00-04:00,116.94000244140625,117.98999786376953,115.41999816894531,117.69999694824219,266498500,0.0,0.0
2025-03-24 00:00:00-04:00,119.87999725341797,122.22000122070312,119.33999633789062,121.41000366210938,228452500,0.0,0.0
2025-03-25 00:00:00-04:00,120.55000305175781,121.29000091552734,118.91999816894531,120.69000244140625,167447200,0.0,0.0
2025-03-26 00:00:00-04:00,118.7300033569336,118.83999633789062,112.70999908447266,113.76000213623047,293463300,0.0,0.0
2025-03-27 00:00:00-04:00,111.3499984741211,114.44999694824219,110.66000366210938,111.43000030517578,236902100,0.0,0.0
2025-03-28 00:00:00-04:00,111.48999786376953,112.87000274658203,109.06999969482422,109.66999816894531,229872500,0.0,0.0
2025-03-31 00:00:00-04:00,105.12999725341797,110.95999908447266,103.6500015258789,108.37999725341797,299212700,0.0,0.0
2025-04-01 00:00:00-04:00,108.5199966430664,110.19999694824219,106.47000122070312,110.1500015258789,222614000,0.0,0.0
2025-04-02 00:00:00-04:00,107.29000091552734,111.9800033569336,106.79000091552734,110.41999816894531,220601200,0.0,0.0
2025-04-03 00:00:00-04:00,103.51000213623047,105.62999725341797,101.5999984741211,101.80000305175781,338769400,0.0,0.0
2025-04-04 00:00:00-04:00,98.91000366210938,100.12999725341797,92.11000061035156,94.30999755859375,532273800,0.0,0.0
2025-04-07 00:00:00-04:00,87.45999908447266,101.75,86.62000274658203,97.63999938964844,611041300,0.0,0.0
2025-04-08 00:00:00-04:00,103.80999755859375,105.8499984741211,94.45999908447266,96.30000305175781,476243400,0.0,0.0
2025-04-09 00:00:00-04:00,98.88999938964844,115.0999984741211,97.52999877929688,114.33000183105469,612918300,0.0,0.0
2025-04-10 00:00:00-04:00,109.37000274658203,110.86000061035156,99.1500015258789,107.56999969482422,437812400,0.0,0.0
2025-04-11 00:00:00-04:00,108.5,111.55000305175781,107.4800033569336,110.93000030517578,313417300,0.0,0.0
2025-04-14 00:00:00-04:00,114.11000061035156,114.29000091552734,109.06999969482422,110.70999908447266,264705000,0.0,0.0
2025-04-15 00:00:00-04:00,110.97000122070312,113.62000274658203,110.5,112.19999694824219,228966900,0.0,0.0
2025-04-16 00:00:00-04:00,104.55000305175781,106.79000091552734,100.44999694824219,104.48999786376953,397016900,0.0,0.0
2025-04-17 00:00:00-04:00,104.44999694824219,104.47000122070312,100.05000305175781,101.48999786376953,290833400,0.0,0.0
2025-04-21 00:00:00-04:00,98.7699966430664,99.44000244140625,95.04000091552734,96.91000366210938,288501100,0.0,0.0
2025-04-22 00:00:00-04:00,98.77999877929688,99.80999755859375,97.27999877929688,98.88999938964844,241004800,0.0,0.0
2025-04-23 00:00:00-04:00,104.5199966430664,104.80000305175781,102.0199966430664,102.70999908447266,247526000,0.0,0.0
2025-04-24 00:00:00-04:00,103.4800033569336,106.54000091552734,103.11000061035156,106.43000030517578,220815000,0.0,0.0
2025-04-25 00:00:00-04:00,106.8499984741211,111.91999816894531,105.7300033569336,111.01000213623047,251064700,0.0,0.0
2025-04-28 00:00:00-04:00,109.69000244140625,110.37000274658203,106.0199966430664,108.7300033569336,207708500,0.0,0.0
2025-04-29 00:00:00-04:00,107.66999816894531,110.19999694824219,107.44000244140625,109.0199966430664,170444300,0.0,0.0
